cliente_id,recency,frequency,monetary,tiempo_cliente,productos_diferentes,canal_preferido,categoria_favorita,segmento,meses_cliente,satisfaccion,tickets_soporte,gasto_ultimo_mes,dias_ultima_compra,churn,clv_estimado,beneficio_bruto,margen_real_pct,dias_ultima_compra_calc,num_transacciones_real,probabilidad_fuga,prediccion_fuga,nivel_riesgo,valor_salvable
PREM_0001,14.502669391060024,7.285684887167434,2157.464501163333,31.85977932194548,20,Online,Gaming,Premium,31.85977932194548,6.8,0,179.78870843027775,1.0,0,3894.702362651606,-1623.52,-1.307354170493928,51,7,0.02770881189772912,0,Bajo,107.91757516435453
PREM_0002,14.42451745239634,5.111540812500801,3001.8392582717515,28.40503848732133,7,Online,Smartphones,Premium,28.40503848732133,8.0,0,250.15327152264595,24.06449623253939,0,5679.03136717149,877.5899999999997,0.016220106824431646,44,6,0.04107327700676276,0,Bajo,233.25642847392928
PREM_0003,8.295813523154088,7.974069364728757,3226.065544218372,28.73983097240877,16,Online,Gaming,Premium,28.73983097240877,8.6,1,268.838795351531,12.969430683569074,0,6625.635970436061,1455.63,0.43214658622201935,44,7,0.04711246865574954,0,Bajo,312.1500669815756
PREM_0004,7.4091201087,11.779205656293184,2286.855688672113,19.783505928515225,11,Online,Laptops,Premium,19.783505928515225,8.8,0,190.5713073893428,21.41472943448662,0,3320.972826799152,-2681.76,-2.7421454100596367,45,11,0.01643175103921455,0,Bajo,54.569398697960246
PREM_0005,6.489322528171636,7.124349920169754,3109.021160325196,32.11028760729767,14,Tienda,Smartphones,Premium,32.11028760729767,8.9,0,259.0850966937664,24.484727658759653,0,7440.897770302087,803.56,-0.022023110910620546,54,8,0.036816702372307,0,Bajo,273.9493185919747
PREM_0006,11.33876154178575,7.62564964933498,2841.010750662297,24.724729355427534,13,Online,Laptops,Premium,24.724729355427534,6.0,0,236.75089588852475,4.398706024356731,0,3536.3547547567946,-451.1199999999999,-0.6617419783196994,44,8,0.031887506520536436,0,Bajo,112.76553530123732
PREM_0007,4.8460139800780135,9.714609083873269,2551.2809167660653,28.64158970032652,12,Tienda,Smartphones,Premium,28.64158970032652,5.7,0,212.6067430638388,1.0,0,3471.3609064152542,295.8599999999998,-0.016910843984101354,45,14,0.03372838224303074,0,Bajo,117.08338755508737
PREM_0008,16.841594532546555,8.697528069015542,2575.2870645457183,17.67027109491054,16,Online,Laptops,Premium,17.67027109491054,5.7,0,214.60725537880987,21.889738708996084,0,2152.263584122722,-2200.28,-0.8647081156827802,46,9,0.026039656754277943,0,Bajo,56.04420497528769
PREM_0009,3.8994296533695714,9.372908629538856,2402.928121138967,34.81946667836979,13,Online,Smartphones,Premium,34.81946667836979,7.9,0,200.24401009491396,11.55123218555686,0,5523.239113152609,-1216.7799999999997,-0.2192902796002964,46,10,0.061550330212536114,0,Bajo,339.9571912573382
PREM_0010,11.457130470727073,7.412989964654779,2578.930006547982,29.257614840776625,20,Online,Laptops,Premium,29.257614840776625,9.9,0,214.9108338789985,13.26686006586875,0,6233.928105279625,-1764.86,-0.6383034699554012,50,7,0.02287133480357315,0,Bajo,142.5782568372547
PREM_0011,15.78152676035027,11.53281371074575,3026.3777592762453,41.21080789183592,15,Online,Gaming,Premium,41.21080789183592,7.6,1,252.1981466063538,11.942863509592431,0,7926.2086038059215,-539.0799999999999,-0.1917034598429727,51,12,0.10371121483160592,0,Bajo,822.0367233094391
PREM_0012,9.27998266352823,8.473188310265455,2631.607074795508,23.168192644018013,17,Online,Smartphones,Premium,23.168192644018013,6.3,0,219.3005895662923,20.40175607943391,0,3194.9403685253924,-2431.79,-1.214246769921827,45,8,0.028798114283285357,0,Bajo,92.00825786107609
PREM_0013,18.52964521572654,6.139717244078735,2535.9733079818097,29.04592461828873,12,Tienda,Smartphones,Premium,29.04592461828873,7.3,1,211.33110899848413,10.25840930818244,0,4501.925183736133,46.16000000000008,0.26482811443728077,47,8,0.06712828869577284,0,Bajo,302.2065334206093
PREM_0014,19.734170517719967,9.827749674501614,3140.6610206545747,29.185453851033195,15,Tienda,Accesorios,Premium,29.185453851033195,7.0,0,261.72175172121456,18.296748653046144,0,5379.049126211022,2090.75,0.6623755699921849,43,10,0.04271946125787068,0,Bajo,229.7900807513549
PREM_0015,9.539465288914675,13.222635283232504,3212.1091076595826,28.567779325117968,19,Online,Accesorios,Premium,28.567779325117968,9.9,0,267.67575897163186,1.0,0,7581.335951101865,-330.1599999999999,-0.6521267387486984,44,15,0.024112703779708342,0,Bajo,182.80650804337267
PREM_0016,10.32596447515827,8.777162446836819,1873.7647583848625,36.93514752161343,15,Tienda,Laptops,Premium,36.93514752161343,5.8,0,156.14706319873855,1.0,0,3362.042186318529,-2325.6800000000003,-3.073521295751996,46,10,0.024514038465597732,0,Bajo,82.41723147837472
PREM_0017,9.642540972223154,10.69920419404205,3014.209291579029,22.456723237914765,16,Online,Laptops,Premium,22.456723237914765,9.2,0,251.1841076315857,5.005092541416444,0,5212.150314795982,-3571.1800000000003,-1.2825880878951312,43,11,0.012532951011019453,0,Bajo,65.32362455740767
PREM_0018,18.71322203929158,5.2510622502809765,3766.492185635501,32.22368341621179,8,Tienda,Accesorios,Premium,32.22368341621179,7.0,0,313.8743488029584,7.658875373522925,0,7106.886904764614,2775.89,0.9056459158762429,53,7,0.028508489233266154,0,Bajo,202.60660880652222
PREM_0019,18.211439103357304,8.120964249051445,2555.2507883372227,30.09298444777973,19,App,Laptops,Premium,30.09298444777973,8.8,0,212.93756569476852,14.71701013295849,0,5611.260514492824,436.17999999999995,0.33528033509686583,49,10,0.04564321283578612,0,Bajo,256.1159579400387
PREM_0020,9.641388573251335,8.403397553672585,2553.2256456041114,35.87218835650472,22,Online,Laptops,Premium,35.87218835650472,7.7,0,212.76880380034265,20.72790516022605,0,5854.216208601506,-3718.26,-3.1716213274453207,48,10,0.027037478293793195,0,Bajo,158.28324366723552
PREM_0021,8.72711726706611,13.18477455137092,2196.3895711001787,18.286491097698143,15,Tienda,Smartphones,Premium,18.286491097698143,8.3,0,183.03246425834823,3.1850978311741915,0,2766.6168402461494,1347.02,0.5883721599209214,44,14,0.042948701962184206,0,Bajo,118.82260211529167
PREM_0022,19.25466630351563,9.809165790235047,2854.0435521889967,28.661843486403832,18,Online,Smartphones,Premium,28.661843486403832,9.4,0,237.8369626824164,11.602779019819684,0,6410.826055787836,-788.0999999999999,-0.051742878549284256,43,10,0.0564303419355331,0,Bajo,361.76510641733256
PREM_0023,14.23643681045811,10.74508318286096,3492.6126030453543,24.180946155397432,16,Online,Smartphones,Premium,24.180946155397432,5.7,0,291.0510502537795,20.48015963337522,0,3990.655106961321,-1378.9400000000003,-1.5676820058738605,43,11,0.03683724713283139,0,Bajo,147.00474839702986
PREM_0024,17.913008459289856,7.241064319506487,2324.968012806652,18.62418516439644,13,Online,Laptops,Premium,18.62418516439644,7.6,0,193.74733440055437,25.17344634232831,0,2739.648343772635,1695.35,0.7729965888860854,53,8,0.0492441272602209,0,Bajo,134.91159168899307
PREM_0025,13.290874241352356,7.345538112895354,3111.607908544704,40.26191130402062,23,Online,Gaming,Premium,40.26191130402062,7.0,0,259.300659045392,29.25751425899673,0,7279.280162736046,1236.78,0.36329866903926805,50,9,0.034829963379860156,0,Bajo,253.53706149983896
PREM_0026,1.7426320741572248,11.285451766587665,1661.9516678902469,32.79274660663313,20,Tienda,Smartphones,Premium,32.79274660663313,9.6,0,138.49597232418722,17.22672420227851,0,4373.3473172708045,-1548.6100000000001,-1.2172543659249455,44,12,0.03091314000139419,0,Bajo,135.19389789351408
PREM_0027,21.103045190268816,9.812453370099856,2540.8346790349765,42.87973605189544,15,App,Smartphones,Premium,42.87973605189544,7.7,0,211.7362232529147,20.03658620889576,1,6996.054644480895,510.52,0.15119752826525362,51,9,0.41657231706568626,0,Medio,2914.3626935695625
PREM_0028,11.42686696513168,7.79879063750083,2615.093228035128,22.10056426818574,9,Online,Gaming,Premium,22.10056426818574,7.5,0,217.924435669594,21.033839752465376,0,3633.870892168579,-525.5400000000001,-0.5546190491135011,49,8,0.05594573324064063,0,Bajo,203.2995715641921
PREM_0029,8.963469353785207,9.300787572952416,3005.053585466296,43.00936671372709,11,Tienda,Smartphones,Premium,43.00936671372709,7.9,0,250.42113212219127,2.854700591872337,0,8546.626021482696,1388.6799999999998,0.08389622789701491,43,9,0.06162828356248328,0,Bajo,526.713891954434
PREM_0030,11.508845003369942,10.2977864825071,3268.165098652001,29.208639697221827,14,Online,Laptops,Premium,29.208639697221827,5.8,0,272.3470915543334,19.505199900247145,0,4598.216813894052,2645.75,0.8444756088513622,46,10,0.03460831801255773,0,Bajo,159.13654978593536
PREM_0031,13.181910097692734,6.805308262866683,3004.553319135372,27.308691945347093,13,Online,Gaming,Premium,27.308691945347093,8.7,0,250.379443261281,24.905547114342102,0,5928.358039295995,1891.1000000000001,-0.14302664323338707,50,9,0.06265364874493305,0,Bajo,371.4332622282513
PREM_0032,12.874732369104564,8.031248616061394,3783.315991824372,29.801882822444828,20,Tienda,Laptops,Premium,29.801882822444828,7.4,0,315.276332652031,5.90329843140365,0,6995.497132530313,2083.97,0.424997648368398,47,8,0.032451241236095045,0,Bajo,227.01256501415233
PREM_0033,10.199738114083026,10.245699864694998,2159.4277423704434,26.860964119829653,22,Online,Smartphones,Premium,26.860964119829653,8.1,0,179.9523118642036,26.381191629118472,0,3903.1501605983863,-2907.11,-2.731445313279453,43,10,0.01342840901467854,0,Bajo,52.413096802223365
PREM_0034,1.0,8.463473876100975,2489.2526465166197,35.14260291439084,14,Online,Smartphones,Premium,35.14260291439084,7.8,0,207.4377205430516,1.0,0,5688.128031919752,-2454.82,-1.1360219596280003,45,9,0.02645097011578447,0,Bajo,150.4565045870653
PREM_0035,17.956180695537917,10.755650336960228,2539.8098039368915,25.261530891004806,14,Online,Accesorios,Premium,25.261530891004806,6.0,0,211.65081699474092,36.84454655056749,0,3186.4821786176926,-1712.8600000000001,-1.229269270782071,57,10,0.024536689910503184,0,Bajo,78.18572512208694
PREM_0036,13.44067600854206,12.437198748027372,3319.642309625679,27.171391200787014,11,Tienda,Smartphones,Premium,27.171391200787014,6.8,0,276.63685913547323,1.0,0,5136.595544592502,-663.0300000000002,-0.2770754485127239,48,12,0.0313583367547138,0,Bajo,161.0750928600942
PREM_0037,5.186470242579381,8.888904602206763,3030.439269363585,27.73844201524725,13,Tienda,Gaming,Premium,27.73844201524725,7.5,0,252.53660578029871,11.866651290656849,0,5245.621175158342,-248.5599999999999,-0.7161938423918938,48,9,0.0469515111645594,0,Bajo,246.28984117049612
PREM_0038,13.9403764464531,4.874948652176501,4205.185121507797,19.185161600145918,12,Online,Gaming,Premium,19.185161600145918,6.4,0,350.43209345898305,15.622275220883571,0,4286.435319688473,4537.75,0.4838321168296065,44,7,0.027335862208074647,0,Bajo,117.1734052628285
PREM_0039,14.989472126447206,8.418615383937913,4033.055565172884,25.44511993973073,9,Online,Smartphones,Premium,25.44511993973073,9.9,1,336.087963764407,20.653274481143526,0,8506.615028737593,1244.49,0.17148201722402995,44,10,0.032635902296710664,0,Bajo,277.62105695361066
PREM_0040,6.878835487058977,6.396793348516001,2830.5055414816934,24.09087931689536,14,App,Smartphones,Premium,24.09087931689536,5.8,0,235.87546179014112,2.206154144261939,0,3296.0552412378565,-110.64999999999992,-0.1768689357223001,54,9,0.04152090148601505,0,Bajo,136.8551849639006
PREM_0041,19.85890053166556,9.070527103943457,2380.1646952044484,29.711839285873776,6,App,Smartphones,Premium,29.711839285873776,8.6,1,198.34705793370404,22.47033617498833,0,5047.550469929299,493.18000000000006,0.21142066207823557,52,9,0.06620602273000205,0,Bajo,334.1782411429717
PREM_0042,12.71251370304426,9.071270919700911,3279.8147335511244,28.55204409087227,10,Tienda,Laptops,Premium,28.55204409087227,9.6,1,273.3178944625937,25.568535230535552,0,7496.841442682286,-3506.23,-1.262472751926414,46,10,0.018383522054019937,0,Bajo,137.81834999704043
PREM_0043,15.405608369515315,7.024128308406917,2817.172335740696,35.74898525043537,14,Online,Accesorios,Premium,35.74898525043537,10.0,0,234.76436131172463,17.90997489513519,0,8392.587689860724,186.08999999999995,-0.02489957589005894,50,8,0.07013345826666319,0,Bajo,588.6011984961583
PREM_0044,8.515012475540283,8.546501145403548,2337.348075697336,32.60939679576881,14,Online,Laptops,Premium,32.60939679576881,8.9,0,194.7790063081113,8.37531435976175,0,5661.616622807846,1548.48,0.5384980497981917,43,9,0.05021100931127987,0,Bajo,284.27548496470166
PREM_0045,18.74856654029026,10.7632795138989,2795.216415210029,39.83955311112021,7,Tienda,Gaming,Premium,39.83955311112021,7.9,0,232.93470126750245,31.99118732734101,0,7354.711208842978,-1155.15,-1.0946654344413909,44,12,0.058978315792819966,0,Bajo,433.7684802401338
PREM_0046,17.9177357113153,12.972272812453763,1886.154256671788,18.913076019942025,19,Online,Accesorios,Premium,18.913076019942025,9.2,0,157.17952138931568,5.217971140422442,0,2725.787274532892,-1897.8000000000002,-0.7451228854652683,44,14,0.024102952040743555,0,Bajo,65.69951995133538
PREM_0047,12.110763726464851,9.254730957074312,2583.146296343813,26.092053060927533,9,Online,Accesorios,Premium,26.092053060927533,10.0,1,215.2621913619845,23.67689325241393,1,5616.632519028435,219.42000000000004,0.028896308661075527,45,11,0.12192205929821019,0,Bajo,684.7914030412405
PREM_0048,12.69586531667828,10.815743894484855,2794.7256662179866,31.611289589179982,16,Online,Smartphones,Premium,31.611289589179982,6.8,1,232.89380551816555,17.491975909309918,0,4996.43700678093,741.95,-0.3006882534611496,47,11,0.0711913460105482,0,Bajo,355.70307576964893
PREM_0049,9.349504964216614,10.141197337186318,2342.04450607449,13.560943194683848,14,Online,Laptops,Premium,13.560943194683848,9.9,0,195.1703755062075,3.833702240112414,0,2620.439518671564,2176.56,0.5091485366807559,45,16,0.04689619567855445,0,Bajo,122.8886444314387
PREM_0050,11.146109452370665,9.277015924776885,3258.551319165414,28.0863853184776,11,Online,Gaming,Premium,28.0863853184776,5.7,0,271.5459432637845,33.0274485950091,0,4368.303701225004,-4547.51,-2.8299437288542624,43,10,0.015490857230517628,0,Bajo,67.66876897521827
PREM_0051,9.59212528441446,10.52050218927072,3463.797462897065,34.17310519441069,15,Online,Laptops,Premium,34.17310519441069,7.1,0,288.64978857475546,9.68817617632264,0,7044.807245975763,984.3700000000001,0.2586693629517507,48,13,0.0515040120018009,0,Bajo,362.83583694710967
PREM_0052,9.761032101086911,12.010050229321642,2494.9564270637484,18.065275866355734,20,Online,Smartphones,Premium,18.065275866355734,10.0,0,207.9130355886457,1.0,0,3756.006344120322,-2548.66,-1.4918199116029742,44,12,0.008647269629303046,0,Bajo,32.479199586981224
PREM_0053,13.350410648300809,8.176246067755065,2507.436265556504,24.539534497443032,15,Online,Smartphones,Premium,24.539534497443032,8.5,1,208.95302212970864,2.1667865060233518,0,4361.987041538456,434.0200000000002,0.08986972824846727,48,10,0.07076319287020252,0,Bajo,308.6681303177098
PREM_0054,18.83716997891849,10.649800372257468,3863.4267921865576,24.813012878584413,19,Tienda,Accesorios,Premium,24.813012878584413,7.3,1,321.95223268221315,21.26382070197573,0,5809.832126915673,628.94,-0.05864539833744126,43,10,0.032200471245450016,0,Bajo,187.07933234363983
PREM_0055,5.678992253025892,9.03210683728786,2656.492800381898,34.58483980596006,14,Tienda,Accesorios,Premium,34.58483980596006,7.3,1,221.37440003182488,19.494827283506165,0,5603.706740639257,1639.4900000000002,0.13663805956678368,43,10,0.06164806069168517,0,Bajo,345.4576532453342
PREM_0056,4.530592694523563,7.470417226089099,3349.7027593627727,36.722903293549166,13,Tienda,Smartphones,Premium,36.722903293549166,8.0,0,279.1418966135644,11.017987598081676,0,8161.364962720121,1296.5700000000002,0.4091309916250716,43,7,0.1162930490582717,0,Bajo,949.1100159920709
PREM_0057,10.162556401839025,7.300311261070417,3298.2014899265478,21.15132939272906,12,Online,Gaming,Premium,21.15132939272906,7.4,0,274.8501241605456,14.179404849768828,0,4324.280930714296,2122.1600000000003,0.550509430695271,51,8,0.06551861514041848,0,Bajo,283.32089805852064
PREM_0058,21.028793124372555,7.132723781474151,4704.665282276055,29.457924837253227,13,Tienda,Accesorios,Premium,29.457924837253227,9.9,0,392.0554401896713,20.483547380539395,0,11462.745074347353,3370.92,0.8606164605119145,43,7,0.03689747556146807,0,Bajo,422.94635624806995
PREM_0059,17.543613285164398,11.017205899697672,1820.6691523428888,30.247714567345596,12,App,Laptops,Premium,30.247714567345596,8.0,0,151.7224293619074,10.334926982011725,0,3684.5666163729634,-2010.8999999999999,-1.9226279547771425,46,11,0.029821276455554466,0,Bajo,109.87847968576504
PREM_0060,10.372223064511674,6.095591913058205,3288.2131455739905,15.990684413255304,19,Online,Smartphones,Premium,15.990684413255304,10.0,0,274.01776213116585,5.499492309165353,0,4381.731557865934,956.03,0.4019968430361051,43,6,0.02302020501035092,0,Bajo,100.8683587623981
PREM_0061,12.437579178419572,10.451533247797384,3088.605539042028,29.791072194233053,16,Tienda,Laptops,Premium,29.791072194233053,6.7,0,257.383794920169,7.6384792825770225,0,5165.786222751144,-2717.27,-1.6105583877993808,46,10,0.014331220161336597,0,Bajo,74.03201966464603
PREM_0062,9.490324462490092,8.009221514137506,3051.303648321092,24.885694466180052,12,Online,Accesorios,Premium,24.885694466180052,6.2,0,254.27530402675768,3.652484311494815,0,3928.6951791282095,629.63,0.0801900377983135,43,9,0.030738466562203165,0,Bajo,120.76206539672124
PREM_0063,9.647652694741788,8.733198284216911,3442.597880323153,23.33759518869602,12,App,Laptops,Premium,23.33759518869602,9.2,1,286.88315669359605,25.91268625283255,0,6179.423667829722,2763.73,0.5253904020208726,43,8,0.03483455575988113,0,Bajo,215.25747832094365
PREM_0064,5.777000096513486,3.4307287104357997,2896.8119355273416,34.20378057991132,10,Online,Smartphones,Premium,34.20378057991132,9.3,0,241.4009946272785,10.033646753127975,0,7681.473029934914,1830.44,0.6370439625236651,53,4,0.03414009495607297,0,Bajo,262.2462186444915
PREM_0065,11.076261879165289,10.392412729626836,3909.373656967208,37.01252023638206,9,Online,Smartphones,Premium,37.01252023638206,7.8,0,325.7811380806006,1.0,0,9363.121762730738,1859.81,0.3976466512639887,47,13,0.026857539675789122,0,Bajo,251.47041423178538
PREM_0066,9.686744308290796,7.17888431052024,2277.481211412203,15.104310562799323,13,Online,Laptops,Premium,15.104310562799323,6.3,1,189.7901009510169,9.346400407230176,0,1815.9728018451517,-2160.8900000000003,-0.9003403321005381,45,9,0.02198112703240437,0,Bajo,39.91712884474957
PREM_0067,22.279707358761332,6.7857910907999575,3633.1493614241726,6.725189143605018,13,Tienda,Accesorios,Premium,6.725189143605018,10.0,0,302.7624467853477,32.17757980029539,1,2036.1347202121128,2238.2400000000002,0.6731049810045646,49,7,0.43013469097105533,0,Medio,875.8121786538734
PREM_0068,10.805448832805927,7.568380262262766,2865.839583512676,26.52851075672817,11,Tienda,Smartphones,Premium,26.52851075672817,7.9,0,238.81996529272297,1.0,0,4977.374814567504,3502.79,0.7943805934232874,47,10,0.027602806422407335,0,Bajo,137.3895134982724
PREM_0069,15.742713572589844,11.543110189988315,3233.003238425941,18.967585830262166,17,Tienda,Accesorios,Premium,18.967585830262166,10.0,0,269.4169365354951,8.568576695012332,0,5110.188867863298,2540.35,0.7822893368673773,43,11,0.04767245262041879,0,Bajo,243.61523668460458
PREM_0070,15.447860340240624,10.246798877832704,2807.8003038970755,28.492548965003607,21,Online,Accesorios,Premium,28.492548965003607,10.0,0,233.98335865808963,12.905192588628635,0,6666.782303561619,-1725.76,-0.7198427776024781,50,11,0.026738453753725803,0,Bajo,178.25945030993992
PREM_0071,5.3208833117264,12.529373868525438,2055.0992614305264,21.469556727561237,12,Online,Smartphones,Premium,21.469556727561237,7.8,0,171.2582717858772,14.006398029865816,0,2883.6175502661517,566.51,0.08293630879320328,47,12,0.048645264169585256,0,Bajo,140.27433749674924
PREM_0072,16.74084116604356,7.659921612889306,3369.8296483575623,25.11210016595281,17,Tienda,Accesorios,Premium,25.11210016595281,6.5,0,280.8191373631302,28.779052367531555,0,4597.517580958106,1733.9499999999998,0.3033635942316479,43,8,0.046883419398318915,0,Bajo,215.54734493920353
PREM_0073,12.45691059464816,9.300603522923756,2581.8326726716864,27.54443501023146,11,Tienda,Accesorios,Premium,27.54443501023146,5.7,0,215.15272272264053,16.555847872332524,0,3381.1300829949696,-538.0000000000001,-0.4482513347067934,43,9,0.05041566747327819,0,Bajo,170.46192994817187
PREM_0074,14.4695592388813,6.599660007196782,2173.303152160073,26.220842240897262,19,Tienda,Laptops,Premium,26.220842240897262,7.2,0,181.1085960133394,11.735859098017905,0,3414.023197603517,-293.90999999999997,-1.370149770209247,47,9,0.04634277187390726,0,Bajo,158.21529821876717
PREM_0075,5.481628056094691,10.103727310619002,4003.344427383972,33.7407326383444,18,Online,Smartphones,Premium,33.7407326383444,9.3,0,333.612035615331,1.0,0,10498.279461763985,-1937.6299999999999,-0.8017055332050674,46,14,0.01705386168574578,0,Bajo,179.03620587922865
PREM_0076,8.404800367030143,7.180732205020055,2256.0527961885755,34.75553880823495,15,Tienda,Smartphones,Premium,34.75553880823495,8.1,0,188.0043996823813,16.73534476422273,0,5318.006708290333,1635.8700000000001,0.7462947399647366,48,11,0.05949352037963851,0,Bajo,316.38694047872525
PREM_0077,4.636503074673419,6.4408460665285965,2425.1088533825928,28.20872840168667,9,Online,Gaming,Premium,28.20872840168667,6.3,0,202.0924044485494,6.596742077616899,0,3612.2646703454297,2070.79,0.7215014769023069,48,7,0.04082759661346126,0,Bajo,147.48008482192083
PREM_0078,11.0999763865185,11.415184340860524,2938.292328762102,31.45846984952616,9,Online,Accesorios,Premium,31.45846984952616,6.5,0,244.8576940635085,1.0,0,4998.270177416402,-1051.6100000000001,-0.8993445482049022,43,13,0.030438742390419275,0,Bajo,152.1410583280931
PREM_0079,14.430267457325437,5.961640034027646,2796.798117498002,22.72984939374915,15,Tienda,Smartphones,Premium,22.72984939374915,8.7,0,233.06650979150012,17.041913485570312,0,4628.112236087035,191.44999999999985,0.25317000272366286,62,5,0.04890074002521561,0,Bajo,226.3181132644114
PREM_0080,6.927913953427727,6.341708345676968,3792.987025441951,22.36576695528085,15,Online,Laptops,Premium,22.36576695528085,7.7,0,316.0822521201626,15.76355929377857,0,5413.867664341465,1312.34,0.4728266501530291,51,6,0.04837408829358098,0,Bajo,261.89091240461704
PREM_0081,14.529630956222084,10.94510889925346,3173.0859773303177,15.438202240876349,12,App,Smartphones,Premium,15.438202240876349,7.8,0,264.4238314441931,26.20705148225872,0,3199.6388381773363,853.7399999999998,-0.27275400562247804,44,10,0.03504280138484664,0,Bajo,112.12430830948985
PREM_0082,14.654948855552083,11.020282920857236,2278.8356864406373,28.358134936759228,22,Tienda,Smartphones,Premium,28.358134936759228,7.1,0,189.9029738700531,19.048257226996085,0,3797.122880763052,658.9300000000001,0.21611834990607834,50,13,0.052900553050849924,0,Bajo,200.86990039440192
PREM_0083,17.145074453618406,11.124419701827424,2527.753414878135,33.063533070347724,13,App,Smartphones,Premium,33.063533070347724,8.2,1,210.64611790651125,21.91632640001011,0,5703.295889639762,-2102.12,-0.801986867670804,44,12,0.03612590155248531,0,Bajo,206.03670583382018
PREM_0084,10.758617536176056,9.231369643989058,2049.402201410892,48.84781973567615,11,Tienda,Accesorios,Premium,48.84781973567615,6.0,0,170.783516784241,13.23696098352513,0,4972.742746719375,-1428.12,-1.4339865336263178,46,11,0.05338020006064528,0,Bajo,265.44600267000294
PREM_0085,11.84177938457338,10.363001394745249,2816.991025678277,28.23804911596596,11,Online,Accesorios,Premium,28.23804911596596,7.6,0,234.7492521398564,1.0,1,5063.271038575591,993.04,0.46003645772274115,53,10,0.02878463800145312,0,Bajo,145.74442394863996
PREM_0086,15.609018693556768,4.976163993592457,3411.3321971334885,27.599046594597997,14,Online,Accesorios,Premium,27.599046594597997,8.8,0,284.27768309445736,1.0,0,6928.218555347549,3361.66,0.8534831050226669,48,6,0.03354150009335282,0,Bajo,232.38284332095856
PREM_0087,13.65028158657649,5.140630807371686,2409.649095065886,36.34836727429243,15,Online,Laptops,Premium,36.34836727429243,8.0,0,200.80409125549048,15.69389904016057,0,5853.7886671128135,589.23,0.3392525277324045,57,5,0.04884350614415619,0,Bajo,285.9195627287166
PREM_0088,10.24933732078918,6.627329809557256,4358.62278594063,22.797032447439783,11,Online,Accesorios,Premium,22.797032447439783,8.4,0,363.2185654950525,3.965020600431631,0,6984.243906597468,2172.6,0.8017317615662769,45,6,0.025749392425937784,0,Bajo,179.84003714944296
PREM_0089,18.31828858292285,7.954279945693464,2547.8879097424856,25.74572312911594,12,Online,Laptops,Premium,25.74572312911594,7.8,0,212.32399247854048,31.566633148691423,0,4238.478604083298,-309.6800000000002,-0.11122283815209418,47,7,0.05113209752595777,0,Bajo,216.72230134567255
PREM_0090,5.634742016496372,10.27326296882563,2652.958229010198,20.934742039228183,17,Tienda,Accesorios,Premium,20.934742039228183,6.4,1,221.0798524175165,8.943094235303311,0,2957.122083996909,-597.81,-1.291950754332911,47,10,0.04350399399483559,0,Bajo,128.64662138419723
PREM_0091,21.238891021624745,7.672206172906669,3500.261748630181,40.96886846230172,14,Online,Laptops,Premium,40.96886846230172,5.1,0,291.6884790525151,20.72943235932959,0,6072.668944618305,-1986.3000000000002,-1.0609421880722303,45,7,0.02355010836226048,0,Bajo,143.01201169389506
PREM_0092,13.87425397348609,10.01637955498426,2050.494963205572,32.57184557261588,14,Tienda,Accesorios,Premium,32.57184557261588,6.5,1,170.87458026713094,17.356331282341635,0,3623.269316649863,-1355.0400000000002,-0.5752229098276987,47,11,0.05241736366796995,0,Bajo,189.92222543783285
PREM_0093,17.68201699195942,7.858507412501048,2300.586656137463,31.771324451091232,17,Online,Accesorios,Premium,31.771324451091232,7.2,0,191.7155546781219,13.504677393718367,0,4373.942341257299,1200.22,0.694937277682127,44,9,0.0643941302141736,0,Bajo,281.65621267220985
PREM_0094,11.467767661315726,11.25135756873926,1903.7022152714555,22.271551034128045,13,App,Laptops,Premium,22.271551034128045,6.5,0,158.6418512726213,4.600102408885997,0,2282.350814308484,-1685.4,-0.7708547357223211,43,14,0.02832539946752128,0,Bajo,64.6484985403103
PREM_0095,14.173996411157368,11.167219307810942,2289.6661248026826,28.837882389105044,12,Online,Smartphones,Premium,28.837882389105044,5.5,1,190.80551040022357,8.151569905734785,1,3008.664567862913,-343.75,0.11286323606038377,45,12,0.1420336375956804,0,Bajo,427.3315728788054
PREM_0096,12.1823686578802,7.738015740252106,3344.4968610503533,28.2871563981416,14,Tienda,Smartphones,Premium,28.2871563981416,8.1,0,278.7080717541961,1.0,0,6412.085772597215,1231.3,0.9102314023863127,44,8,0.028655843142221273,0,Bajo,183.7437241140145
PREM_0097,14.335712741303857,8.28141581842588,3154.3928984153854,36.86962864466327,16,Tienda,Laptops,Premium,36.86962864466327,7.9,0,262.8660748679488,12.539191613229873,0,7652.463818581093,107.18999999999994,-0.4555536422358554,51,10,0.07459378010897107,0,Bajo,570.8262033750951
PREM_0098,12.779411284807388,8.682651112578727,2775.027104024491,32.44845318263085,19,App,Smartphones,Premium,32.44845318263085,6.4,1,231.2522586687076,9.192327063483663,0,4814.128323821557,2015.98,0.8093875193576626,45,10,0.03816340652654003,0,Bajo,183.72353629293283
PREM_0099,9.241838715678536,9.98991103512305,3050.9515328716,31.20329623390749,14,Online,Laptops,Premium,31.20329623390749,10.0,0,254.24596107263332,7.533391137246788,0,7933.312039623892,-1634.8600000000001,-0.8863630627750093,46,9,0.02503834531691669,0,Bajo,198.63700635495567
PREM_0100,14.610138775037916,5.214908029392072,2630.134599258848,20.943781270340573,9,Online,Smartphones,Premium,20.943781270340573,9.4,1,219.17788327157064,7.33450237557562,0,4303.404307706734,1083.54,0.8964368910071486,64,5,0.0370785656751814,0,Bajo,159.56405925016264
PREM_0101,11.618817870452192,9.55804305154068,3164.7379058299234,29.492872985250862,16,Online,Smartphones,Premium,29.492872985250862,7.8,0,263.7281588191603,2.464015939776287,1,6049.715624772154,-626.96,-0.2302395207862963,46,12,0.20806989936347198,0,Bajo,1258.763721223966
PREM_0102,15.007610472130793,10.953798156074132,2382.7470220660143,27.667439219659805,13,Tienda,Gaming,Premium,27.667439219659805,6.5,0,198.56225183883453,14.660384364932275,0,3565.910279648897,-3076.1,-1.7379437452760165,49,12,0.02342460945013293,0,Bajo,83.53005563498971
PREM_0103,11.475846372004016,4.929519518748992,3239.274164399844,36.64055200257732,13,App,Smartphones,Premium,36.64055200257732,7.2,0,269.93951369998695,10.893270463449907,1,7155.642539971308,2199.58,0.6573860948223117,48,7,0.3287952319852301,0,Medio,2352.741148933247
PREM_0104,17.19463893665734,9.215359739453213,3300.451431164982,24.04237304865774,17,Online,Accesorios,Premium,24.04237304865774,6.6,0,275.03761926374847,24.69468773649536,0,4377.906496206439,2404.55,0.9210755318279604,49,9,0.0341441423933474,0,Bajo,149.47986279123327
PREM_0105,14.600804711834645,8.801648272441234,3907.9821976286,19.43932186939078,12,App,Smartphones,Premium,19.43932186939078,8.6,1,325.66518313571663,38.20911155602168,0,5425.839774679774,2396.88,0.5004398757040196,45,9,0.029670357908726068,0,Bajo,160.98660807015048
PREM_0106,16.653941832125035,7.141335611795453,2331.8190076858573,33.12151858965699,18,Tienda,Gaming,Premium,33.12151858965699,10.0,0,194.3182506404881,29.763250103970748,0,6436.115550898554,828.9399999999998,0.5003666566548725,45,8,0.08141519167908762,0,Bajo,523.9975812451623
PREM_0107,14.022007242445964,8.94215023165026,2961.8016144382423,26.159548515228938,15,Online,Gaming,Premium,26.159548515228938,8.9,0,246.81680120318688,17.50203035344128,0,5768.036528011707,-227.43,0.13494422614275411,48,10,0.06366628687036491,0,Bajo,367.2294682711369
PREM_0108,18.55245099819056,12.00207768000892,3019.3040408960155,15.362215434305623,10,Tienda,Smartphones,Premium,15.362215434305623,8.0,0,251.608670074668,12.79039007888224,0,3078.5724011598486,-691.07,-0.5611954652091601,44,13,0.04604815616335312,0,Bajo,141.7625826887977
PREM_0109,15.362574195954895,7.694752041395218,2532.289940071132,12.883674152435752,12,Tienda,Gaming,Premium,12.883674152435752,8.4,0,211.02416167259435,38.74020743421043,0,2275.8639131398213,-299.97999999999985,-0.43228956262153595,51,7,0.06194402001894226,0,Bajo,140.97615979592135
PREM_0110,16.860620035487017,10.484169177047598,3363.9088621178125,34.76810835737015,9,Tienda,Accesorios,Premium,34.76810835737015,10.0,0,280.3257385098177,12.585425207453689,0,9746.395651869152,1106.51,0.8074625577872796,43,10,0.03407850237814479,0,Bajo,332.14256740056294
PREM_0111,21.608105127341823,8.95479382111036,3114.9332671983702,42.25300072340293,14,Online,Smartphones,Premium,42.25300072340293,6.5,0,259.57777226653087,34.36847059957453,0,7168.097449123203,1790.9299999999998,0.372708851143183,49,10,0.10814807671936741,0,Bajo,775.2159528596779
PREM_0112,10.115567310789205,11.150248550434576,3179.269660761027,20.169866817109973,17,Tienda,Gaming,Premium,20.169866817109973,6.3,1,264.93913839675224,3.2246020043415005,0,3377.5512948743103,77.40999999999983,-0.049217534820786085,44,14,0.04440886587542301,0,Bajo,149.99322244143457
PREM_0113,17.597421746344008,10.849267365825538,2835.778221952105,22.82450577835541,12,Online,Gaming,Premium,22.82450577835541,7.5,0,236.31485182934205,18.34787917631937,0,4053.1050886423914,-1127.63,-0.9171735912712126,44,11,0.057517611217914044,0,Bajo,233.1249227138821
PREM_0114,20.62353963529785,11.344478493516789,2739.5062058888752,39.98851871092064,4,Online,Laptops,Premium,39.98851871092064,9.3,0,228.2921838240729,2.9256013783092385,0,8527.868286586414,1327.69,0.4673446450444332,44,13,0.050575389228573464,0,Bajo,431.30025788411575
PREM_0115,7.873695012519368,7.94140352490756,3171.2119287087435,37.034595500316,13,Tienda,Laptops,Premium,37.034595500316,7.0,0,264.2676607257286,1.0,0,6835.765800989474,-629.4199999999998,-0.32929280177263515,52,7,0.03216884520291411,0,Bajo,219.89869189540457
PREM_0116,14.02396443983814,5.005177313080987,2293.9761072763717,27.891603615620323,12,Online,Accesorios,Premium,27.891603615620323,8.5,0,191.16467560636428,1.0,0,4554.618239664394,264.22000000000014,-0.16049106713821043,44,6,0.02995311322315403,0,Bajo,136.4249958209101
PREM_0117,10.97049385030662,5.662831852244821,3039.533873563168,33.17756751762193,16,Online,Gaming,Premium,33.17756751762193,7.8,1,253.2944894635973,3.3601367870665486,0,6580.291715186689,2468.58,0.8499529942536794,48,5,0.04977020921073001,0,Bajo,327.50249533247495
PREM_0118,12.114387106873377,12.160465174701642,3371.376076622326,51.56970261330581,14,Online,Gaming,Premium,51.56970261330581,6.9,1,280.9480063851938,19.86947976568428,0,10034.1815261276,2180.5,0.6992458822962155,44,15,0.051501747839786324,0,Bajo,516.777886737266
PREM_0119,5.4681908778320665,7.854463150902948,3280.2989450595837,29.434196835413477,10,Tienda,Accesorios,Premium,29.434196835413477,8.1,1,273.3582454216319,13.567801457089816,0,6547.099229863539,212.40000000000003,-0.0427542880438313,45,8,0.03716288547443463,0,Bajo,243.3090988691779
PREM_0120,14.997209669590012,7.565424100087844,3794.193081822865,15.67665062488771,15,Tienda,Smartphones,Premium,15.67665062488771,9.5,0,316.1827568185721,31.42099176154879,0,4721.738394376925,1329.58,0.43848675036593576,43,8,0.03694686042062146,0,Bajo,174.45340939973352
PREM_0121,11.89778371603422,11.345458038518728,3126.16009275666,25.035085343311152,13,Online,Laptops,Premium,25.035085343311152,5.3,0,260.5133410630549,9.792733918502137,0,3462.245694277167,1432.02,0.6056955460681698,43,11,0.06218477643306508,0,Bajo,215.2989744549678
PREM_0122,13.072867233110784,7.572766888518473,2275.6297927051446,14.990258283290082,18,Tienda,Gaming,Premium,14.990258283290082,6.9,0,189.6358160587621,16.60722840216266,0,1969.243464725642,-817.9300000000001,-1.0015368389854884,47,7,0.06267664537692554,0,Bajo,123.42557429943724
PREM_0123,5.776405398040418,8.455208059000382,1542.9054863920087,30.033391137969616,18,Online,Accesorios,Premium,30.033391137969616,9.6,0,128.57545719933407,1.0,0,3703.5572502930977,-415.47,-0.5155865993233236,44,9,0.03541922554357725,0,Bajo,131.17712956168202
PREM_0124,6.813992930076684,5.974808998322368,1817.965005220396,37.645531680651445,14,Tienda,Gaming,Premium,37.645531680651445,7.9,0,151.4970837683663,19.934456617607008,1,4497.878252780514,2841.24,0.849925745625314,45,7,0.06302843388490653,0,Bajo,283.49422207773557
PREM_0125,16.12113381612737,9.477578318053029,2644.574712507578,26.429201207320173,11,Tienda,Gaming,Premium,26.429201207320173,7.4,0,220.38122604229815,12.357967122864787,0,4292.817378978795,-859.93,-0.6758539170774321,43,10,0.06439622441025505,0,Bajo,276.44123128896143
PREM_0126,12.596709041379745,8.044639708211585,2425.677882393928,23.706091678067924,7,Tienda,Gaming,Premium,23.706091678067924,9.1,1,202.1398235328273,20.14906437976419,1,4355.032711340119,1920.92,0.654093149326736,45,10,0.05734389508469827,0,Bajo,249.7345388895168
PREM_0127,12.557370374485057,9.90506978364267,2719.8520952168706,36.68693073494245,14,Tienda,Gaming,Premium,36.68693073494245,8.1,0,226.65434126807256,21.966650675956828,0,6721.283554394569,-2374.85,-1.5526487637720703,44,9,0.04096497001249739,0,Bajo,275.3371792512654
PREM_0128,9.069263234969524,10.010854293249636,3159.9965247549026,21.51941532632408,9,App,Accesorios,Premium,21.51941532632408,10.0,0,263.3330437295752,21.741870239065776,0,5666.77313716179,118.3599999999999,0.12489071928359316,44,12,0.03585858391057164,0,Bajo,203.20246004108932
PREM_0129,15.480270922755016,9.99136377594521,2890.251343086146,30.919688019729804,13,App,Gaming,Premium,30.919688019729804,9.4,0,240.85427859051217,25.49201853508017,0,6967.42423020733,-1324.2,-0.2280040340152279,46,10,0.05806014949917935,0,Bajo,404.5296924300422
PREM_0130,10.391860758619105,9.55806085092508,3170.817226590172,29.128293246580512,14,Online,Gaming,Premium,29.128293246580512,7.9,0,264.23476888251435,1.0,0,6083.492226917612,-1389.62,-0.7090186923182468,49,9,0.02516652346166408,0,Bajo,153.10034985757315
PREM_0131,16.020570293112073,8.495239913071101,3004.360011459915,39.481452393520414,12,Tienda,Laptops,Premium,39.481452393520414,8.7,0,250.36333428832623,13.442949186458668,0,8602.896728405834,702.94,0.3010154022028408,52,8,0.04658655577815212,0,Bajo,400.77932829156083
PREM_0132,15.159600320151496,8.21714896662653,1918.552263618275,20.806706983983688,15,Tienda,Laptops,Premium,20.806706983983688,5.9,0,159.8793553015229,12.07326468175028,0,1972.391527416579,1690.58,0.8563096353058953,44,10,0.04611057377745914,0,Bajo,90.94810504297749
PREM_0133,18.378020252899887,7.306077303363344,2205.164590326216,10.772879091170282,10,Online,Laptops,Premium,10.772879091170282,7.6,1,183.763715860518,15.764673566701951,0,1498.1491370396932,-1423.94,-0.8112746243836116,48,10,0.04971491481344016,0,Bajo,74.48035672575723
PREM_0134,7.246053112294271,9.62415883763934,3561.506309525877,33.58189702519563,13,App,Laptops,Premium,33.58189702519563,9.0,0,296.7921924604898,24.355101944429517,0,8967.895192017073,-349.43000000000006,-1.1820013354191075,44,9,0.03368601852597929,0,Bajo,302.09268357732776
PREM_0135,10.18302289938695,8.960129209508379,2105.9534649688308,15.737633181901236,12,Tienda,Accesorios,Premium,15.737633181901236,8.3,0,175.4961220807359,1.0,0,2294.414059748001,389.0000000000001,0.33376612490344576,44,8,0.028009359076511454,0,Bajo,64.26506726967817
PREM_0136,16.089763809575242,4.628579035049315,3312.9402277724257,35.83528720667249,14,Online,Gaming,Premium,35.83528720667249,9.5,0,276.07835231436883,14.628997257038698,0,9366.812302181905,1676.2800000000002,0.7715814844291228,45,4,0.047687038245308074,0,Bajo,446.67553649077064
PREM_0137,15.03571435914706,9.562382847938752,2862.5206623711256,27.499254976803822,12,Online,Gaming,Premium,27.499254976803822,9.0,0,238.54338853092716,10.678604015073407,0,5908.641551272788,853.4200000000001,0.4239613044467685,43,9,0.039804417400830565,0,Bajo,235.19003457875306
PREM_0138,20.196715690739293,9.556212038183922,2834.677351351132,34.157262010765,14,Tienda,Laptops,Premium,34.157262010765,6.6,0,236.2231126125943,16.262634128119235,0,5297.1404599590105,1016.19,0.2785487319703763,55,10,0.03464094550681618,0,Bajo,183.49795401539126
PREM_0139,9.586705739113151,5.826376568809822,2719.4391379854937,26.72620897522632,16,Tienda,Accesorios,Premium,26.72620897522632,8.3,0,226.61992816545785,7.4692705804244435,0,5031.133901713102,1410.96,0.8250943377061466,51,5,0.0818320555816875,0,Bajo,411.7080290838989
PREM_0140,15.795759959350375,7.675774966351181,2306.42715070654,26.79726461935277,17,Tienda,Accesorios,Premium,26.79726461935277,6.8,0,192.2022625588783,17.971322915757902,0,3520.387977438086,867.66,0.1659640717555117,44,10,0.057691654659328614,0,Bajo,203.0970074612104
PREM_0141,12.489190012129136,10.086596058072775,2829.3160421954226,28.324733529631057,10,Tienda,Laptops,Premium,28.324733529631057,5.6,0,235.77633684961856,11.640701682993036,0,3743.009741211864,-989.5700000000003,-1.0845951617658491,43,12,0.044552559306147314,0,Bajo,166.7606634788287
PREM_0142,14.958999759513036,8.492506638344832,2990.0452352826624,40.077299667168326,11,Tienda,Gaming,Premium,40.077299667168326,8.3,0,249.1704362735552,19.039123080408668,0,8315.10960086909,-902.2400000000002,-1.0278885173241712,43,10,0.050501919730638486,0,Bajo,419.92899761455215
PREM_0143,19.278292186794623,7.343612037468473,2943.686477023538,21.74385890473914,13,Online,Accesorios,Premium,21.74385890473914,9.0,0,245.30720641862817,11.711416181719914,0,4810.555942302484,1811.96,0.6098795272651514,44,7,0.057847790727137145,0,Bajo,278.28003343150016
PREM_0144,11.678963815169816,11.18654181091986,2012.8959231014987,29.154000182539125,11,Online,Accesorios,Premium,29.154000182539125,7.9,0,167.7413269251249,7.723328663044869,0,3877.163442591423,137.12000000000003,0.1819417942448275,47,12,0.0690874734742135,0,Bajo,267.8634264952252
PREM_0145,9.770032859968666,6.260394040841844,2747.0307709892472,48.63767470123455,16,Online,Accesorios,Premium,48.63767470123455,6.1,0,228.9192309157706,1.0,0,6840.53471120457,2085.98,0.8530885724786715,44,6,0.024033310221144057,0,Bajo,164.4006927928835
PREM_0146,16.170435342545947,7.9602932169024925,1810.5505996394663,36.36588106032273,19,Online,Smartphones,Premium,36.36588106032273,7.5,0,150.8792166366222,11.706855227031422,0,4127.269125013405,-1775.3500000000001,-0.7907752189856868,52,8,0.060643561811536864,0,Bajo,250.2923002955981
PREM_0147,7.59688286865326,7.5774027504789245,2448.061552262369,26.419718194424256,14,App,Accesorios,Premium,26.419718194424256,7.9,0,204.0051293551974,1.0,0,4238.004447462204,1629.49,0.7717168413273695,49,7,0.04342266993111541,0,Bajo,184.0254682887504
PREM_0148,6.618526191058005,10.648029661196704,3813.782198616818,34.964609726513935,10,Online,Laptops,Premium,34.964609726513935,5.0,0,317.81518321806817,18.504684688052183,0,5530.706063529222,736.1099999999999,0.18036032283349873,53,10,0.019999813715183494,0,Bajo,110.61309098402025
PREM_0149,18.69028954735081,9.83803801873209,2376.9928865449547,27.55384737873835,9,Online,Gaming,Premium,27.55384737873835,8.0,1,198.0827405454129,13.289393474291344,0,4348.450839573385,-1122.1200000000001,-0.5020081270747101,54,9,0.051842297883396005,0,Bajo,225.43368375646685
PREM_0150,5.775973068905268,5.356190534695292,1398.6563655000232,24.005622083424026,17,Tienda,Gaming,Premium,24.005622083424026,8.0,0,116.55469712500194,8.999119181717798,0,2244.686195183523,-1007.04,-0.7778882029576814,43,6,0.04383728757914185,0,Bajo,98.40095426318983
PREM_0151,9.00328303748348,9.450685507378134,2483.5184058316863,30.89341268338924,17,Tienda,Laptops,Premium,30.89341268338924,8.7,0,206.95986715264053,21.52275882274868,0,5564.0764772122175,853.6100000000001,0.30613038945316706,43,10,0.047507990040173906,0,Bajo,264.33808986216394
PREM_0152,10.83677567942385,8.184353827862912,2105.9501977983664,15.697221392569036,12,Tienda,Accesorios,Premium,15.697221392569036,9.1,0,175.49584981653052,6.455951591063712,0,2497.4970634473634,321.39000000000004,-0.056333970126235235,45,9,0.042631874059639856,0,Bajo,106.47298027320836
PREM_0153,7.586533575304506,4.694218814095034,3033.1471627185783,47.94399613946233,20,App,Smartphones,Premium,47.94399613946233,10.0,0,252.76226355988152,21.39005105892144,0,12118.43298831672,505.30999999999995,0.12997004672790402,50,5,0.04580537977276797,0,Bajo,555.0894252806868
PREM_0154,12.104489726158905,4.062914168231384,3331.868918209756,9.648189279731316,15,Tienda,Laptops,Premium,9.648189279731316,5.3,0,277.6557431841464,28.60213338129733,0,1423.8605553725288,1706.99,0.9266705332994963,43,5,0.04271795622291563,0,Bajo,60.82441287194003
PREM_0155,14.27376402502462,10.199188226562988,2495.726163966046,26.109162103288032,12,Tienda,Laptops,Premium,26.109162103288032,6.1,0,207.97718033050384,10.666294047133793,0,3318.555129542783,-573.61,-0.32098980422383533,46,10,0.046095447761490264,0,Bajo,152.97028461746493
PREM_0156,12.349259896034257,10.093383211542626,2873.9381637487973,33.675694539438844,13,Tienda,Smartphones,Premium,33.675694539438844,9.6,0,239.49484697906644,15.374455298400765,0,7758.283481639059,-1251.6,-0.6665165758446074,47,10,0.05059471576899341,0,Bajo,392.5281476088048
PREM_0157,17.560830196069254,10.115620612703724,2806.2115719060284,17.505310141198724,12,Online,Gaming,Premium,17.505310141198724,7.7,0,233.8509643255024,6.085268444548774,0,3159.129601670012,-1168.19,-0.7536890746738193,43,12,0.04799239032818318,0,Bajo,151.61418094066505
PREM_0158,15.803185201344592,2.223143834687214,2735.17738012645,27.44967322852097,17,Tienda,Accesorios,Premium,27.44967322852097,8.3,0,227.9314483438708,10.325406216126773,0,5170.132426265724,1485.79,0.31500790133605144,50,3,0.09306245086938492,0,Bajo,481.1451949075677
PREM_0159,1.0,9.586538628267006,2969.9796510640945,21.65374484933061,10,Tienda,Accesorios,Premium,21.65374484933061,8.9,0,247.4983042553412,1.0,0,4761.250735427537,1661.84,0.5503872057680564,48,10,0.030624914343227082,0,Bajo,145.81289593909526
PREM_0160,16.575951676808653,4.968801126673804,2462.4398310077845,23.18733054868579,13,Tienda,Accesorios,Premium,23.18733054868579,6.3,2,205.20331925064872,25.12332490527595,1,3013.098649825225,752.92,0.10768736000260666,45,7,0.2143708570708874,0,Bajo,645.9205400021672
PREM_0161,9.54638934583624,8.395060627023744,2567.093908875263,29.3633297790039,17,Online,Gaming,Premium,29.3633297790039,8.6,0,213.92449240627192,1.0,0,5388.886920868546,837.86,0.2854246894929609,43,11,0.0423856328465826,0,Bajo,228.41138247968524
PREM_0162,15.802152031713774,9.850658120953188,3326.2472616103523,33.3885211454936,12,Online,Accesorios,Premium,33.3885211454936,7.1,1,277.1872718008627,12.725089162640463,0,6572.213942621638,-414.1,-0.01720723512915085,53,10,0.03596063916006206,0,Bajo,236.34101407334558
PREM_0163,16.831237233844007,8.366699941477544,3327.1861058356258,34.09758720633769,13,Online,Laptops,Premium,34.09758720633769,6.6,0,277.2655088196355,8.418870739292906,0,6196.63824439993,1461.6999999999998,0.37845556068065495,46,11,0.0607546189212255,0,Bajo,376.4743951312096
PREM_0164,8.02617509577329,10.158798478348007,1880.3587786625444,36.2636378658289,18,Online,Smartphones,Premium,36.2636378658289,9.4,0,156.69656488854537,34.37496610637995,0,5354.760208688878,552.6,-0.1350856257437192,43,15,0.11737592703262736,0,Bajo,628.5199435322822
PREM_0165,11.938760603308015,10.158582999202176,2871.748221048492,20.21544847294756,13,Online,Laptops,Premium,20.21544847294756,9.3,0,239.31235175404095,7.070601213849685,0,4483.091259978537,2.17999999999995,-0.08034231530807755,45,12,0.07053418735408513,0,Bajo,316.2111988567877
PREM_0166,14.929380217686582,6.523408623247908,3065.6838286125494,37.6474144609327,18,App,Smartphones,Premium,37.6474144609327,6.6,1,255.4736523843791,1.0,0,6395.3946306128655,2136.61,0.5600056765614206,49,7,0.035674469517163326,0,Bajo,228.1523108000287
PREM_0167,16.569305818153406,6.7583552689592254,1840.5181081317924,24.74621533562733,18,App,Smartphones,Premium,24.74621533562733,8.8,0,153.3765090109827,11.7057683735736,0,3330.500147762378,-487.01,0.06433440914964024,49,6,0.06762703275762191,0,Bajo,225.23184259199098
PREM_0168,11.926603916383574,11.623567800415152,2230.766906247325,10.705236305978952,13,Online,Gaming,Premium,10.705236305978952,9.2,0,185.8972421872771,3.067061328084492,0,1835.184751738492,-3879.07,-2.207382031101714,43,12,0.01857199247442399,0,Bajo,34.08303739846493
PREM_0169,20.05354899010649,9.273070662165477,2580.807069212735,29.477442446919262,7,App,Smartphones,Premium,29.477442446919262,8.6,0,215.06725576772791,34.044266795449566,0,5456.943832956138,-997.3000000000002,-1.7448252975760186,48,9,0.060364339431325895,0,Bajo,329.4048097902449
PREM_0170,8.923539106230441,4.456228167148129,2154.0034392854022,13.770953334321572,14,Online,Laptops,Premium,13.770953334321572,5.0,0,179.50028660711686,1.0,0,1227.8809176811012,-409.23,-0.356531905438374,44,5,0.019226862152138983,0,Bajo,23.608297143496447
PREM_0171,14.428524403134476,11.62231777263621,2048.4465925807026,23.980300104715067,8,Tienda,Smartphones,Premium,23.980300104715067,8.6,0,170.70388271505854,33.63674569011761,0,3525.3356373005417,-4020.97,-3.298883749874729,43,12,0.022644243222202477,0,Bajo,79.82855761093164
PREM_0172,11.891366266383695,10.148616881676968,2614.8702389957275,33.49557194117778,8,Online,Smartphones,Premium,33.49557194117778,7.8,0,217.905853249644,4.643134181089398,0,5664.421011711296,158.6099999999999,0.09347821035097795,43,11,0.053967117063973086,0,Bajo,305.6924718386524
PREM_0173,18.11387370565013,10.015671512579248,3122.97764742978,36.58005869847842,8,App,Accesorios,Premium,36.58005869847842,6.4,0,260.2481372858149,4.313512589481746,0,6122.298559495505,-1941.7800000000002,-1.016647628267183,44,11,0.04402172472669838,0,Bajo,269.51414188077314
PREM_0174,11.045866212629331,7.441972313932616,1500.6128629575255,35.79409777703046,9,App,Gaming,Premium,35.79409777703046,6.5,0,125.05107191312716,12.130694447014196,1,2892.460277353602,-3580.4900000000007,-3.935390547822054,48,8,0.4557638015221113,0,Medio,1318.2786917583783
PREM_0175,12.841882166121938,8.670873857982812,1995.668091997703,35.3040017621944,11,Online,Gaming,Premium,35.3040017621944,7.5,0,166.30567433314192,12.506391436475182,1,4380.703411599981,-1425.19,-1.6138915451975013,43,10,0.0946814129205967,0,Bajo,414.77118859636454
PREM_0176,13.48998283916,12.19824467029875,3474.879186755915,21.604847390708517,11,Tienda,Laptops,Premium,21.604847390708517,5.9,0,289.5732655629929,18.19550557822454,0,3670.623469614431,-186.16000000000003,-0.11558186759537505,44,13,0.04049952465123031,0,Bajo,148.6585056930342
PREM_0177,13.598751807010569,7.697286212416342,2482.8299909501457,32.690912150040745,13,Tienda,Accesorios,Premium,32.690912150040745,9.7,0,206.90249924584543,20.074494347056344,0,6547.96563603467,1120.33,0.6698132270857735,49,8,0.06598386281063448,0,Bajo,432.0600662168606
PREM_0178,15.21378324946233,10.704333576503666,2284.6967362281434,29.951714570233957,9,Tienda,Smartphones,Premium,29.951714570233957,5.8,0,190.39139468567865,12.399712738441494,0,3280.7352813427856,45.82000000000005,0.06936859319275789,56,12,0.04695542109255352,0,Bajo,154.04830662864754
PREM_0179,9.510487220036788,9.956179993254912,2649.7191766048536,27.843012113516203,10,App,Gaming,Premium,27.843012113516203,7.6,0,220.8099313837378,12.695747456238475,0,4651.209660822189,-392.1399999999999,-0.9082115116860077,43,9,0.04481979020625058,0,Bajo,208.4662412033364
PREM_0180,12.980074381841868,8.605140922715922,2023.878553843802,36.62363116084606,15,Online,Smartphones,Premium,36.62363116084606,9.7,0,168.65654615365017,17.429847056630535,1,6011.57103013216,-417.2599999999999,-0.5041636908188325,45,11,0.265070047616368,0,Bajo,1593.4874192063098
PREM_0181,11.463931333308327,9.029376389458394,2329.061012150656,33.186243470750874,22,Online,Accesorios,Premium,33.186243470750874,6.5,0,194.08841767922132,23.018986541061864,0,4190.904887104884,-3085.53,-1.120493300411839,44,11,0.012994077362149099,0,Bajo,54.456942320449606
PREM_0182,11.575752363847846,11.443994241947005,2157.2475101843647,28.04681869380301,12,Tienda,Laptops,Premium,28.04681869380301,6.9,0,179.77062584869705,15.766829493115855,0,3475.911375874666,679.5999999999999,0.10097593709689341,44,13,0.044710514200355864,0,Bajo,155.40978493022274
PREM_0183,5.204603200785418,11.914391519912492,3808.655388958293,21.99275560175909,12,Online,Accesorios,Premium,21.99275560175909,7.5,1,317.3879490798577,13.070979415112363,0,5260.770809377222,649.76,-0.11566437824779996,50,12,0.035109258134645493,0,Bajo,184.70176033363276
PREM_0184,12.116187089526976,11.15062827871871,2477.3861815432824,30.42755800739236,10,Online,Gaming,Premium,30.42755800739236,7.6,0,206.4488484619402,8.413839188327934,0,4748.208341680345,-25.549999999999955,-0.004911423051540107,53,12,0.0543532912958845,0,Bajo,258.0807511289005
PREM_0185,16.09625010324585,10.185053898402366,3267.0166456999827,23.59051426937173,13,Online,Smartphones,Premium,23.59051426937173,9.3,0,272.25138714166525,27.32091839951065,0,5970.080859416881,69.25999999999993,-0.9010851074317332,50,10,0.04910841706446311,0,Bajo,293.1812207528126
PREM_0186,14.213090755803796,8.012480115279088,1417.538596145628,30.95662082149988,10,Online,Gaming,Premium,30.95662082149988,6.6,0,118.128216345469,20.985475953358623,0,2400.8988735767257,-2659.11,-3.610886194482068,49,8,0.030187520359093816,0,Bajo,72.47718362622281
PREM_0187,12.759391344849858,10.153516132386144,3917.083470201779,19.38647864619896,17,Online,Laptops,Premium,19.38647864619896,7.3,0,326.42362251681493,33.10552694806311,0,4645.912699612784,3641.18,0.8307804986713303,43,10,0.033790291844496174,0,Bajo,156.98674600396708
PREM_0188,15.400375957267237,10.75143172480196,3013.7001263349057,28.389398706614607,9,Tienda,Laptops,Premium,28.389398706614607,10.0,0,251.14167719457544,4.313068348225881,0,7129.761205724704,-393.32,-0.8136402863732254,43,11,0.041437060920419294,0,Bajo,295.4363494296567
PREM_0189,12.563544987644816,5.463121268874296,2993.900628510869,26.81917930961065,11,App,Smartphones,Premium,26.81917930961065,9.1,0,249.4917190425724,21.758948379380776,0,6111.729350206751,898.01,0.809888635093608,44,5,0.038329378564333896,0,Bajo,234.25878794682498
PREM_0190,6.399179826523564,3.3875657810029134,3216.313457804753,27.177315838204805,16,Online,Accesorios,Premium,27.177315838204805,5.8,0,268.0261214837294,1.0,0,4251.548957045254,2661.55,0.8958859459658369,45,3,0.03479764486429674,0,Bajo,147.94389073043195
PREM_0191,1.0,8.678190183901615,3340.10619214748,34.22487348900814,9,Online,Accesorios,Premium,34.22487348900814,9.9,0,278.34218267895665,1.0,0,9384.620852973703,-809.29,-0.23951657821976863,45,9,0.033629268945911346,0,Bajo,315.59793862006063
PREM_0192,11.7850219641235,10.625914224731298,2227.5629513522067,20.371163095842416,12,App,Laptops,Premium,20.371163095842416,10.0,0,185.63024594601723,1.0,0,3775.4815873309863,612.8900000000001,-0.10617967871722128,44,10,0.028998554694506275,0,Bajo,109.48350930831897
PREM_0193,11.914530822606256,7.505576641704353,1345.455843836235,35.072363170888394,12,Online,Gaming,Premium,35.072363170888394,4.9,1,112.12132031968626,10.830303851286835,0,1940.47751347863,-149.0499999999999,-0.45104798387312045,53,7,0.042923161081985475,0,Bajo,83.29142888701388
PREM_0194,7.747563853402143,9.27617430626726,2644.959567875699,35.4137679821722,15,App,Smartphones,Premium,35.4137679821722,7.0,0,220.41329732297493,1.0,0,5474.055520343923,1449.01,0.6173623748425887,48,9,0.04068405195402178,0,Bajo,222.70675918887187
PREM_0195,7.558401930815917,10.134111034776206,2000.105613607807,47.31832798926905,12,Online,Gaming,Premium,47.31832798926905,6.2,0,166.67546780065058,6.503672945280969,0,4863.767835975038,-652.0,-0.31486516368931955,43,10,0.046053645888631145,0,Bajo,223.9942416025082
PREM_0196,8.707527754607682,8.67164117675899,3081.998956457902,43.317698447983936,12,Tienda,Smartphones,Premium,43.317698447983936,6.5,0,256.83324637149184,15.455252179285518,0,7286.029724372865,-363.6899999999998,-0.5758398855614081,47,8,0.07014995609952275,0,Bajo,511.1146653045743
PREM_0197,8.689639117405122,9.172287766092747,2156.716592808636,4.629196132043141,18,Online,Gaming,Premium,4.629196132043141,10.0,2,179.726382734053,24.450057011662786,0,831.9886757785833,812.1999999999999,0.37286540532473633,43,9,0.06355133147468042,0,Bajo,52.87398811758517
PREM_0198,18.53060999078852,8.47817546776574,3366.694583434718,22.48616743826515,8,App,Accesorios,Premium,22.48616743826515,5.5,0,280.5578819528932,8.2893769198265,0,3481.422813388824,1940.1200000000001,0.6664412334492169,43,8,0.03386889835881682,0,Bajo,117.91195541073218
PREM_0199,9.486060544415814,10.204954418878964,2374.579773001177,23.916511580584263,11,Tienda,Gaming,Premium,23.916511580584263,8.0,0,197.88164775009807,1.0,0,3781.457704637727,-2043.3700000000001,-1.6962339115665794,45,11,0.02836937845033985,0,Bajo,107.27760471682113
PREM_0200,13.430497037295575,7.325361841337217,2501.500804956916,22.491971936582598,21,Tienda,Smartphones,Premium,22.491971936582598,7.6,0,208.45840041307636,1.0859994568719316,0,3548.51777576566,-620.0,-0.2303697415091381,57,7,0.026739416653542368,0,Bajo,94.88529530869941
PREM_0201,15.532439108588637,8.844325605974396,2691.7120518456245,53.54486054275888,8,App,Laptops,Premium,53.54486054275888,6.9,0,224.30933765380203,31.286329012654743,0,8267.743843733584,-2522.4900000000002,-1.4589603410072947,44,9,0.02742399141414805,0,Bajo,226.73453618492522
PREM_0202,11.49147423339201,7.245629598756599,2483.628433455868,23.90136260462157,8,Tienda,Smartphones,Premium,23.90136260462157,6.5,0,206.96903612132232,1.0,0,3191.693762202476,-3293.33,-1.6993752370764978,45,7,0.01609124906409724,0,Bajo,51.35833926392559
PREM_0203,16.752582938827935,10.073487246024923,3259.2341285022603,26.465428334346885,14,Tienda,Gaming,Premium,26.465428334346885,8.6,0,271.602844041855,26.568339925979053,0,6182.6224919161,-2120.6800000000003,-1.2336626699748463,44,11,0.05193309502082045,0,Bajo,321.08272135054057
PREM_0204,13.520314833767094,6.7627613311328805,3273.3395788200705,25.82470399141251,9,Tienda,Accesorios,Premium,25.82470399141251,8.7,1,272.7782982350059,12.53417475117018,0,6134.331538363333,1301.57,0.7848849831944146,44,6,0.03473898840179272,0,Bajo,213.10047216395512
PREM_0205,8.179509682602589,9.84719813118692,4037.514951545887,19.45973668596581,17,App,Accesorios,Premium,19.45973668596581,7.4,1,336.4595792954906,1.0,0,4862.663931330923,560.49,0.20600961238775523,43,10,0.02524848582911873,0,Bajo,122.7749013619756
PREM_0206,7.769137407719783,8.917969157993072,2246.492361773751,37.38981598194071,15,Tienda,Accesorios,Premium,37.38981598194071,7.9,0,187.20769681447925,11.63407314975748,1,5508.964591248927,29.35000000000008,0.07999234835475881,43,10,0.07316868652020289,0,Bajo,403.0837032279904
PREM_0207,19.17169036532349,9.447910556179467,2316.776903769793,32.77153871648537,14,Online,Accesorios,Premium,32.77153871648537,5.9,0,193.0647419808161,7.374118100213639,0,3740.971973570224,-1781.5800000000002,-0.6457352588943726,51,11,0.04405167548471708,0,Bajo,164.79608337713708
PREM_0208,13.106836175619938,10.464281126970231,2134.212697287546,21.28139802038266,14,Online,Laptops,Premium,21.28139802038266,7.4,0,177.85105810729547,19.222604839593675,1,2809.699568751932,-1881.57,-1.0598859569455126,50,10,0.03505725062080392,0,Bajo,98.50034195090117
PREM_0209,11.044271603321222,8.266351176370625,2564.945110573707,20.62071852401198,13,Tienda,Gaming,Premium,20.62071852401198,7.9,0,213.74542588114227,1.0,0,3462.61292038191,1169.7300000000002,0.22177493310873095,43,9,0.0431818699619506,0,Bajo,149.52210085650165
PREM_0210,18.32998545432081,10.02699095384203,3057.598613091941,31.059531342554383,11,Tienda,Laptops,Premium,31.059531342554383,10.0,0,254.7998844243284,40.310550243341766,0,7913.620557123119,963.6700000000001,0.5769215181954931,46,10,0.034975534547726346,0,Bajo,276.7831091932571
PREM_0211,16.778696577312086,6.75723872385043,2558.7599532899976,32.19411742114535,18,Tienda,Gaming,Premium,32.19411742114535,7.5,2,213.2299961074998,15.98251784668346,1,5182.586604950123,1457.65,0.7680608146430006,47,7,0.18590516352035402,0,Bajo,963.469610251649
PREM_0212,10.65608196170822,9.86545719826037,2443.3801765922763,26.461408695421085,17,Tienda,Gaming,Premium,26.461408695421085,8.1,0,203.615014716023,2.2375922711345684,0,4369.168110225115,-2481.54,-2.0462576200757825,43,9,0.022574758784336634,0,Bajo,98.63291617654791
PREM_0213,13.402520397094236,9.978374260295327,3180.832881137062,36.87759873564978,11,Tienda,Accesorios,Premium,36.87759873564978,6.9,0,265.0694067614218,20.28983017129599,0,6722.865749249979,1392.86,0.3627202206924637,51,12,0.07474234413146918,0,Bajo,502.48274538010935
PREM_0214,10.482680320646685,6.722664123058173,2011.8008146166103,23.365958137257227,12,Online,Accesorios,Premium,23.365958137257227,4.9,0,167.65006788471752,1.0,0,1901.0992639163571,-2442.3100000000004,-2.5194433517739765,43,6,0.021465185139791326,0,Bajo,40.80744766908562
PREM_0215,11.249863519780506,7.114869217113869,2666.8834577228163,31.37347574611556,18,App,Laptops,Premium,31.37347574611556,7.1,0,222.240288143568,7.065693316290768,0,4952.028212116356,-1811.7,-0.48277075927508584,43,9,0.03376066453236884,0,Bajo,167.18376322408656
PREM_0216,15.373657237583998,9.990425906248223,2823.3193372291385,29.23452665306869,14,Tienda,Accesorios,Premium,29.23452665306869,9.9,0,235.27661143576157,20.17905057226569,0,6833.813942497523,1637.69,0.8430851364651389,45,9,0.055947613920989,0,Bajo,382.33558406272317
PREM_0217,13.469149253605362,12.676367353590244,2665.920410576889,25.20546563105442,11,Online,Accesorios,Premium,25.20546563105442,10.0,0,222.1600342147407,15.449401131191204,0,5599.647106993521,164.43000000000006,0.23192482219351362,52,12,0.053546984651207136,0,Bajo,299.84421769035856
PREM_0218,14.622441593011564,12.05544723904753,2585.738578115356,34.35506734383342,15,App,Gaming,Premium,34.35506734383342,9.3,0,215.4782148429464,3.913043125536552,0,6857.345335846468,1717.0,0.3701136331103541,45,13,0.15613723822917874,0,Bajo,1070.6869623228076
PREM_0219,12.33248986262672,8.065793186418448,2359.7272157287816,28.28850713175702,18,Online,Smartphones,Premium,28.28850713175702,10.0,0,196.64393464406515,11.716177485590642,0,5562.763347595397,518.8,-0.07297469480886473,47,8,0.0741580663803555,0,Bajo,412.52377358918807
PREM_0220,9.94675508670652,9.05544337695314,2489.2524099677257,29.92838781686532,19,Online,Accesorios,Premium,29.92838781686532,10.0,0,207.43770083064385,5.052694892454207,0,6192.549276618557,-1002.2,-0.37042814102542765,49,10,0.040924213684855666,0,Bajo,253.42520985033622
PREM_0221,11.450205941489232,10.905749094405875,3767.3669547931872,38.51931562867238,14,Online,Accesorios,Premium,38.51931562867238,10.0,0,313.9472462327656,8.795575036141315,0,12093.033068392424,122.81,0.0038025566248685028,46,10,0.04594690982498066,0,Bajo,555.6374999039359
PREM_0222,10.549048346062207,7.994801078787535,2262.400715911299,20.552950446452765,11,App,Laptops,Premium,20.552950446452765,8.3,0,188.53339299260824,8.742588746867433,1,3201.7313530526417,1645.45,0.7749186503794107,51,8,0.07165771126720503,0,Bajo,229.4287408522039
PREM_0223,10.241645155872906,4.584498167234862,2667.8832237952256,11.45716218851206,10,Online,Gaming,Premium,11.45716218851206,7.6,1,222.32360198293543,3.470026700397898,0,1941.609551704536,-204.83000000000015,-0.12399313488593838,56,6,0.029725456301772576,0,Bajo,57.71522988429743
PREM_0224,15.850675678342126,13.727435738593403,2978.7526391558818,30.30985915775968,11,Online,Gaming,Premium,30.30985915775968,9.8,0,248.22938659632348,19.75488222881428,0,7362.080124014828,-937.46,-0.5145579512099867,44,14,0.05674133828145059,0,Bajo,417.734278771869
PREM_0225,4.499310121417022,9.230052158294834,2703.920322660016,33.37072061160372,7,Online,Accesorios,Premium,33.37072061160372,7.2,1,225.3266935550013,1.0,0,5387.842431833541,757.8199999999999,0.37092159458463947,43,9,0.034963215643169836,0,Bajo,188.37629679561667
PREM_0226,12.781501137406975,10.984921662989054,2761.5578199229017,23.27779613312174,20,Online,Accesorios,Premium,23.27779613312174,9.6,0,230.1298183269085,4.216598947381328,0,5157.312755841559,1554.43,0.5664792942285797,44,10,0.04091025476486393,0,Bajo,210.98697874356066
PREM_0227,15.325397068253018,8.637043340841608,3263.2129372020536,40.25058995663575,11,App,Laptops,Premium,40.25058995663575,8.4,1,271.93441143350447,1.0,0,9140.309487912838,229.44999999999982,-0.18899796854773473,43,9,0.0242757642712537,0,Bajo,221.88799849487566
PREM_0228,14.751453308748072,9.83933104519614,2573.8029044997784,32.606238261331626,15,Tienda,Smartphones,Premium,32.606238261331626,5.9,0,214.48357537498157,27.908796057149665,0,4127.199485140669,-1691.53,-0.9364831275676879,43,9,0.03957926153827136,0,Bajo,163.35150784300146
PREM_0229,11.155479044689224,7.025640945697632,2721.245819744617,28.614815063670147,7,App,Accesorios,Premium,28.614815063670147,5.4,0,226.7704849787181,25.68538043016774,0,3480.2886689580423,-740.75,-0.3642851708035213,49,8,0.05876708143623685,0,Bajo,204.52640763026963
PREM_0230,17.320732345224858,11.653937062113352,2939.41616661032,35.308758334233595,13,Online,Accesorios,Premium,35.308758334233595,9.6,1,244.95134721752663,1.1713531850844312,0,8280.434205364721,-1657.0500000000002,-0.5777492829663785,53,11,0.046250448009040664,0,Bajo,382.973791707503
PREM_0231,13.526154250357324,10.273192651643658,2835.0106025712867,22.041726346187783,9,Online,Accesorios,Premium,22.041726346187783,8.0,0,236.25088354760723,1.0,0,4186.510566438014,40.24000000000011,-0.10012414525151335,43,11,0.029662499361451183,0,Bajo,124.18236700367623
PREM_0232,8.656183681677215,8.79424591181668,3278.952442855267,26.433113439297298,17,Online,Gaming,Premium,26.433113439297298,9.3,0,273.24603690460555,18.08782000589809,0,6705.395762402482,1194.99,0.483249572884411,48,9,0.04926270754823762,0,Bajo,330.3259504384253
PREM_0233,15.877828802106947,9.85438872374337,2412.2636140937184,42.202487140876094,15,Online,Laptops,Premium,42.202487140876094,6.1,0,201.0219678411432,11.625224750163028,0,5162.824705861927,411.78999999999985,-0.2935171598181348,44,10,0.05234096071159622,0,Bajo,270.2272050903774
PREM_0234,6.361224921866132,9.929961659482164,2242.612027406425,10.751191749001467,14,Online,Accesorios,Premium,10.751191749001467,9.2,1,186.88433561720208,1.0,0,1856.9676492717424,-1457.02,-0.8282097642195345,48,9,0.03203007515587357,0,Bajo,59.47881336819978
PREM_0235,4.6573694685518525,11.342491578643088,3751.38789573144,34.23653381792305,16,Online,Smartphones,Premium,34.23653381792305,7.4,0,312.61565797761995,18.40532731539202,0,7929.869474231494,-3881.7100000000005,-0.9289785581086357,44,14,0.013091259999064984,0,Bajo,103.81198304581324
PREM_0236,10.38313195210556,9.258822516551197,2936.5919695787825,11.072640036232062,12,Online,Accesorios,Premium,11.072640036232062,7.3,1,244.71599746489852,3.7145054853544233,0,1974.1776923582213,1357.53,0.3398281381856495,49,12,0.0469228517224249,0,Bajo,92.63404713224378
PREM_0237,5.266247231116199,7.388259867007623,3378.9109798584745,40.92466258838586,12,App,Smartphones,Premium,40.92466258838586,7.4,1,281.5759149882062,3.68836534103526,0,8472.431217286468,2695.67,0.6407283762902454,45,10,0.08300644937799048,0,Bajo,703.2664329461956
PREM_0238,12.11180582097784,9.8363741569355,1739.6215881336543,16.392213900471297,11,Online,Laptops,Premium,16.392213900471297,5.1,0,144.96846567780452,12.961964239738707,0,1218.308173310954,-3131.98,-4.532129751483302,48,10,0.024638368738247422,0,Bajo,30.017126010855932
PREM_0239,11.626263716332002,9.457964850122156,2943.745924217925,35.231382005894844,12,Online,Gaming,Premium,35.231382005894844,9.1,1,245.31216035149376,1.0,0,7883.347484966432,186.5300000000002,-0.3730292297979387,52,11,0.04037728728902702,0,Bajo,318.30818619971825
PREM_0240,11.926786063914042,9.794489218482903,2039.178670299308,28.98663259512432,12,Tienda,Laptops,Premium,28.98663259512432,6.4,0,169.9315558582757,14.194580690473693,0,3129.4319225930467,-1843.51,-1.122249249938038,47,10,0.030187095265337933,0,Bajo,94.46845957370594
PREM_0241,11.327424725660842,8.055818844605746,1612.4201137745274,33.98328204894027,14,Online,Accesorios,Premium,33.98328204894027,8.8,1,134.36834281454395,17.137614728109547,0,3999.815425815884,805.09,0.5852316011289009,51,9,0.09308597391605387,0,Bajo,372.3267143965273
PREM_0242,9.91239274326738,10.12962829936586,3226.1994977431755,34.840869057237505,11,Tienda,Accesorios,Premium,34.840869057237505,5.4,0,268.8499581452646,23.28705426803699,0,5082.459782008125,-235.2800000000001,-0.4178437645829248,43,10,0.03649353893413635,0,Bajo,185.47694393589566
PREM_0243,10.20834208125206,6.448335826860124,2781.913438287489,23.458353726250515,14,App,Smartphones,Premium,23.458353726250515,6.7,0,231.8261198572908,5.619833075065008,0,3636.01943737704,67.86999999999995,-0.49030228683834687,44,6,0.04336538798506371,0,Bajo,157.6773936230884
PREM_0244,5.245750732841263,11.284320056505724,2472.732400636154,27.607733012532176,16,Online,Gaming,Premium,27.607733012532176,6.7,0,206.06103338634617,1.0,0,3832.8216492630872,142.11999999999995,0.00404897349498877,43,11,0.03671109385504093,0,Bajo,140.70707529572996
PREM_0245,14.486287559424204,8.260779327912733,3026.260236341312,27.76589749052017,13,Tienda,Laptops,Premium,27.76589749052017,7.7,0,252.18835302844263,7.418974190852607,0,5378.94107807133,-245.8400000000001,0.14979005677699714,49,9,0.05576161826789369,0,Bajo,299.93845908090606
PREM_0246,25.018589172616508,6.511083200324332,1711.0761733754653,43.49111442055128,12,App,Accesorios,Premium,43.49111442055128,6.8,0,142.5896811146221,37.13836545174158,0,4209.178134331207,-618.8999999999999,-0.7148630317311703,43,8,0.04486332412154068,0,Bajo,188.83772292580284
PREM_0247,16.775825039953112,8.326204348833018,3048.8191172385323,39.93535717076218,22,Online,Gaming,Premium,39.93535717076218,2.6,0,254.0682597698777,25.326720987756303,1,2607.92147121306,696.37,0.5045053138207038,48,8,0.8150293931624537,1,Alto,2125.532654098114
PREM_0248,7.907088935426808,7.411147893062639,2138.63180688211,21.20064363449083,10,Tienda,Laptops,Premium,21.20064363449083,8.6,0,178.21931724017583,1.0,1,3263.358336938468,921.1100000000001,0.5384789238390993,51,8,0.3560211242263821,0,Medio,1161.8245038703699
PREM_0249,16.496450879944053,10.895052924245716,2336.2733993058346,31.25641829699628,11,App,Gaming,Premium,31.25641829699628,6.6,2,194.6894499421529,27.908161271333636,0,4021.2131752179175,-59.9099999999999,0.060985843983935986,44,11,0.07308722387517608,0,Bajo,293.8993075869596
PREM_0250,12.846563910034597,12.451815540704748,2725.762998239696,25.14822690105336,15,Online,Gaming,Premium,25.14822690105336,9.4,1,227.14691651997467,6.281551867877427,0,5390.1894822949325,-2761.26,-1.2847611330142308,43,13,0.0196577725990592,0,Bajo,105.95911910879441
PREM_0251,14.78841142363309,11.364907653210608,3150.7019296715853,31.5972472530068,15,Online,Laptops,Premium,31.5972472530068,6.5,0,262.5584941392988,18.6211561773768,0,5381.223642642825,1833.68,0.6103543994327346,49,11,0.06413172113591593,0,Bajo,345.1071340199674
PREM_0252,15.847417424819756,6.745153887706984,4065.666756785476,34.276802547493666,14,Online,Accesorios,Premium,34.276802547493666,6.9,0,338.8055630654563,1.158435096517339,0,8008.762583868555,3802.5999999999995,0.7138501293440309,44,11,0.026339809517362246,0,Bajo,210.94928092887562
PREM_0253,4.425541332184857,9.426587414745876,2800.7232852173347,21.463290951454475,17,Online,Laptops,Premium,21.463290951454475,7.4,0,233.39360710144456,1.0,1,3715.289940658689,-151.80999999999995,-0.1424824579846966,45,9,0.7083903420694383,1,Alto,2631.8755119503517
PREM_0254,15.925256511995125,11.47142347859768,3055.897491351813,25.287637574322087,12,Online,Accesorios,Premium,25.287637574322087,6.6,0,254.65812427931775,9.565634958222171,0,4242.048176850965,-2035.2900000000002,-0.5119106831619584,44,12,0.030555817284529246,0,Bajo,129.6192490040285
PREM_0255,10.886435316756089,10.266722629687305,1875.52417454148,26.93986656366483,15,Tienda,Laptops,Premium,26.93986656366483,8.6,0,156.29368121179,12.951978969461573,0,3622.142149274708,918.56,0.2784360990820099,45,13,0.059641653658994105,0,Bajo,216.03054757068668
PREM_0256,14.392230785811636,7.30122616968819,2717.9300350183426,36.718684291603466,17,Tienda,Laptops,Premium,36.718684291603466,7.9,0,226.49416958486188,7.334476739243255,0,6556.317440659411,1179.1,0.7189609551423942,51,7,0.0935774613309067,0,Bajo,613.5235417764552
PREM_0257,15.22849038654924,7.052907600591063,3085.8146616137315,32.04376127333302,14,Online,Accesorios,Premium,32.04376127333302,6.3,0,257.1512218011443,20.7371891393114,0,5225.275191870497,527.7099999999999,0.16763883656721512,43,8,0.04895326085101851,0,Bajo,255.79425948599226
PREM_0258,9.218123074713546,12.114197081248417,3133.7305473985016,34.49791824751376,11,Online,Smartphones,Premium,34.49791824751376,9.1,0,261.14421228320845,1.0,0,8231.845464943106,32.72999999999999,0.09016357259497011,46,12,0.03357719714609709,0,Bajo,276.4022980525999
PREM_0259,9.495239871113734,9.030757962744213,3373.0578276648857,19.737046171303568,16,Online,Smartphones,Premium,19.737046171303568,9.1,0,281.0881523054072,13.09016686031907,0,5037.399179967812,-1445.91,-1.1001505336768893,52,9,0.032301948581058594,0,Bajo,162.717809293587
PREM_0260,12.739603267715909,6.894069843199386,2924.589601242455,36.47952444847321,13,App,Accesorios,Premium,36.47952444847321,10.0,0,243.71580010353796,21.407808212191227,0,8890.63648835622,-701.3599999999999,-1.0547786575916382,44,6,0.043321978878211924,0,Bajo,385.1599661624284
PREM_0261,13.061449397598514,7.834482684776836,1336.7097050341426,26.925766702509566,15,Online,Accesorios,Premium,26.925766702509566,9.5,2,111.39247541951188,23.050149294748717,0,2840.117566110099,-959.01,-0.3868497852336907,44,10,0.09699876619541659,0,Bajo,275.48789976260906
PREM_0262,14.200380228110776,8.279935770690278,2452.0377784522448,21.35795848770248,9,App,Smartphones,Premium,21.35795848770248,8.5,0,204.33648153768704,16.9843359444871,0,3689.967838997823,-2878.9200000000005,-1.0422588663083285,43,10,0.02316485319597126,0,Bajo,85.47756328823988
PREM_0263,12.8132117742763,8.430633928654833,2537.134105453843,29.118215758129885,13,Online,Laptops,Premium,29.118215758129885,9.2,0,211.4278421211536,10.900673898947089,0,5639.466990244074,-1245.7599999999998,-0.4506485324492208,47,8,0.0670166366294861,0,Bajo,377.9381100691688
PREM_0264,17.082798340368765,10.261631698289236,2931.9502903635603,17.39123952762515,12,Online,Laptops,Premium,17.39123952762515,7.3,0,244.32919086363003,12.711540628456508,0,3109.117029866669,801.6799999999997,0.4920505738445601,51,10,0.052921632914840505,0,Bajo,164.53955014388305
PREM_0265,16.156447149681075,8.84847142692908,3202.288370344728,19.425142135678755,15,Online,Accesorios,Premium,19.425142135678755,7.8,0,266.8573641953939,21.347555671790246,0,4020.6376377734136,1660.08,0.6900699448312506,47,9,0.04812914322049867,0,Bajo,193.50984470612406
PREM_0266,13.48867472588838,7.825004370056514,2593.95334024722,43.71756038375127,14,Online,Smartphones,Premium,43.71756038375127,8.0,4,216.16277835393493,22.598580612228798,0,7523.1070681888095,-138.31999999999994,-0.9051871677279703,52,7,0.1165492138328108,0,Bajo,876.812214377468
PREM_0267,5.024607533468409,9.23803681210795,1884.8085458599269,18.92947523930493,12,Online,Smartphones,Premium,18.92947523930493,8.9,1,157.06737882166055,8.17113907023912,0,2654.046860374843,-367.1899999999999,-0.05710971545960814,47,10,0.046958127418674556,0,Bajo,124.62907064461504
PREM_0268,10.980400620526163,9.887227845364356,3170.218102192417,30.93910952504504,17,Online,Smartphones,Premium,30.93910952504504,8.1,0,264.1848418493681,9.252684539270096,0,6595.477662296773,315.03999999999996,0.13855020660797035,52,10,0.052591522048640746,0,Bajo,346.86620889799826
PREM_0269,13.753902955238908,9.03923331538798,3203.716741580092,32.734513069931026,8,Online,Smartphones,Premium,32.734513069931026,9.9,0,266.97639513167434,4.495104994010029,0,8643.043570900993,1125.8999999999999,0.2171280480080548,51,10,0.06666959572664559,0,Bajo,576.2282207197525
PREM_0270,16.976215583448745,7.353281590843154,3177.229516480183,18.18814328153208,14,Tienda,Smartphones,Premium,18.18814328153208,9.2,0,264.76912637334857,1.0,0,4433.092249529438,2259.5,0.834872309149214,46,7,0.02742856154513439,0,Bajo,121.59334360147645
PREM_0271,14.680879589109354,10.353932774679077,1435.9022445308176,20.50969094074582,11,Online,Laptops,Premium,20.50969094074582,10.0,0,119.65852037756814,9.254370797892085,0,2454.1592713708583,-1271.4499999999998,-1.088578942993322,44,10,0.034852495435753764,0,Bajo,85.53357480406562
PREM_0272,9.520263250380417,13.814755167862437,2903.55646234892,24.458199582522703,10,Tienda,Accesorios,Premium,24.458199582522703,8.8,0,241.96303852907667,13.37398534125338,0,5214.58925759013,-2315.78,-1.1271904324643378,43,16,0.031228456848297486,0,Bajo,162.843575612249
PREM_0273,6.959340939309679,7.767277183921045,2574.882171805638,25.45827922595013,15,Tienda,Accesorios,Premium,25.45827922595013,7.4,0,214.5735143171365,1.0,0,4038.584154753643,1336.28,-0.08703480612003837,48,8,0.04946376174080459,0,Bajo,199.7635644009229
PREM_0274,12.085528844418825,9.755455324643272,3473.7183722402847,32.14035020649817,21,Tienda,Smartphones,Premium,32.14035020649817,10.0,0,289.47653102002374,29.97681530243363,0,9303.877083545793,466.1099999999999,-0.03826958029374705,45,11,0.12311334751130594,0,Bajo,1145.4314525890488
PREM_0275,13.320260003250484,10.23985266479161,2146.5519303113174,26.75342820536718,22,Online,Smartphones,Premium,26.75342820536718,8.1,0,178.87932752594313,15.689661097503524,0,3858.892434607654,-556.7700000000001,-0.9336941694927846,47,10,0.04989341556661911,0,Bajo,192.53332386676226
PREM_0276,14.618616651632031,9.369305551809202,2969.0410382976243,40.546714208241,9,Tienda,Laptops,Premium,40.546714208241,7.7,1,247.42008652480203,9.748720511849372,0,7773.374386006238,-748.4900000000004,-0.3785386570955119,44,11,0.056086546203438635,0,Bajo,435.98172165736526
PREM_0277,6.30417139019942,8.466695341531171,2542.4533478208027,32.70842615816576,23,App,Gaming,Premium,32.70842615816576,10.0,0,211.87111231840024,1.0,0,6929.9706323148375,-4312.89,-1.604310712933609,45,8,0.010893358629678464,0,Bajo,75.49065539094516
PREM_0278,14.186781295063502,8.774752341474429,1894.1843444478675,28.96917521479917,13,Online,Laptops,Premium,28.96917521479917,10.0,0,157.8486953706556,2.179099245116282,1,4572.746513619982,956.9000000000001,0.6625609431091004,55,9,0.04825658254894981,0,Bajo,220.66511960992509
PREM_0279,12.650977659385584,9.082758105171695,3129.224960791019,23.350831636399867,23,App,Accesorios,Premium,23.350831636399867,8.1,0,260.76874673258493,26.989965540008427,0,4910.596044974448,526.12,-0.05106939095619158,45,10,0.039151057657518765,0,Bajo,192.25502888957823
PREM_0280,16.199937170285533,8.36443879132786,2362.5525021383805,36.38330375304463,10,Tienda,Gaming,Premium,36.38330375304463,8.3,0,196.8793751781984,21.78461019519107,0,5930.00825275586,755.26,0.4082668772975582,44,8,0.05990444355750645,0,Bajo,355.2338446727609
PREM_0281,17.93646411414386,9.71122669757132,2612.165181686107,27.99433124338683,20,Tienda,Gaming,Premium,27.99433124338683,9.4,1,217.6804318071756,3.948845387210909,0,5727.5213098843815,423.98999999999995,-0.18649550737545006,52,9,0.050716109826936626,0,Bajo,290.4775997882162
PREM_0282,10.040199379357862,9.937211592999184,3632.5865842345934,28.528764477246185,11,Online,Gaming,Premium,28.528764477246185,7.6,0,302.7155486862162,17.008004617293885,0,6600.568679771224,-476.91999999999985,-0.20255233249541615,46,9,0.03849519024735797,0,Bajo,254.09014706854572
PREM_0283,8.815317181225021,9.677987370618492,2345.204666488796,15.46920213628726,12,Tienda,Accesorios,Premium,15.46920213628726,7.9,1,195.43372220739963,2.0294303961460347,0,2376.8164742289464,-2355.8,-0.8721473822350483,43,11,0.028496721063125313,0,Bajo,67.73147608434326
PREM_0284,11.661748003424767,7.655443455624802,3269.702298842735,16.481806295119327,14,App,Smartphones,Premium,16.481806295119327,7.2,0,272.47519157022793,20.020714273443787,0,3212.37618671986,-33.00999999999999,-0.16894373327399315,46,9,0.08939618963924295,0,Bajo,287.17419078059675
PREM_0285,12.057092271345736,7.092121161206711,2555.778212243932,33.49054765565361,22,Online,Accesorios,Premium,33.49054765565361,6.8,0,212.9815176869943,12.872118264506906,0,4885.295285573078,-2583.26,-1.5486932660505093,51,7,0.02283679893908619,0,Bajo,111.56450619469804
PREM_0286,4.70223645329415,7.476708187723929,2690.93483447024,29.386731389708437,13,App,Smartphones,Premium,29.386731389708437,10.0,0,224.24456953918664,1.0,0,6589.814930648872,284.72999999999985,0.018928035359216458,45,8,0.04338704687534994,0,Bajo,285.9126092959435
PREM_0287,17.644203604236896,8.189179984772442,2583.465148345236,1.0,10,Online,Accesorios,Premium,1.0,9.4,2,215.28876236210297,4.729118460246406,0,202.4912815397633,-1660.79,-1.8260582035561825,52,9,0.08837621071617444,0,Bajo,17.895412165546322
PREM_0288,10.27960318495222,9.172710631000742,1971.334146451152,39.08119140169859,11,Online,Accesorios,Premium,39.08119140169859,4.1,1,164.277845537596,11.418080636808686,0,2641.7010738017134,1726.39,0.6004798492035172,43,13,0.04122860748149126,0,Bajo,108.9136566552048
PREM_0289,13.746954206934038,9.808589509923396,3541.4693150932926,19.431570562807607,17,Online,Smartphones,Premium,19.431570562807607,8.3,0,295.12244292444103,24.20201951728607,0,4737.503743370376,777.5600000000001,0.28747679259721665,44,9,0.040333123215997156,0,Bajo,191.07832221760512
PREM_0290,9.582033564879806,8.902380823789263,3021.0901620021973,26.563916298067905,12,Tienda,Smartphones,Premium,26.563916298067905,8.0,0,251.7575135001831,16.426399472377394,0,5318.935829855402,-812.73,-0.36309774594724686,44,9,0.04207998883111039,0,Bajo,223.82076031370815
PREM_0291,14.76094720152109,3.883263233485796,2361.091957662202,19.814435909453643,11,Online,Accesorios,Premium,19.814435909453643,5.7,0,196.7576631385168,17.813374576783307,0,2222.342905927308,1759.1200000000001,0.8426212238322385,45,4,0.04480435308254812,0,Bajo,99.57063622766313
PREM_0292,9.624818710974704,7.068485168787481,3287.1641970371747,38.70264816772894,12,Tienda,Laptops,Premium,38.70264816772894,8.3,0,273.9303497530979,1.0,0,8796.910522169504,3072.1,0.634924406475679,44,8,0.02284681761282603,0,Bajo,200.98141025635687
PREM_0293,16.77643761218949,7.037668937720637,2521.3574426143678,31.696487146015173,12,App,Accesorios,Premium,31.696487146015173,6.8,0,210.11312021786395,33.44651547324332,0,4555.249428669154,-488.02000000000004,-0.25720543289655307,43,7,0.04814645729737709,0,Bajo,219.31912209632083
PREM_0294,14.821460840913804,7.497747886147109,2096.9980851596256,29.13612329804186,12,Tienda,Gaming,Premium,29.13612329804186,7.5,0,174.7498404299688,12.701403078709104,0,3824.7572621251966,1090.5,0.4463309416520936,43,10,0.060812570854353376,0,Bajo,232.59332200369116
PREM_0295,13.921218612053195,7.8612325997037455,3141.088135164759,28.842474567032696,5,Tienda,Gaming,Premium,28.842474567032696,7.7,0,261.75734459706325,15.004370410070871,0,5776.925719247921,2217.97,0.6262110886900346,58,8,0.037162928549620576,0,Bajo,214.68747774087595
PREM_0296,8.302011162977585,9.660333682385934,3674.0259700370766,30.494513467818084,16,App,Accesorios,Premium,30.494513467818084,9.6,0,306.16883083642307,20.4554558802077,0,8966.018246500893,-217.2500000000001,-0.37445387860468343,43,9,0.04576665211627595,0,Bajo,410.34463795578887
PREM_0297,14.138022593922202,10.775310851747673,2607.599424665685,42.361690847298576,20,Tienda,Laptops,Premium,42.361690847298576,8.4,0,217.29995205547377,9.721741039545424,0,7753.999741925541,530.84,0.31805177682126917,45,10,0.06595613802103908,0,Bajo,511.4238771935424
PREM_0298,11.180304832903564,8.864244455854047,3185.0893181450147,19.089175203190933,9,Tienda,Gaming,Premium,19.089175203190933,10.0,0,265.4241098454179,14.270126869951367,0,5066.727335990177,-2696.27,-0.993374927646835,51,8,0.02481924984896688,0,Bajo,125.75237166853057
PREM_0299,14.534446162303324,9.17593764210566,1365.235341385511,27.400992494348085,16,Online,Gaming,Premium,27.400992494348085,9.7,0,113.76961178212592,20.430737309417506,0,3032.6475664496447,89.08999999999996,0.12905821765665754,45,10,0.07616136947069711,0,Bajo,230.97059178278187
PREM_0300,13.024219457133038,8.35352407095582,3445.236067387646,30.904954733370857,8,Tienda,Laptops,Premium,30.904954733370857,10.0,0,287.1030056156372,15.537923964082392,0,8872.905392365987,937.48,0.62213457429655,53,9,0.028862132130239488,0,Bajo,256.0909678135815
PREM_0301,14.002662885524838,9.09954737436192,2804.237895176906,22.717430884212423,14,Online,Laptops,Premium,22.717430884212423,9.2,0,233.68649126474216,28.44982591892344,0,4862.304965249795,213.61999999999995,0.15081505979828683,47,11,0.06616318726829935,0,Bajo,321.70559397140397
PREM_0302,14.32021299379257,11.022152915102156,1906.5099299430424,36.11935185964126,17,Online,Laptops,Premium,36.11935185964126,8.6,0,158.87582749525356,9.485628163915392,0,4917.491806659502,-1558.7099999999998,-1.196988613246829,43,12,0.03512816251939658,0,Bajo,172.7424513721361
PREM_0303,16.446314628527873,12.86941199686678,2841.8481093046294,22.88188378044693,11,Online,Smartphones,Premium,22.88188378044693,6.0,1,236.82067577538575,38.5765879435725,0,3251.729767193578,-2892.24,-2.212479286431019,48,13,0.025644502647576846,0,Bajo,83.38899262400015
PREM_0304,11.551010132193364,10.405907583813736,2958.7864030727733,35.584971512805154,10,Online,Smartphones,Premium,35.584971512805154,7.9,0,246.56553358939777,5.67605257916842,0,6889.873178455152,-2303.64,-0.5393785440402225,43,10,0.04993781122642178,0,Bajo,344.06518615968
PREM_0305,7.5339022402053635,11.471623240013876,2706.461093238,23.61370162807519,21,Tienda,Accesorios,Premium,23.61370162807519,6.9,0,225.5384244365,1.0,0,3693.450332362327,989.16,0.21652301328855808,46,11,0.026869410283203683,0,Bajo,99.24083234087837
PREM_0306,13.05535601699557,8.2792507068392,3084.0235024155763,38.6852471771565,26,Tienda,Gaming,Premium,38.6852471771565,8.9,0,257.00195853463134,18.911663176772645,0,8833.323856334824,2118.62,0.6722725963377656,43,9,0.03588718334903571,0,Bajo,317.00311281369903
PREM_0307,18.054391898611115,7.773278374963434,2414.345618230865,41.61216856336588,12,Online,Laptops,Premium,41.61216856336588,8.8,0,201.1954681859054,17.18585550923201,0,7385.165099554458,671.5200000000001,0.2239304992510301,58,9,0.0449928555879622,0,Bajo,332.2796668175122
PREM_0308,18.82257177010178,9.23848665859178,3280.6984118943537,44.88698109619424,16,Tienda,Accesorios,Premium,44.88698109619424,10.0,1,273.39153432452946,32.189958457982144,0,12271.720633084697,-616.3500000000001,-0.1324751571420116,43,9,0.062471093164149005,0,Bajo,766.6278029538437
PREM_0309,9.813279661650938,8.456689779347894,3804.071254179122,38.72368841432278,15,Online,Accesorios,Premium,38.72368841432278,7.9,1,317.0059378482602,10.463567083844673,0,9714.777223769466,1609.65,0.343415039672744,53,8,0.039534408273337616,0,Bajo,384.0679690490234
PREM_0310,16.030613970401586,4.987739593795211,3969.202574632892,23.5318820632489,14,Online,Laptops,Premium,23.5318820632489,10.0,0,330.76688121940765,23.58348816440612,0,7783.567239283759,2195.3900000000003,0.4377172462361413,47,5,0.04285806182768358,0,Bajo,333.5886059811557
PREM_0311,11.140358579399686,9.553586898650575,3798.590258874781,33.79779086315407,15,Online,Gaming,Premium,33.79779086315407,7.2,0,316.5491882395651,15.71754356182529,0,7756.367544515891,3259.99,0.8665601075049534,60,9,0.031183835401155432,0,Bajo,241.87328881904764
PREM_0312,12.278192351028972,10.445177003240213,3254.743237666607,39.672857258415824,16,Tienda,Laptops,Premium,39.672857258415824,6.4,1,271.2286031388839,9.508328223356417,0,6893.813248876383,294.71000000000004,0.33431948009143736,56,11,0.046863272446968876,0,Bajo,323.0666484806176
PREM_0313,11.905791396503048,8.651291484194328,2935.184753224565,25.04378456933313,20,Online,Smartphones,Premium,25.04378456933313,10.0,0,244.5987294353804,9.418042940280284,1,6125.67788591227,1421.1699999999998,0.2938610401033037,44,8,0.036725588874402984,0,Bajo,224.96912761503603
PREM_0314,1.0,10.164896249309662,3979.204877033251,32.31824207193566,16,Tienda,Smartphones,Premium,32.31824207193566,8.1,0,331.60040641943755,1.0,0,8629.430257247039,1488.5599999999997,0.5046718768900059,45,10,0.03012400392296045,0,Bajo,259.9529909222234
PREM_0315,13.43673219676832,10.135883486150265,2380.8370986423674,21.03586315321849,10,Online,Accesorios,Premium,21.03586315321849,8.2,0,198.40309155353063,3.9135532954773353,0,3426.366991362917,75.15999999999968,0.07423595658429281,43,10,0.052953059631457355,0,Bajo,181.43661561289767
PREM_0316,13.841319492719254,6.300902303651261,1768.7494642827012,38.19991295440035,12,Online,Gaming,Premium,38.19991295440035,7.9,1,147.3957886902251,14.48701696019872,0,4457.531281525171,-2048.66,-2.258359693236404,45,7,0.04168910200017967,0,Bajo,185.83047626449445
PREM_0317,12.30382107166435,10.485364836719445,3089.3493716083944,18.098700621381617,16,Tienda,Accesorios,Premium,18.098700621381617,8.7,0,257.4457809673662,26.932606422124373,1,4060.313192232596,-918.5500000000001,-0.4213697544340858,43,11,0.10469044776503926,0,Bajo,425.07600616112643
PREM_0318,10.425562250605624,11.939597852554575,3158.59158781195,23.31347472593812,12,App,Smartphones,Premium,23.31347472593812,7.4,0,263.2159656509958,1.0,0,4543.835021150547,44.549999999999955,-0.0643548864771768,50,13,0.034048002737964135,0,Bajo,154.70850724099114
PREM_0319,16.427859065210566,10.28237332482214,4084.8298711066464,21.99517681935028,10,Online,Gaming,Premium,21.99517681935028,8.6,0,340.4024892588872,19.30925730927554,0,6419.362830791207,992.05,0.08111642096065157,47,10,0.03353256515222439,0,Bajo,215.25770235927376
PREM_0320,7.385504038869296,9.227248914988651,2562.1385023411517,39.173027836058495,13,Tienda,Smartphones,Premium,39.173027836058495,8.6,0,213.5115418617626,11.219745871857942,0,7230.370891394205,-207.58000000000004,-0.31324120365691366,43,9,0.12536941009937505,0,Bajo,906.467333453784
PREM_0321,12.10155368216964,5.160653687604688,2791.6973523434576,22.482177807486607,20,Tienda,Laptops,Premium,22.482177807486607,9.3,1,232.64144602862143,29.974742436771745,0,4855.725530811892,-903.83,-0.10238269019490769,58,5,0.026815865564863615,0,Bajo,130.2104830541277
PREM_0322,11.885165639151088,8.69252485534556,3692.63622139496,28.682250543725907,21,Tienda,Accesorios,Premium,28.682250543725907,7.7,0,307.7196851162467,5.737594742865952,0,6806.962087440039,589.3100000000001,0.16268185289960857,45,8,0.032560430102631384,0,Bajo,221.6376132593532
PREM_0323,9.22256811706648,9.659958921913711,2195.311660757541,19.06340686030603,10,Tienda,Smartphones,Premium,19.06340686030603,5.3,1,182.94263839646177,19.68557797707082,0,1846.8065221885772,-2182.79,-1.571506973509343,50,10,0.03423254479511239,0,Bajo,63.22088699872619
PREM_0324,10.91407412957226,9.311044851909992,2866.409443393496,29.00559857741587,10,Tienda,Laptops,Premium,29.00559857741587,5.9,1,238.86745361612464,14.803315503881992,0,4119.21223297407,1585.6799999999998,0.6076881505686617,47,12,0.03913183184132984,0,Bajo,161.19232041949007
PREM_0325,12.34357202517332,4.56139925450493,2662.120221654884,21.18874852591749,14,Online,Laptops,Premium,21.18874852591749,10.0,1,221.84335180457364,1.0,0,4700.582993533754,1946.79,0.897579773303737,52,5,0.02921836367202963,0,Bajo,137.34334337562694
PREM_0326,13.137297798076926,9.43566375902443,2494.08487734143,11.407392321881684,12,Online,Accesorios,Premium,11.407392321881684,6.8,0,207.8404064451192,6.319622359184907,0,1620.976089993585,-390.3899999999998,-0.3387984445288344,44,11,0.05352729821564484,0,Bajo,86.76647056951657
PREM_0327,8.04876466164792,10.06955709161002,2177.78945836734,33.950525588003664,8,Online,Laptops,Premium,33.950525588003664,7.6,0,181.482454863945,8.034304556864505,0,4685.383002743743,-3669.6200000000003,-1.4753714934719955,45,12,0.02472343044542929,0,Bajo,115.83874077853156
PREM_0328,17.846952534139575,9.322102957193175,3024.566908288687,13.291945345579595,12,Tienda,Accesorios,Premium,13.291945345579595,5.4,0,252.0472423573906,22.06137276236357,0,1817.8441012851208,-996.4000000000004,-0.13442307706993695,45,11,0.09639413144151457,0,Bajo,175.22950323945986
PREM_0329,9.16168058100331,6.482990178649331,2669.7897697453777,25.53213769235344,14,Online,Accesorios,Premium,25.53213769235344,6.8,0,222.4824808121148,10.910978209387071,0,3838.319458868437,1277.53,0.6331450908276985,57,6,0.03742960341969223,0,Bajo,143.66677514353327
PREM_0330,8.73856043890952,7.2017778031455455,3519.301178026814,21.68059179769392,12,App,Accesorios,Premium,21.68059179769392,8.9,0,293.27509816890114,4.139809017577841,0,5638.994747062948,4435.56,0.8059218170494817,48,7,0.034792942238544816,0,Bajo,196.1972185180188
PREM_0331,16.34370678529119,11.110437702662086,2800.267296512527,17.62265102492099,12,Tienda,Gaming,Premium,17.62265102492099,5.8,0,233.3556080427106,24.28945854333913,0,2388.171610477536,-228.20999999999998,0.03990666638418695,51,11,0.05898303484845385,0,Bajo,140.86160932488465
PREM_0332,12.532604845697144,9.602841031033536,3254.5977237639854,27.93987708583377,14,Tienda,Accesorios,Premium,27.93987708583377,7.0,0,271.2164769803321,9.045237337346595,0,5340.940676408093,-2555.6699999999996,-0.655716745170842,45,10,0.017282805543671263,0,Bajo,92.30643913064513
PREM_0333,12.152951979840113,6.102817170732912,2620.194011195928,27.59836306366604,17,Online,Accesorios,Premium,27.59836306366604,8.3,0,218.349500932994,13.904789879941823,0,5000.354597989906,2156.0,0.9309243169243443,63,7,0.0401518584815982,0,Bajo,200.77353017629957
PREM_0334,10.949775065730297,9.72813405713683,3181.228815293361,30.859373729740952,16,Tienda,Smartphones,Premium,30.859373729740952,7.9,1,265.1024012744468,11.578559466324291,0,6428.710595485839,-219.88000000000022,-0.1575397069924605,43,9,0.05156358769209588,0,Bajo,331.48738253744
PREM_0335,13.445768147789302,9.676693333843184,1548.5104846460267,26.505043225196808,17,Online,Laptops,Premium,26.505043225196808,10.0,0,129.04254038716888,35.70566743733988,0,3420.2781108511163,389.81000000000006,0.3102029069441511,45,10,0.05742876390429448,0,Bajo,196.4223441150951
PREM_0336,10.339993670659522,3.940567578789079,2777.9118962930306,26.412187879393954,15,Online,Laptops,Premium,26.412187879393954,8.1,0,231.49265802441923,18.784586985545918,0,4974.609045770558,745.05,0.98466926584286,53,3,0.018951714353235463,0,Bajo,94.27736965446485
PREM_0337,15.393723528821138,4.50622133203079,2435.979823140822,29.690269538235786,12,Online,Gaming,Premium,29.690269538235786,8.2,0,202.99831859506853,19.8873301843664,0,4945.66523306063,2115.05,0.921169767285741,53,5,0.02211516116579839,0,Bajo,109.3741837012217
PREM_0338,8.996778779649038,8.812775181433103,3222.720879461506,39.91812112054853,16,Online,Accesorios,Premium,39.91812112054853,8.1,0,268.5600732884588,14.053602239604034,0,8687.734843530106,-873.9100000000002,-0.3236793364678654,45,9,0.066195330730818,0,Bajo,575.0874812691268
PREM_0339,17.157587453720097,10.936012949881269,2674.6275068655914,44.88108465668498,17,Online,Gaming,Premium,44.88108465668498,8.3,0,222.88562557213265,8.3004111967771,0,8281.640955596014,-3.800000000000182,-0.597635695594527,47,12,0.08672925047778239,0,Bajo,718.2605128049479
PREM_0340,17.741743143357407,4.581296788353312,1500.7110485721992,30.437090370784407,15,Online,Accesorios,Premium,30.437090370784407,5.0,1,125.05925404768328,25.394998258712512,0,1916.0100147976625,-2068.1,-1.2092626318936708,48,4,0.030542551075558904,0,Bajo,58.51983373823998
PREM_0341,17.613479880500762,10.395806545078056,2534.173587322911,24.164056260806053,19,Tienda,Gaming,Premium,24.164056260806053,8.7,0,211.18113227690924,34.89300753039339,0,4417.220971965733,-373.5799999999999,-0.25582955990469636,43,10,0.0431599244118967,0,Bajo,190.6469232606859
PREM_0342,14.11952278554658,9.824469079713424,3753.498651548756,30.05006233634348,11,Tienda,Gaming,Premium,30.05006233634348,7.7,1,312.79155429572967,15.065418472031824,0,7193.486919987656,102.1799999999999,-0.0032159223555217795,43,10,0.03383304679713762,0,Bajo,243.3775795985397
PREM_0343,9.478750082988077,6.983889045776104,2345.1488039876804,22.5009255032744,13,Tienda,Accesorios,Premium,22.5009255032744,5.6,0,195.42906699897333,13.346075158481437,0,2451.9392125113736,827.3200000000002,-0.010529662668524953,48,6,0.04720376691409792,0,Bajo,115.74076707492368
PREM_0344,20.30951998236497,11.842565965905,2700.537281439127,19.34602010160928,13,Tienda,Accesorios,Premium,19.34602010160928,8.8,1,225.0447734532606,18.8002047416665,0,3850.45747940197,1681.1200000000001,0.631628844834356,44,12,0.052663289044577996,0,Bajo,202.77775519160318
PREM_0345,12.687357359174126,10.106502439969567,2094.643236625089,20.83944126178716,10,Online,Gaming,Premium,20.83944126178716,10.0,1,174.55360305209078,1.0,0,3637.5995578373577,190.92000000000004,0.23400139576614637,52,12,0.039928358832898025,0,Bajo,145.2433804357212
PREM_0346,14.456102589033922,10.05678562373544,3009.9340720688424,27.777155556981324,16,Online,Smartphones,Premium,27.777155556981324,8.1,0,250.8278393390702,4.218114799996176,0,5660.616851565272,2587.71,0.6701311264017648,45,10,0.05477552775114108,0,Bajo,310.06327544149036
PREM_0347,10.669450726596164,9.983084241754618,2477.177654117547,28.53532579389895,15,App,Accesorios,Premium,28.53532579389895,9.2,0,206.43147117646225,20.081495261342013,1,5391.148855268234,-6071.76,-2.8720862049482285,47,11,0.021850942878458093,0,Bajo,117.80168568573092
PREM_0348,18.90650602598638,9.207594362192188,3938.042909197945,22.215074954888426,8,App,Smartphones,Premium,22.215074954888426,9.7,0,328.17024243316206,30.55580632090205,0,7040.914885189419,2470.58,0.24614570733169985,50,9,0.035418972952495735,0,Bajo,249.38197387934864
PREM_0349,15.027154719947928,10.224937588027204,2189.9901228541016,26.047356210606388,17,Online,Gaming,Premium,26.047356210606388,9.2,0,182.4991769045085,11.859231966346524,0,4393.674087024897,-2482.79,-1.1008734728708351,43,11,0.025403751925027373,0,Bajo,111.61580654620161
PREM_0350,7.873061680813955,11.226721011887877,2821.0760019566424,19.12802645431261,12,Online,Gaming,Premium,19.12802645431261,6.7,0,235.0896668297202,12.071550625030351,0,3032.5798352712723,179.91999999999996,0.006562043371209852,47,12,0.03350231844760771,0,Bajo,101.5984553590519
PREM_0351,19.075087133037684,8.015712969607995,1987.5889849009577,23.574462532520904,20,Tienda,Accesorios,Premium,23.574462532520904,9.1,0,165.63241540841315,19.65166084010746,0,3550.5782612559738,-762.01,-0.5205572081651861,44,9,0.04763520799757663,0,Bajo,169.13253398660228
PREM_0352,1.9314274316150204,6.284418209484247,3484.5132973729933,27.85205929285561,13,Tienda,Gaming,Premium,27.85205929285561,8.0,0,290.3761081144161,1.9258456558800376,1,6437.3951691578295,607.0000000000001,0.19190807305789148,43,7,0.4867294010732296,0,Medio,3133.269495155892
PREM_0353,19.816629735001143,7.988506591476127,2164.65544776604,39.85330721970079,21,Tienda,Smartphones,Premium,39.85330721970079,8.1,0,180.3879539805033,32.230342745235475,0,5834.313244667264,-1694.0900000000001,-1.4793826316480214,52,7,0.05478950043610652,0,Bajo,319.6591080630791
PREM_0354,12.711115691719524,9.108153639693942,2857.0939136094785,22.011630923034097,16,Online,Gaming,Premium,22.011630923034097,8.5,0,238.09115946745652,6.458013861010307,0,4453.989543050473,1038.78,0.5502478388625871,45,9,0.05938013311331156,0,Bajo,264.47849195163485
PREM_0355,10.409183544372327,12.63989770109934,3371.559036789344,31.789545093857814,9,Tienda,Accesorios,Premium,31.789545093857814,7.6,0,280.96325306577864,1.0,0,6832.530274410512,1882.6899999999998,0.5420791131154132,45,13,0.03519456132569693,0,Bajo,240.46790575242161
PREM_0356,11.283400969346284,6.463971585233248,3943.564809074539,24.294659095417668,19,App,Smartphones,Premium,24.294659095417668,5.7,0,328.6304007562116,1.0,0,4565.164450511522,1763.37,0.7779002570675534,45,7,0.01616484593600965,0,Bajo,73.79518001506689
PREM_0357,12.965287739667124,6.697971832760986,3031.793990686936,26.364230232111023,14,Online,Laptops,Premium,26.364230232111023,6.8,0,252.6494992239113,1.1583621314576114,0,4524.473167332914,131.35000000000002,0.2561382341897128,43,7,0.02723141688158281,0,Bajo,123.20781498917798
PREM_0358,10.480612284352365,9.355142617280071,2898.590999140607,27.148648959976093,15,Tienda,Accesorios,Premium,27.148648959976093,7.6,0,241.54924992838392,7.885967201888546,0,5016.199460366152,-333.83000000000015,-0.16061152678045273,47,10,0.05383514853343938,0,Bajo,270.0478430221703
PREM_0359,13.715162559754898,8.317784194902565,2700.1185230588626,29.695029429214586,16,App,Accesorios,Premium,29.695029429214586,8.9,0,225.00987692157187,10.004109199180409,1,5919.990770532484,-1088.83,-0.37306919072420464,45,10,0.07373950260164154,0,Bajo,436.537174825374
PREM_0360,9.587168415529511,7.726948553648795,3319.7919701572346,40.86112736892974,17,Online,Smartphones,Premium,40.86112736892974,6.1,0,276.6493308464362,16.453017592453005,1,6877.156419114014,-1146.37,-0.7384437503378855,45,9,0.08121450641558166,0,Bajo,558.5248641210937
PREM_0361,11.176562276478638,7.506843306919523,2693.935502130531,15.611053609090026,11,Online,Smartphones,Premium,15.611053609090026,8.2,0,224.49462517754424,12.392670479556442,0,2871.7646061936043,791.1399999999998,-0.7140313389641919,43,9,0.03490490727793291,0,Bajo,100.23867730323728
PREM_0362,13.334716239781589,9.04109075777543,3125.9779984493744,18.2566109858791,10,App,Gaming,Premium,18.2566109858791,10.0,0,260.49816653744784,28.798923668619288,0,4755.813689008934,823.56,0.401888332371199,43,11,0.04943036822444322,0,Bajo,235.0816218545593
PREM_0363,17.477019189687503,6.7228652539007605,2572.357300608495,30.65652199331525,12,Online,Accesorios,Premium,30.65652199331525,7.0,0,214.36310838404123,23.078578229552036,0,4603.5613873313405,-1505.92,-0.7148220261917012,59,7,0.035730433691812453,0,Bajo,164.4872448962306
PREM_0364,15.404276856082454,12.001142737925337,2754.3419388328243,18.260831048085876,17,Online,Gaming,Premium,18.260831048085876,8.5,0,229.52849490273536,7.564162449148459,0,3566.909954404894,-1643.2500000000002,-0.8289257776403115,43,13,0.037359720286711515,0,Bajo,133.25875818445377
PREM_0365,11.618143011643708,5.447507333067096,2751.6401504219434,21.33555154399393,11,Online,Gaming,Premium,21.33555154399393,9.8,0,229.30334586849528,30.447251538207095,0,4816.477041887714,1186.58,0.6910582407207971,44,6,0.036463392181971074,0,Bajo,175.62509131381165
PREM_0366,7.417365715338581,7.991007031456734,3177.9489172277763,11.684548013440544,10,Online,Smartphones,Premium,11.684548013440544,7.6,0,264.829076435648,19.626581342358183,0,2366.25397761763,-580.7600000000001,-0.2418585345059027,47,10,0.037709584191890154,0,Bajo,89.23045358836698
PREM_0367,7.262559310751909,8.001231402817258,3821.6178930087617,27.402046654798667,13,App,Accesorios,Premium,27.402046654798667,5.1,0,318.46815775073014,7.241839092936336,0,4472.1315778498365,3410.77,0.7619932614745466,48,10,0.03315311067180366,0,Bajo,148.26507313932356
PREM_0368,12.82106757440434,8.475407975620335,3024.0887126392963,22.329719358027685,12,App,Smartphones,Premium,22.329719358027685,8.7,0,252.00739271994132,9.230968765920045,0,4871.177019683589,-2559.55,-1.2694398631608843,47,8,0.018702307870331808,0,Bajo,91.10225231300782
PREM_0369,19.616546358292027,12.251917830724128,4131.26814006888,26.727638316799588,10,Online,Gaming,Premium,26.727638316799588,8.2,1,344.27234500574,21.618759296649134,0,7513.231543736562,1723.96,0.32164939181891006,45,13,0.08246749687750468,0,Bajo,619.5973988730647
PREM_0370,9.321072670046426,8.197862666153824,2669.946990108297,29.83768813441837,18,Online,Gaming,Premium,29.83768813441837,9.9,0,222.4955825090248,11.186720141648934,1,6592.30420693135,272.8899999999999,-0.3796568086849754,47,8,0.08515145411669364,0,Bajo,561.3442891998013
PREM_0371,13.521525792865244,8.618317362713299,2840.496208748365,31.56069177082721,9,Tienda,Accesorios,Premium,31.56069177082721,7.9,2,236.70801739569708,25.6383409286205,0,5865.1061797665525,191.53000000000003,0.23139840523617553,49,10,0.08232300813833068,0,Bajo,482.83318376909546
PREM_0372,10.780783641929045,10.477830942087364,3111.768675908681,41.02676767513089,14,Tienda,Gaming,Premium,41.02676767513089,9.2,0,259.3140563257234,13.112714319412325,0,9759.05194040802,-352.8200000000003,-0.3463536335298091,43,12,0.06789377274023575,0,Bajo,662.5788546022189
PREM_0373,14.13926934538364,11.457961004978124,2417.615351782724,31.667093628411877,13,Online,Laptops,Premium,31.667093628411877,6.6,0,201.4679459818936,14.5896025635525,1,4235.766219278748,1179.47,0.3126895743058698,45,11,0.19118046650848838,0,Bajo,809.7957618226072
PREM_0374,12.56836898248138,10.149402523330696,3245.2916826258743,35.990533158225205,15,Tienda,Laptops,Premium,35.990533158225205,6.5,1,270.4409735521562,1.0,0,6298.037086275633,144.5899999999998,0.02837829525924107,43,10,0.02702327122888873,0,Bajo,170.1935643920265
PREM_0375,16.6866492471222,8.269328093975059,2440.3801036958084,19.119971424912585,14,App,Laptops,Premium,19.119971424912585,6.7,0,203.36500864131736,7.201553501759204,0,2604.589397991956,-979.1000000000001,-0.16534958585805587,43,9,0.050995230818309124,0,Bajo,132.82163753752062
PREM_0376,10.26839672485941,9.628897834703924,1944.6440107131384,34.50331395917977,16,Online,Gaming,Premium,34.50331395917977,6.3,0,162.0536675594282,16.631750978791644,0,3545.7518580159017,-77.80000000000007,-0.02693887183262411,43,9,0.04882945309675728,0,Bajo,173.13712404372745
PREM_0377,9.720668287044964,9.65901747114602,1889.6957819969923,34.004633340174124,9,App,Laptops,Premium,34.004633340174124,6.9,0,157.47464849974938,22.83609959709005,0,3693.98870318904,1046.2,0.6226711605738073,43,9,0.031633846366212644,0,Bajo,116.85507111520717
PREM_0378,12.396506144618549,7.712938604591217,2106.0784090973625,32.84708438365816,14,App,Gaming,Premium,32.84708438365816,8.9,0,175.50653409144687,14.520626841845989,0,5149.366234702652,238.05000000000018,-1.1660688725692196,44,8,0.06044254745528958,0,Bajo,311.2408130056809
PREM_0379,9.440032732890204,8.6675570305797,3720.3129646193047,29.102756039046263,10,Online,Accesorios,Premium,29.102756039046263,10.0,0,310.0260803849421,1.0,0,9022.613383184716,-2155.46,-0.8114123869068877,50,8,0.015294479725772987,0,Bajo,137.99617746260665
PREM_0380,16.83380203207261,12.405654012018555,2142.739925623248,32.36858810509689,11,Tienda,Gaming,Premium,32.36858810509689,10.0,1,178.561660468604,19.810787324900293,0,5779.788839070405,475.97,0.4822346438698912,43,12,0.059772342472441065,0,Bajo,345.4715179073088
PREM_0381,8.443036687086703,10.910601116475506,3325.6280755178764,39.78136540600786,12,Online,Smartphones,Premium,39.78136540600786,9.8,0,277.135672959823,6.173803084482548,0,10834.25505895607,-1390.73,-0.8451052107573888,43,11,0.06946680512700747,0,Bajo,752.6210848767961
PREM_0382,13.31504120137138,9.05560583147988,2754.7722325463405,33.61033861401786,10,Online,Gaming,Premium,33.61033861401786,10.0,1,229.56435271219505,21.719548097218755,0,7715.735628364706,-683.9900000000002,-0.9627443135773639,46,11,0.06026711186398953,0,Bajo,465.0051022276253
PREM_0383,7.618396387963053,9.59678369313261,2766.881059427574,31.87902945225705,13,Online,Laptops,Premium,31.87902945225705,10.0,0,230.5734216189645,7.734655004256124,0,7350.456898698653,-641.93,-0.2729296341149307,45,9,0.048329097488849455,0,Bajo,355.24094804479324
PREM_0384,13.057191287901734,10.450398945346368,2322.3903608704736,23.52269848172827,11,App,Smartphones,Premium,23.52269848172827,9.9,0,193.53253007253943,40.691924656757486,0,4524.226700013949,-212.17999999999995,-0.5679745900592048,50,10,0.05647202274483074,0,Bajo,255.49223310595826
PREM_0385,8.204333916700651,12.494726395831115,3359.314938556231,26.10755770224843,11,Online,Smartphones,Premium,26.10755770224843,10.0,1,279.9429115463526,1.0,0,7284.470998775113,-1384.7500000000002,-0.6571745944205534,43,12,0.02142710265739054,0,Bajo,156.08510789553856
PREM_0386,12.590163647461312,9.153976839449786,3411.1439819116245,30.329154465888323,17,Online,Gaming,Premium,30.329154465888323,6.2,0,284.26199849263537,25.34191822804152,0,5348.584408365736,1888.7399999999998,0.5143522620441539,44,11,0.06257459117106873,0,Bajo,334.68548269743843
PREM_0387,11.749341905869748,5.298736716610295,3268.205686969868,15.001616079176086,13,Online,Smartphones,Premium,15.001616079176086,8.5,0,272.35047391415566,7.46135567736092,0,3483.462543050776,139.07999999999993,0.08135433425245815,44,7,0.05218868380748146,0,Bajo,181.7973252144822
PREM_0388,10.355768832531826,8.738101555631054,2252.567528492566,29.50774183253021,18,Tienda,Gaming,Premium,29.50774183253021,8.2,0,187.71396070771385,41.83177478667122,0,4554.059688498614,-419.34000000000003,-0.4987245674656383,53,10,0.05991037046768612,0,Bajo,272.8354030699073
PREM_0389,5.380450255086815,7.0799074094410726,2726.3746398425656,28.746978994213208,14,Online,Smartphones,Premium,28.746978994213208,8.7,0,227.19788665354716,15.373042938415672,0,5709.251280219496,362.01,0.31728877934539873,44,8,0.055776117428414304,0,Bajo,318.4398698338473
PREM_0390,6.301665441075632,9.885571050643703,2914.4289800300767,30.129537985498164,16,App,Gaming,Premium,30.129537985498164,7.9,0,242.86908166917303,1.0,0,5758.8854064233055,-1506.02,-0.7721552533825288,50,12,0.027531752967200854,0,Bajo,158.55221037606455
PREM_0391,5.02267712288697,10.16448895512752,2760.415227465514,31.60524444267724,12,Online,Gaming,Premium,31.60524444267724,8.3,1,230.03460228879285,6.25553920032285,0,6028.953933904826,923.7099999999999,0.30256278128552916,50,10,0.039880082187053176,0,Bajo,240.43517838608201
PREM_0392,5.980496028683493,9.251967908897822,2817.979264058351,29.57621466301841,9,App,Accesorios,Premium,29.57621466301841,7.1,0,234.8316053381959,1.0,0,4959.414196626905,-506.6600000000003,-0.7221781996322049,47,9,0.03324319113068142,0,Bajo,164.86675403468308
PREM_0393,11.625455245043316,11.65159329508438,2027.70185884945,16.82305451909607,17,Online,Smartphones,Premium,16.82305451909607,8.7,0,168.97515490412084,9.11068929093295,0,2459.056923992605,-115.58000000000004,-0.17221818791450247,45,12,0.07610755917479957,0,Bajo,187.1528203569678
PREM_0394,10.237614126135222,11.081237212019518,2879.751185050164,34.683833774583135,10,Tienda,Smartphones,Premium,34.683833774583135,9.1,0,239.979265420847,10.42238405107102,0,7567.024797299538,-1688.9199999999998,-0.6641570582399673,43,12,0.03616727861218873,0,Bajo,273.6786941092733
PREM_0395,8.831164375261233,4.5273419433717095,3046.4573137455304,26.505572869911983,16,Online,Smartphones,Premium,26.505572869911983,6.2,0,253.87144281212755,8.79580060724317,0,4151.686191958714,2172.04,0.77853503890752,45,4,0.033714296837906034,0,Bajo,139.9711806535318
PREM_0396,7.625771416447057,7.35505817430142,3512.631506299841,40.28449902332332,12,App,Accesorios,Premium,40.28449902332332,9.0,0,292.71929219165344,14.40376630059249,0,10593.191350996203,969.9200000000003,-0.06051265170393431,51,7,0.06668129535874534,0,Bajo,706.3677212674844
PREM_0397,8.14906973886155,8.586777440607907,3166.129701753533,29.255783687747478,15,Online,Gaming,Premium,29.255783687747478,7.6,0,263.8441418127945,8.75130703640601,0,5841.403753075395,-1364.14,-1.194855680385311,49,8,0.03456059873840413,0,Bajo,201.88241117904664
PREM_0398,13.637802087702497,9.337382650678864,2730.206176434245,25.661442805293703,13,App,Accesorios,Premium,25.661442805293703,9.9,0,227.51718136952044,24.425306268703032,1,5752.396998310086,578.65,0.2921322818630862,43,10,0.13238206127288424,0,Bajo,761.5141718962411
PREM_0399,7.722852578324699,5.426108537320303,3494.4077870341403,38.29277895518099,7,Online,Accesorios,Premium,38.29277895518099,8.3,0,291.2006489195117,19.537715339399885,0,9235.238050015814,2241.53,0.8385118576928573,43,8,0.039824936151513834,0,Bajo,367.7927656859109
PREM_0400,10.246963530485752,7.923681997586543,3910.699565168025,29.28814308403565,8,App,Accesorios,Premium,29.28814308403565,6.2,0,325.8916304306687,1.0,0,5950.341323829922,3110.1,0.551690366270487,43,7,0.018854145340381972,0,Bajo,112.18860014437021
PREM_0401,12.901056468990198,10.38544551023372,2038.4017020719805,41.620117265036846,16,Tienda,Smartphones,Premium,41.620117265036846,7.4,0,169.86680850599836,1.0,0,5210.040448760865,-2726.6,-1.2663600924585268,49,12,0.025133999953266536,0,Bajo,130.94915639567233
PREM_0402,7.335048424562776,4.768316869533546,2981.3867830885856,34.022617710467784,10,Tienda,Laptops,Premium,34.022617710467784,6.8,0,248.44889859071543,1.0,0,5721.808080191154,212.7800000000001,-0.06017016380185205,63,5,0.020710499397368014,0,Bajo,118.50150279665432
PREM_0403,14.618706469929254,8.053469906333902,4210.123480003433,6.685341431404424,11,Online,Accesorios,Premium,6.685341431404424,5.9,0,350.8436233336194,11.831646999988171,0,1381.8663424226554,2609.29,0.8619492569164122,43,8,0.022633891831925476,0,Bajo,31.277013320572873
PREM_0404,17.003817896907396,9.452457641168174,3401.449875203204,36.67780913739957,11,Online,Gaming,Premium,36.67780913739957,9.5,0,283.4541562669337,21.63735883641404,0,9902.889085684788,2301.86,0.7212959166621439,53,10,0.03421031091132479,0,Bajo,338.78091454164144
PREM_0405,16.166898656235404,10.167088606023777,2722.289651881936,32.638858282361056,17,App,Accesorios,Premium,32.638858282361056,7.4,0,226.8574709901613,1.0,0,5479.216377517504,-586.3300000000002,-0.5135235216444684,43,10,0.038385223669247855,0,Bajo,210.3209461832154
PREM_0406,2.648980666259387,6.266536533034188,2221.913477358884,23.008565593738066,13,App,Smartphones,Premium,23.008565593738066,9.9,0,185.15945644657367,3.9104689070395873,0,4238.2957805569895,1073.1499999999999,0.8117182505387929,43,7,0.05219012595723571,0,Bajo,221.1971906312899
PREM_0407,10.688705894629212,8.323012071415405,3697.661340055336,24.19209118090906,19,Online,Accesorios,Premium,24.19209118090906,5.8,0,308.13844500461136,21.36478556466044,0,4325.251787934689,185.72999999999996,0.29845957308798676,43,8,0.022445386638390054,0,Bajo,97.08194868858196
PREM_0408,10.15993135589482,7.094883754362874,2776.4965776362683,27.49955931209301,11,Online,Laptops,Premium,27.49955931209301,8.7,0,231.3747148030224,1.2573942810043608,0,5554.580984714866,49.289999999999736,0.04092372036964426,53,7,0.026402639768456276,0,Bajo,146.65560080414375
PREM_0409,11.442411197347065,10.479306303449343,1654.3863474956242,38.54641859882136,11,Tienda,Smartphones,Premium,38.54641859882136,5.8,0,137.86552895796868,23.255093807592697,0,3099.731480235811,-987.1200000000001,-1.1642525961958783,43,10,0.09608917877545692,0,Bajo,297.85065236029055
PREM_0410,11.518917639189858,9.03225859049004,2834.664618408108,22.27463989025889,14,Online,Accesorios,Premium,22.27463989025889,7.6,1,236.22205153400895,13.528442959586092,1,4018.2538227713258,1323.27,0.4825977029367099,51,10,0.21905094234939718,0,Bajo,880.2022864771264
PREM_0411,9.479125787209572,9.13985853428128,3526.146100304126,25.84786762868142,17,Online,Smartphones,Premium,25.84786762868142,5.8,0,293.84550835867714,1.0,0,4428.71950823587,1543.02,0.16594437093914652,43,11,0.031218325717599683,0,Bajo,138.25720811999528
PREM_0412,6.23262229600115,10.714661531121235,2240.7323521262388,18.223833027438765,15,Tienda,Smartphones,Premium,18.223833027438765,9.3,1,186.7276960105199,1.0,0,3158.2985321392857,-1247.7400000000002,-0.5752597202917376,49,10,0.03327379849083399,0,Bajo,105.08858893229937
PREM_0413,7.845824716624111,5.737448369078109,2057.5440170664565,28.87526777466376,14,Tienda,Gaming,Premium,28.87526777466376,8.5,0,171.4620014222047,16.18869802822715,0,4223.159781375634,10.239999999999782,-0.973853727109375,46,6,0.04568198075825707,0,Bajo,192.92230387184688
PREM_0414,18.74266169956807,9.683400767261874,2173.2554680859707,14.105468731647797,8,App,Laptops,Premium,14.105468731647797,8.4,0,181.1046223404976,26.683930949184703,0,2145.0609379464217,461.68999999999994,0.1965669593777274,50,10,0.04324484917543266,0,Bajo,92.76283673360513
PREM_0415,18.271184524785888,7.280999920399646,3115.114234202637,18.89754272277092,11,App,Gaming,Premium,18.89754272277092,8.4,0,259.59285285021974,24.048278917219378,0,4097.371782177082,1465.86,0.6831801018389883,51,7,0.054104814327022646,0,Bajo,221.68753950347292
PREM_0416,15.449733638221428,9.681016185484047,2536.848573589194,30.8402527853667,14,Online,Accesorios,Premium,30.8402527853667,8.9,0,211.40404779909952,33.57903684246416,0,5794.45363546843,-2033.2299999999998,-1.075144256499004,44,10,0.032449002453445834,0,Bajo,188.0242402336932
PREM_0417,8.87920348353015,11.66114980807808,2081.926812144213,35.149581515112885,15,App,Accesorios,Premium,35.149581515112885,5.9,0,173.49390101201774,1.0,0,3607.126604795688,728.69,0.48780602118803934,43,13,0.04040885777886573,0,Bajo,145.75986596355176
PREM_0418,5.261197224056698,4.870605020082495,3723.844457605527,36.847239887338176,13,Online,Accesorios,Premium,36.847239887338176,6.8,0,310.32037146712725,1.0,0,7831.500986707297,3590.38,0.7181425505436401,48,5,0.026773642973246897,0,Bajo,209.67781136273194
PREM_0419,15.712180284022768,10.085656702541351,3681.749522416532,30.36341829251908,10,Online,Gaming,Premium,30.36341829251908,8.3,0,306.81246020137763,3.651412657082872,1,7732.384840952495,2081.66,0.5758417118800169,45,11,0.3949186381298601,0,Medio,3053.6628908849343
PREM_0420,9.119083649924194,9.038189439915133,2487.770727878563,25.82835411638341,23,Online,Accesorios,Premium,25.82835411638341,8.5,0,207.3142273232136,12.311261390805864,0,4548.60691001463,870.5500000000001,-0.3324409211186145,43,10,0.035461336908548434,0,Bajo,161.29968210058024
PREM_0421,18.66889644620455,12.046477243424516,3241.373198347448,42.25439127016848,13,Tienda,Smartphones,Premium,42.25439127016848,10.0,0,270.1144331956207,14.482911302432054,1,11382.49091838784,1889.94,0.46763778772275627,49,13,0.4916019512275041,0,Medio,5595.654745308808
PREM_0422,14.734689685667668,8.889105275772415,3496.2961224364053,17.849552739395822,15,Tienda,Smartphones,Premium,17.849552739395822,7.2,0,291.35801020303376,1.0,0,3720.824010769517,37.099999999999966,-0.1656173472109413,46,9,0.05698600571648494,0,Bajo,212.03489834774612
PREM_0423,16.291546971971574,9.65087371886762,2628.2988179872177,11.081069639864076,20,Online,Smartphones,Premium,11.081069639864076,5.8,1,219.0249014989348,30.368744115191426,0,1405.2371234048703,2444.22,0.8847375329722617,43,9,0.030591971637158513,0,Bajo,42.98897422268401
PREM_0424,16.78088268608686,9.956404523803515,2762.734402047889,37.83071436058043,17,Tienda,Laptops,Premium,37.83071436058043,10.0,1,230.2278668373241,13.861406285565293,0,8709.684668168557,-2566.77,-0.6231815533812768,44,11,0.02703314850552065,0,Bajo,235.45019907085694
PREM_0425,16.029775892780794,6.490154663995416,2910.82628486865,35.50332430008524,14,Online,Laptops,Premium,35.50332430008524,7.5,1,242.5688570723875,21.05911491840084,0,6471.2137720348455,1813.97,0.9013366673129491,56,6,0.03719777198488506,0,Bajo,240.71473435760015
PREM_0426,13.505287108124731,9.62243179590298,2879.864141478378,26.942055567012936,15,App,Gaming,Premium,26.942055567012936,8.9,0,239.9886784565315,21.42912956548492,0,5734.46918445808,-4871.5,-3.125309696677785,45,10,0.021213766460310812,0,Bajo,121.64969005294272
PREM_0427,11.537385725807075,9.505179854758184,3191.587844306247,18.89850034759413,15,Online,Laptops,Premium,18.89850034759413,6.9,0,265.96565369218723,27.91672289605546,0,3474.5883636545323,1078.16,0.33164088668843694,43,9,0.03119906687472727,0,Bajo,108.40391471980695
PREM_0428,14.52976986547139,9.579904881499695,2921.373433831773,26.07037800159884,20,Online,Smartphones,Premium,26.07037800159884,8.3,0,243.44778615264772,1.0,0,5273.969265932528,137.4699999999998,-0.24655824377999716,43,12,0.026151721894253126,0,Bajo,137.92337752150578
PREM_0429,11.13732944980947,7.254077819092599,3328.8445173541427,33.76908290036465,8,Tienda,Smartphones,Premium,33.76908290036465,8.4,0,277.40370977951187,1.0,0,7886.64601135075,504.44999999999993,0.3081934770555579,49,9,0.02794870110255432,0,Bajo,220.42151207289433
PREM_0430,7.391322481919925,9.356061469358744,2873.8636507525657,35.394674263934256,17,Tienda,Smartphones,Premium,35.394674263934256,7.4,0,239.48863756271385,32.19312458027257,1,6238.260137207387,-243.50000000000003,-0.25256228463947544,45,13,0.5375428034422316,1,Medio,3353.331842756379
PREM_0431,6.444367315883571,7.809793122704553,2630.267967688225,23.04741810786233,8,App,Gaming,Premium,23.04741810786233,6.5,0,219.18899730735208,14.750331622029057,0,3274.033284486671,-3498.7200000000003,-2.2940091628707004,44,7,0.018854079816117184,0,Bajo,61.728884866335996
PREM_0432,8.817240948018895,8.632306238556241,1622.375451994938,24.842985502412805,13,Online,Gaming,Premium,24.842985502412805,9.7,0,135.1979543329115,16.206400095473054,0,3259.414921973703,907.4000000000001,0.5081165025353527,46,11,0.05610758716294722,0,Bajo,182.87790683485034
PREM_0433,7.386597957616162,11.274629084729458,3003.1317257715486,20.49659538770881,8,Tienda,Smartphones,Premium,20.49659538770881,8.7,0,250.26097714762903,15.060932767774084,0,4481.461858870332,-629.6000000000001,-0.08378065926730426,44,14,0.03795580614095301,0,Bajo,170.09749754335724
PREM_0434,15.12326171125655,7.75079818646332,2870.730703662013,26.62919205757105,15,Online,Accesorios,Premium,26.62919205757105,6.6,0,239.2275586385011,10.133147598223648,0,4181.218658070425,-2232.17,-1.208042400163528,47,7,0.029684107535483045,0,Bajo,124.1157442755306
PREM_0435,16.18100405949231,9.699539041212116,2622.3723398072584,26.07877750154007,23,Online,Accesorios,Premium,26.07877750154007,8.4,0,218.53102831727156,28.72069669227345,0,4794.098843210513,-955.4099999999999,-0.6210122473919366,45,10,0.04559245086167749,0,Bajo,218.57471593510024
PREM_0436,15.685656722697916,7.492172941266711,3411.0132305369616,31.72276938821317,6,Online,Accesorios,Premium,31.72276938821317,7.6,0,284.2511025447468,1.0,0,6893.091087026497,-1.7200000000002547,-0.07914273779854442,58,8,0.025318064871166765,0,Bajo,174.51972730419828
PREM_0437,11.990384636324585,7.821456696421388,2144.701820369146,34.67801061059906,11,App,Gaming,Premium,34.67801061059906,8.3,0,178.72515169742883,6.653238326948881,0,5127.828282020836,-248.2099999999999,-0.1141099081420783,47,7,0.07803600092784024,0,Bajo,400.1552125735834
PREM_0438,7.585448515002408,9.271264017551909,3406.421298751666,33.99235155620831,12,Tienda,Smartphones,Premium,33.99235155620831,8.5,0,283.86844156263885,12.705875438387505,0,8241.342305228143,-2199.54,-1.095043306431257,50,10,0.027774900702724346,0,Bajo,228.90246418487303
PREM_0439,10.503278896039266,8.688868610956328,3259.717605504464,36.08331061000524,12,Online,Smartphones,Premium,36.08331061000524,7.2,1,271.64313379203867,1.0,0,7081.24630418466,-2127.7000000000003,-0.7191754104824633,45,12,0.03921926964374734,0,Bajo,277.7213082176075
PREM_0440,7.239203887617952,11.17471365143193,3290.87637174891,11.14519686913752,17,Tienda,Smartphones,Premium,11.14519686913752,5.2,0,274.2396976457425,19.20575963330161,0,1585.2415934540852,1912.15,0.6222081396559863,43,11,0.04299125975138784,0,Bajo,68.15153311288853
PREM_0441,9.62475436772518,8.668737179364735,2847.14621783149,10.970127244681503,9,App,Gaming,Premium,10.970127244681503,7.5,0,237.26218481929084,1.0,0,1940.0475379882687,-839.1700000000001,-0.49492342838145603,47,9,0.03927409007755099,0,Bajo,76.19360176168229
PREM_0442,11.454646611942056,11.120791810467765,3708.0067012836817,39.85212634273267,13,Online,Smartphones,Premium,39.85212634273267,7.9,1,309.0005584403068,13.408071665115394,0,9690.091722994071,-28.25999999999999,-0.3825700810193442,50,12,0.09657695991996174,0,Bajo,935.8395999523514
PREM_0443,12.69010713169236,10.021725978296637,4266.749651549504,23.661741297898686,14,Online,Smartphones,Premium,23.661741297898686,8.8,1,355.5624709624587,13.029938063574187,0,7426.762089484617,496.19000000000005,0.26302695245183955,44,11,0.05006730005308886,0,Bajo,371.8379259571315
PREM_0444,13.930776206464616,7.144975612949192,2865.1127656434137,24.65729340702917,16,Online,Laptops,Premium,24.65729340702917,10.0,0,238.75939713695115,8.812724437352431,0,5887.160508891206,95.89999999999986,0.03922043715306286,45,9,0.05427412957718445,0,Bajo,319.5205123012444
PREM_0445,12.85029612252886,11.053972526639464,3463.540254614385,23.488420095534053,14,Tienda,Laptops,Premium,23.488420095534053,9.2,0,288.6283545511988,35.57732779218122,0,6249.934654941337,1533.07,0.37390139788974414,51,13,0.1171992971830266,0,Bajo,732.4879489989665
PREM_0446,10.920637837312732,8.421271149764342,2894.2265483252027,36.15508781568168,18,Tienda,Accesorios,Premium,36.15508781568168,10.0,0,241.1855456937669,11.25038730903379,0,8720.08458443125,1308.31,0.8519241987984696,46,9,0.0554576290139137,0,Bajo,483.5952158533361
PREM_0447,16.809910990612032,9.63429396942095,2772.483244378587,21.34983380838151,15,Tienda,Smartphones,Premium,21.34983380838151,8.2,0,231.04027036488228,31.099784582361792,0,4067.122967646797,-1046.49,-0.3459140086796123,45,10,0.06412497157791161,0,Bajo,260.8041447042224
PREM_0448,14.38315120639744,6.965189957420583,2210.126719250895,15.049557529138568,15,Online,Laptops,Premium,15.049557529138568,7.2,0,184.17722660424124,15.21593530941837,0,1998.1869789086047,-1124.0900000000001,-1.3028761846781267,44,6,0.04248309630996031,0,Bajo,84.88916987028288
PREM_0449,14.728277960250525,9.252355807323934,2666.5150619330407,44.37489756575646,11,Online,Gaming,Premium,44.37489756575646,6.6,2,222.20958849442005,11.999929758218556,0,6485.98730442944,332.2200000000001,0.23385771395339572,46,9,0.07029641888270065,0,Bajo,455.9416804200504
PREM_0450,11.118055383330354,8.470770593255741,3771.028797308701,25.91163046495878,19,Online,Accesorios,Premium,25.91163046495878,6.9,0,314.2523997757251,22.592552620900364,0,5584.906944450766,4121.87,0.930206509355202,44,8,0.013504853335490225,0,Bajo,75.42334917716845
PREM_0451,13.303363408591698,11.416695635147128,3484.8785907833503,23.52536049490204,14,Tienda,Smartphones,Premium,23.52536049490204,9.0,0,290.40654923194586,1.0,0,6181.082568401504,1223.27,0.011750378823220081,46,16,0.04359600661100228,0,Bajo,269.47051651518296
PREM_0452,10.78707630382853,8.93177019497131,3137.4064235405003,24.897599129069818,9,Online,Smartphones,Premium,24.897599129069818,7.9,0,261.4505352950417,1.0,0,5122.73299691906,2647.63,0.844720222159747,54,8,0.022233590734453045,0,Bajo,113.89674889537648
PREM_0453,6.846769530145849,9.585430964283706,2887.3127186609445,23.08701947993347,17,Online,Accesorios,Premium,23.08701947993347,6.8,0,240.60939322174536,11.076433275887402,0,3804.448560960605,320.97999999999996,-0.05377012884581994,52,10,0.04206528513328025,0,Bajo,160.03521349170558
PREM_0454,17.73148972506833,6.114546557253508,2284.583476678775,34.5083843197644,15,App,Smartphones,Premium,34.5083843197644,9.0,0,190.3819563898979,6.061110765900851,0,5911.196854328821,182.93999999999994,0.07566768266896746,52,6,0.06936104601490072,0,Bajo,410.0067970162377
PREM_0455,2.4942685746485456,8.32261732015625,2681.338573176632,29.512889732831525,13,Online,Accesorios,Premium,29.512889732831525,7.0,0,223.44488109805263,9.614344623736876,0,4600.189075804225,-2243.8500000000004,-0.6173612492358638,46,9,0.028409877911547376,0,Bajo,130.690810013632
PREM_0456,12.800958293845916,9.016558548666868,2411.4562026553604,21.614475004629888,19,Online,Laptops,Premium,21.614475004629888,10.0,0,200.95468355461333,18.92617921741908,0,4343.529984754499,-1481.4,-0.9374732481010633,48,10,0.029953364185846612,0,Bajo,130.1033354854963
PREM_0457,10.181809125026223,8.562693445129929,2745.160265494532,27.35297201707631,8,Online,Smartphones,Premium,27.35297201707631,8.4,0,228.7633554578776,1.9352652361888725,0,5250.22880587839,-716.6600000000001,-0.33485867921623236,43,9,0.03898158025231152,0,Bajo,204.66221553934614
PREM_0458,12.63550848396461,8.265460586291562,3382.11809601118,18.36051519017569,9,Online,Gaming,Premium,18.36051519017569,9.4,0,281.8431746675984,3.4654626480758037,0,4863.574417132682,-2864.04,-1.1991866466009515,46,9,0.025094819450144894,0,Bajo,122.05052188028836
PREM_0459,1.436409282625176,8.353124264910793,2866.233783464618,32.05936742266631,16,Online,Smartphones,Premium,32.05936742266631,5.8,0,238.85281528871815,19.179415238505044,0,4425.347600324873,-344.56000000000006,-0.03192791537184007,43,8,0.03914946951119593,0,Bajo,173.2500109553627
PREM_0460,6.954324032994397,10.014682043785747,2239.1927737100477,29.691662030937888,12,Online,Accesorios,Premium,29.691662030937888,8.7,2,186.5993978091706,1.0,0,4829.598322836851,-2712.43,-1.2747958202204686,44,10,0.018859906898699454,0,Bajo,91.08577472681804
PREM_0461,16.722563649808578,7.745373108097394,2827.1336253999893,28.409583215048684,10,Online,Accesorios,Premium,28.409583215048684,10.0,0,235.59446878333245,16.444982462749106,0,6693.140665905272,1237.53,0.2929002268908029,48,7,0.05084910521749655,0,Bajo,340.34021395612206
PREM_0462,11.318796137957492,9.079121516509124,3118.3399627226404,23.827128705167823,11,Online,Gaming,Premium,23.827128705167823,7.9,0,259.86166356022005,12.623273104003538,0,4877.220491114361,1802.3700000000003,0.28621365745967564,55,10,0.0342986049090865,0,Bajo,167.28185867923227
PREM_0463,13.358895437499028,9.564005250033713,2895.83063720926,25.07006642017456,9,Tienda,Smartphones,Premium,25.07006642017456,7.1,0,241.31921976743837,15.641710760994057,0,4302.635245557998,-199.83999999999986,-0.4551709049599051,43,10,0.04416691631792419,0,Bajo,190.0341308371113
PREM_0464,16.554939097094426,12.940516897268274,2899.4400165189504,23.59893799903767,14,Online,Smartphones,Premium,23.59893799903767,8.7,0,241.6200013765792,11.803767473875954,0,4944.707718643498,-47.83000000000004,0.16013712543112948,46,14,0.07314540208231034,0,Bajo,361.6826342596821
PREM_0465,9.672871866431784,6.652240071182055,2681.2373626091908,44.54325070530842,13,Tienda,Accesorios,Premium,44.54325070530842,5.8,0,223.43644688409924,3.1609412988714887,0,5747.7229827221845,562.45,0.3765014050243967,44,6,0.051808880904707526,0,Bajo,297.78309548510396
PREM_0466,14.97324851817168,6.557009873866869,2430.128592819372,19.970710306625584,10,App,Accesorios,Premium,19.970710306625584,7.3,0,202.510716068281,6.32746387060506,0,2964.312248425912,440.16999999999985,0.21924963097709313,57,6,0.051351597900364546,0,Bajo,152.22217063229297
PREM_0467,16.818697759974818,7.751802575348579,1827.1635063266983,31.469993767090767,16,Tienda,Laptops,Premium,31.469993767090767,9.4,0,152.2636255272249,24.53498895866397,0,4510.704722520855,1136.1000000000001,0.8309448834301028,45,7,0.057207967062106374,0,Bajo,258.04824719286074
PREM_0468,7.607634826255936,9.07830918362625,1684.0390829040364,23.157236772981747,19,Tienda,Laptops,Premium,23.157236772981747,6.8,0,140.33659024200304,11.870072328515349,0,2222.8568741847903,257.3399999999999,0.05713453178407039,45,9,0.031810205555167746,0,Bajo,70.70953408753583
PREM_0469,4.639689021976989,8.935438777901059,3184.325761044864,28.98462561324945,9,Online,Laptops,Premium,28.98462561324945,8.1,0,265.360480087072,6.936589587023199,0,6237.376822065219,-1438.0900000000001,-0.2712445372600191,43,8,0.02351059204665531,0,Bajo,146.6444219048387
PREM_0470,8.442592027683169,11.756568187245348,2582.3460803202665,23.58751352860792,15,Online,Laptops,Premium,23.58751352860792,6.3,0,215.19550669335555,5.710921286602722,0,3189.481731591442,-796.49,-0.4482938888220368,54,11,0.04286485342746858,0,Bajo,136.71666693425584
PREM_0471,15.7448360383198,9.369620604979476,3551.853350381246,31.133364924922173,13,App,Smartphones,Premium,31.133364924922173,5.8,1,295.9877791984372,1.0,0,5357.300537262357,718.8700000000001,0.06148393578761491,45,9,0.03209047484745788,0,Bajo,171.91831814129026
PREM_0472,8.22321742249361,8.028274623191392,3110.4530795136798,23.45996052890301,12,Tienda,Smartphones,Premium,23.45996052890301,8.5,0,259.2044232928066,24.172328703469105,0,5186.568267322869,1551.26,-0.009527415394962602,43,9,0.03564454049919727,0,Bajo,184.87284265644143
PREM_0473,19.681470008577044,6.554209960888873,2842.752249946536,17.651938998367235,10,Online,Smartphones,Premium,17.651938998367235,9.2,0,236.89602082887797,19.71873282883135,0,3837.363174156327,-792.5999999999999,-0.2741157729059211,49,9,0.04907780440509875,0,Bajo,188.32935929257312
PREM_0474,5.644210868335562,11.96021758390923,2552.205019546154,34.281001765405016,11,Online,Smartphones,Premium,34.281001765405016,8.2,0,212.68375162884612,15.362371232322058,0,6012.696392176797,-2159.3,-1.405863311765724,43,11,0.030112044799040873,0,Bajo,181.05458312425915
PREM_0475,11.570580837143934,10.998838065355825,3941.975612636296,34.03260746526472,11,Online,Laptops,Premium,34.03260746526472,7.4,0,328.49796771969136,25.045351349985765,0,8235.78345438528,2667.1600000000003,0.492497215623206,43,13,0.03500211394074208,0,Bajo,288.269830861672
PREM_0476,4.747066855987819,6.882778818941602,4007.220478576366,29.08938306451861,20,App,Smartphones,Premium,29.08938306451861,8.0,0,333.9350398813638,1.0,0,7744.385111763914,1738.1,0.36096664400129713,48,7,0.02089047267345476,0,Bajo,161.78386555001396
PREM_0477,11.283626859935374,9.791639562191849,3215.713453490687,33.87710036367464,12,Tienda,Smartphones,Premium,33.87710036367464,6.9,1,267.9761211242239,17.207834587924598,0,6260.771727843614,1866.27,0.663796805606016,43,10,0.028593943240835185,0,Bajo,179.02015142978593
PREM_0478,19.70483025093031,6.904355891744616,2311.297473543034,39.074595345234,9,Online,Smartphones,Premium,39.074595345234,7.6,0,192.60812279525285,3.205065357517654,0,5733.300559505473,195.2399999999999,-0.3548463513957228,46,6,0.09706971318209384,0,Bajo,556.5298408979344
PREM_0479,9.994522913328726,6.163880156062128,2300.023025054506,22.89378427442282,12,App,Accesorios,Premium,22.89378427442282,8.1,0,191.66858542120883,3.776036652582622,0,3539.145962891333,1141.18,0.6139262329038631,47,6,0.04447523690500373,0,Bajo,157.4043551409796
PREM_0480,13.610888867491282,7.177652047298342,2685.905233756763,28.453940537296432,11,Online,Gaming,Premium,28.453940537296432,9.1,0,223.82543614639687,4.421541571949778,0,5784.418565782481,900.72,0.38833352953611794,43,7,0.04785469746998289,0,Bajo,276.81160050527296
PREM_0481,13.034644591421552,9.42547955171532,3269.7242409691435,24.55099544339921,9,App,Smartphones,Premium,24.55099544339921,5.2,0,272.477020080762,1.0,0,3448.804539872783,2688.47,0.6867629186457728,43,10,0.02030117898516157,0,Bajo,70.01479824879516
PREM_0482,10.4226908030593,8.696293276547014,2116.1849769716755,33.74619525579568,10,Online,Accesorios,Premium,33.74619525579568,10.0,0,176.34874808097297,16.158225896333697,0,5951.099285855637,880.48,0.47613486821344414,48,9,0.04752187316831496,0,Bajo,282.80738547448135
PREM_0483,11.48440326352724,9.681308272824282,3521.8287113235547,34.20338986471499,11,Online,Smartphones,Premium,34.20338986471499,6.3,0,293.4857259436296,12.044946195555095,0,6311.58604934274,-1992.96,-0.6841508469065454,43,11,0.02400307350250419,0,Bajo,151.49746385975382
PREM_0484,8.959307779539118,9.355833614019744,3559.219655818939,39.89330931402539,15,App,Smartphones,Premium,39.89330931402539,10.0,0,296.6016379849116,1.0,0,11832.42088717866,269.78000000000003,-0.3700356475103696,44,10,0.034680854769704,0,Bajo,410.3584703622552
PREM_0485,16.76682998842826,8.832564080301577,2128.2723229700987,24.85176115224217,18,Online,Gaming,Premium,24.85176115224217,10.0,0,177.3560269141749,31.243160476107747,0,4407.609619781708,-676.94,-1.3101895860988255,44,12,0.06927137513527083,0,Bajo,305.3211794217271
PREM_0486,5.04244955537682,10.409211639418151,3671.9693837514815,27.095492287783756,20,Online,Gaming,Premium,27.095492287783756,6.6,0,305.9974486459568,7.831269770601698,0,5480.778413949457,660.01,0.22555385786296395,51,10,0.04270525928626251,0,Bajo,234.05806325826217
PREM_0487,8.086711169632228,11.813561711576078,3016.849314263188,32.8658311624585,8,App,Accesorios,Premium,32.8658311624585,5.7,1,251.40410952193236,2.429712912462901,0,4738.599899074639,-742.3400000000001,-0.952860323563161,43,13,0.08493208927513127,0,Bajo,402.4591896673353
PREM_0488,11.184636277045405,7.835384860934474,2569.4571889217978,32.17446992014985,16,App,Laptops,Premium,32.17446992014985,7.0,1,214.12143241014985,19.878310025306845,0,4792.970366018082,-1182.0600000000002,-1.0071186775700687,43,10,0.040461551633262406,0,Bajo,193.93101794133725
PREM_0489,9.901731944931797,11.704405357734288,3054.4401169110706,28.315576385925915,12,Online,Laptops,Premium,28.315576385925915,5.8,0,254.53667640925588,3.4691965033514043,0,4196.4167088836375,-759.6600000000002,-0.20220101861973863,44,11,0.034137243816137995,0,Bajo,143.2541003452761
PREM_0490,11.433320858573584,6.481134779124873,2397.3547438560736,26.966037936379852,12,Online,Smartphones,Premium,26.966037936379852,6.7,0,199.7795619880061,21.44184766161049,0,3634.590649453356,-1807.1799999999998,-1.7984152004957474,49,7,0.037815569145660734,0,Bajo,137.44411402057534
PREM_0491,5.786288806132829,12.491742672270314,3639.5700047620303,24.94454182619708,10,Tienda,Smartphones,Premium,24.94454182619708,7.3,0,303.29750039683586,21.04916289146167,0,5489.107506667658,620.13,0.09905667846931297,45,14,0.047758589513086105,0,Bajo,262.1520322041402
PREM_0492,10.319545753695929,7.634435283157861,3531.826449934116,34.36874164798855,11,Online,Gaming,Premium,34.36874164798855,10.0,1,294.318870827843,28.80746525770079,0,10115.36923360985,2393.2,0.7998522030526903,47,9,0.03326345280423438,0,Bajo,336.47210709958574
PREM_0493,10.168606455270044,8.681275535708187,2577.65034255953,17.215623104478663,10,App,Gaming,Premium,17.215623104478663,8.7,1,214.80419521329415,39.664356318874994,0,3225.171603371188,-1337.8400000000001,-0.028760183838000594,49,9,0.03768920595640457,0,Bajo,121.55415680420427
PREM_0494,15.310407905304183,7.877071286262632,3297.6284761535176,35.20462254554573,18,Online,Smartphones,Premium,35.20462254554573,10.0,0,274.8023730127931,3.956723756275995,0,9674.313816535643,1621.0,0.5727495752221313,43,8,0.05230379519452378,0,Bajo,506.003328507632
PREM_0495,12.13560313650184,6.916304909118942,2059.901449633058,16.082900628511126,15,Online,Gaming,Premium,16.082900628511126,7.9,0,171.65845413608815,2.6463478200505666,0,2186.4934771317658,1070.45,0.4825428522839017,49,8,0.05668513355813501,0,Bajo,123.94167477520516
PREM_0496,15.05067820175421,7.370420780059104,3272.740841036596,16.598694431501883,7,Tienda,Accesorios,Premium,16.598694431501883,9.2,0,272.7284034197163,1.0,0,4161.841671307815,1831.57,0.5874858830143955,46,8,0.022969496275769302,0,Bajo,95.59540676944634
PREM_0497,12.413752517232426,13.084152080287488,2966.4150771788054,27.82176816653029,16,Tienda,Laptops,Premium,27.82176816653029,6.0,0,247.20125643156712,1.0,0,4140.679797648912,478.3800000000001,0.024600426750777574,46,14,0.037840135097019445,0,Bajo,156.683882936534
PREM_0498,16.097995795461948,8.427752819914105,2953.26030674323,14.267664894508377,18,App,Gaming,Premium,14.267664894508377,7.5,0,246.10502556193583,3.688233236784967,0,2648.879421423889,-804.1400000000001,-0.44052133277329525,46,9,0.0782097024394998,0,Bajo,207.16807134767677
PREM_0499,9.898444521452216,11.059765078260662,2161.726230338781,21.68122048760596,10,Online,Accesorios,Premium,21.68122048760596,8.6,0,180.14385252823175,14.60285447032832,0,3371.0425428587214,-4233.360000000001,-1.592923873207583,50,12,0.019540914480087095,0,Bajo,65.87325403873761
PREM_0500,8.404931101890405,4.9941019586556745,2958.356892102932,41.53281732301931,18,Tienda,Laptops,Premium,41.53281732301931,5.0,0,246.52974100857764,18.652550258207118,0,5144.040082376388,802.9200000000001,0.9195067413843798,53,4,0.025597190329023255,0,Bajo,131.6729730487129
REGU_0001,22.489067663953087,3.24164936984504,1066.0924658866436,12.247240341457562,5,App,Smartphones,Regular,12.247240341457562,7.4,0,88.84103882388696,16.73187008420215,0,806.917164179758,-643.6699999999997,-0.9913113844801679,43,6,0.07620219887815202,0,Bajo,61.48886222302036
REGU_0002,55.51793823292398,4.746916732704094,904.2516445483247,9.488452628793542,5,App,Accesorios,Regular,9.488452628793542,9.1,0,75.3543037123604,51.11231168592096,0,649.094009489207,501.14000000000004,0.261065851186262,45,7,0.04984432061839934,0,Bajo,32.35364992046238
REGU_0003,27.329233264638415,3.663665582086912,736.9495921696041,7.686168464444396,7,Tienda,Gaming,Regular,7.686168464444396,9.6,1,61.41246601413368,37.04973139763533,1,453.4282300230347,717.48,0.8180414194921136,52,4,0.11266613713833108,0,Bajo,51.08600714616596
REGU_0004,25.491573262348275,5.508581676699468,1278.5379528369465,12.791973882894895,9,Tienda,Laptops,Regular,12.791973882894895,6.3,0,106.54482940307884,43.28482291253063,0,858.1151479929385,-2401.2200000000003,-2.580244281151467,45,6,0.028171871131190462,0,Bajo,24.174709364979496
REGU_0005,30.201211254426354,5.403942128871101,938.7767424693658,15.912505152996069,10,Online,Laptops,Regular,15.912505152996069,8.0,0,78.23139520578049,35.52120964575864,0,990.0152197171582,120.58000000000003,0.35236915500910526,50,6,0.04104124281944029,0,Bajo,40.63145502735342
REGU_0006,41.47368048432047,5.325359665598544,1234.8452537089047,17.09013089205935,12,Online,Laptops,Regular,17.09013089205935,9.0,0,102.90377114240871,33.066099432942245,0,1578.3820393211097,-456.34000000000003,-0.5575082644545079,43,6,0.04136487720246712,0,Bajo,65.28957923509734
REGU_0007,31.064696956791693,6.201621445682278,672.5117907409377,20.73530688920215,4,Online,Gaming,Regular,20.73530688920215,7.8,0,56.04264922841148,50.268675772136014,0,905.1925139091106,-4505.01,-6.652030808900665,59,9,0.02547526324639707,0,Bajo,23.060017580502535
REGU_0008,16.518968299859548,5.378476858595809,870.3431490268506,20.41118955763184,7,Online,Smartphones,Regular,20.41118955763184,6.9,1,72.52859575223755,19.17256348964992,0,1018.7883877142134,-5136.67,-5.594949314492335,44,7,0.024136754355103793,0,Bajo,24.59024505409021
REGU_0009,53.54308603705692,8.6213259683581,832.4391019241797,12.854680615492711,9,Online,Accesorios,Regular,12.854680615492711,9.2,0,69.3699251603483,47.95023502401011,0,819.5890984288641,-377.87,-1.3063414029341593,49,10,0.04579110093185348,0,Bajo,37.52988712880291
REGU_0010,39.89965356101405,4.534162863982127,943.3271962098704,10.632157330547209,9,Tienda,Smartphones,Regular,10.632157330547209,7.1,0,78.61059968415586,43.22352532558445,0,596.2525806550333,301.92,0.1794099217862333,48,7,0.0438291397668464,0,Bajo,26.13323769387231
REGU_0011,30.283366915263187,6.50244773781284,1298.3636318811075,18.55274551148893,8,Tienda,Gaming,Regular,18.55274551148893,6.8,0,108.19696932342563,27.012025699987333,0,1372.510713937426,-861.22,-1.1475402613944163,43,9,0.04827648827933641,0,Bajo,66.2599973946638
REGU_0012,21.30451514292735,5.985590103138511,1007.4103540974672,10.390252364674696,3,Tienda,Laptops,Regular,10.390252364674696,8.5,0,83.95086284145562,12.134342206317536,0,744.2230951501161,1165.64,0.7402478919197172,47,9,0.05192046925541431,0,Bajo,38.640412330910884
REGU_0013,33.950776054673824,5.822479441331748,1187.398642841122,14.70292409363753,6,Online,Smartphones,Regular,14.70292409363753,5.8,0,98.94988690342684,20.48850802046306,0,847.0606667617734,881.1999999999999,0.7672678221628585,43,7,0.031656739542234136,0,Bajo,26.815178904148645
REGU_0014,18.404780596198627,3.228644822643792,698.2566820495213,13.436420999913118,12,App,Laptops,Regular,13.436420999913118,8.4,2,58.1880568374601,30.27005353200235,0,653.9918591496204,-1615.69,-2.6352174088235243,45,3,0.039918623107173624,0,Bajo,26.106454540553475
REGU_0015,15.25288863149823,7.258317787858743,1241.145867800487,14.563719934085272,7,Tienda,Smartphones,Regular,14.563719934085272,9.5,1,103.42882231670724,2.546381707339023,0,1424.9029139004522,389.05000000000007,0.0612794803501767,48,9,0.047786973758143794,0,Bajo,68.09179815446353
REGU_0016,36.86359809778927,2.2484130405791256,1120.2964125310284,17.510096354984324,7,Tienda,Laptops,Regular,17.510096354984324,7.9,0,93.3580343775857,44.81057274687587,0,1289.8422925052887,971.5,0.7779103883843455,65,3,0.048168799283023214,0,Bajo,62.13015449444177
REGU_0017,27.70128191066289,5.544673441616785,1027.777497785799,5.551753539519236,11,Tienda,Accesorios,Regular,5.551753539519236,5.6,1,85.64812481548324,21.963950821444264,0,268.36507587858466,-2195.83,-2.808898121773477,53,8,0.03755682526399679,0,Bajo,10.078940261731244
REGU_0018,28.465734095668157,2.7726681526341688,777.8529938408433,12.913539465939987,10,App,Accesorios,Regular,12.913539465939987,8.4,0,64.82108282007027,23.350294544837507,0,699.6432405626026,353.09000000000003,0.5519311974748542,61,2,0.061652662537459935,0,Bajo,43.13486860702104
REGU_0019,10.219003444924155,5.042686371774738,430.5470450359508,13.398510977316793,5,App,Gaming,Regular,13.398510977316793,5.4,3,35.87892041966256,24.69043898374532,0,261.64023781837324,151.2,0.5005644739573782,47,5,0.079854826534087,0,Bajo,20.893235805323464
REGU_0020,28.183706800488903,3.7514589285546327,567.6629198716603,1.8201606620543664,11,Online,Accesorios,Regular,1.8201606620543664,7.1,0,47.305243322638354,41.343611065923966,0,60.72683676997152,-599.6899999999999,-1.3047507572864463,64,5,0.35917894582537474,0,Medio,21.811801214347977
REGU_0021,49.13053669723503,4.681132058017148,819.7840837122859,7.096245913452792,6,Online,Laptops,Regular,7.096245913452792,6.5,0,68.31534030935715,44.71260127853833,0,317.2069321947051,0.0,0.0,50,4,0.038918630120798034,0,Bajo,12.345259265838788
REGU_0022,37.23216053838912,6.590888503973551,493.3349957476941,15.705037398495184,7,Online,Smartphones,Regular,15.705037398495184,9.2,0,41.11124964564117,35.09609018420888,0,596.472827548802,-1590.94,-1.8980949704083412,46,8,0.12704377074241985,0,Bajo,75.77815715719294
REGU_0023,45.48354202489436,4.954395850204252,1181.7167214379897,26.0211448464782,6,App,Smartphones,Regular,26.0211448464782,8.0,1,98.47639345316578,35.22331250967942,0,2041.2180422805352,-3161.19,-5.450840927089064,79,5,0.015321972330474436,0,Bajo,31.275486364287556
REGU_0024,40.08420319552586,6.17594637183387,846.3460625557568,19.72003071330745,5,Tienda,Smartphones,Regular,19.72003071330745,10.0,1,70.52883854631307,42.62802056234953,0,1390.8308623071964,-3196.54,-6.313261224808676,45,7,0.02219811987107747,0,Bajo,30.873830201889188
REGU_0025,30.24624692075214,3.848732529848847,1140.9244289620117,20.63687005222778,6,Online,Gaming,Regular,20.63687005222778,10.0,0,95.07703574683433,21.254802477109777,0,1962.092431658435,337.28999999999996,0.8636522565077425,48,3,0.0560854530356426,0,Bajo,110.04484292736895
REGU_0026,30.553998829908146,2.594371916500504,850.7904448138388,17.343748921576427,7,Online,Smartphones,Regular,17.343748921576427,9.9,0,70.89920373448656,67.18951306350391,0,1212.9321760145508,-12.650000000000034,0.05020546817559707,51,2,0.07875194309592991,0,Bajo,95.52076570472035
REGU_0027,35.95707832279059,3.711150286855368,898.4688731868397,18.801609376749287,13,Tienda,Laptops,Regular,18.801609376749287,7.2,0,74.87240609890331,53.22178370091504,0,1016.5905716346928,874.39,0.8711453883065288,51,5,0.0666019701267297,0,Bajo,67.70693488312888
REGU_0028,24.64358111500412,2.565600495978143,764.7016499342301,11.778590912757252,7,App,Accesorios,Regular,11.778590912757252,8.9,0,63.72513749451917,18.82681908880221,0,668.7390768308518,165.49,0.934496583658027,47,2,0.052668565165731575,0,Bajo,35.22152764693689
REGU_0029,48.75236172970478,3.83394277273114,1339.6972961242236,7.347692951283116,6,Online,Gaming,Regular,7.347692951283116,8.2,0,111.6414413436853,68.23180907600027,0,672.9479377646954,22.760000000000105,0.0056878419878352016,57,4,0.054512979558544235,0,Bajo,36.68439717533134
REGU_0030,56.55588711781622,6.195473274070428,1109.0388712598588,6.882333078007971,10,Tienda,Smartphones,Regular,6.882333078007971,7.9,0,92.41990593832156,52.75123889578946,0,503.1485458295039,445.7299999999999,0.40032860568826206,46,7,0.05759066878338696,0,Bajo,28.976661251709753
REGU_0031,33.43115519944114,6.657412883346458,360.66644385013024,12.425257346864282,7,App,Accesorios,Regular,12.425257346864282,10.0,1,30.05553698751085,14.995799619230509,0,373.4477817680204,-604.7,-3.2382000922434258,47,7,0.13511560841966153,0,Bajo,50.458624246559054
REGU_0032,28.428441457822565,4.328303672865996,736.3559549079188,6.801454405648554,9,Online,Accesorios,Regular,6.801454405648554,5.6,0,61.36299624232657,24.57199051117064,0,234.76493634235896,-916.8100000000001,-0.39179026772075776,65,4,0.04946979721424742,0,Bajo,11.613773793872202
REGU_0033,32.89545852921571,5.737258470870176,947.677859608046,16.53490536343119,6,Tienda,Accesorios,Regular,16.53490536343119,7.9,0,78.97315496733718,23.26651495528964,0,1032.1496570092977,-2229.96,-1.4658919702996214,43,9,0.04496491037780316,0,Bajo,46.41051682390334
REGU_0034,50.34348665661377,5.980440331980447,1118.8522797327605,14.336784278704377,9,App,Accesorios,Regular,14.336784278704377,8.3,2,93.23768997773004,47.26595270347948,0,1106.890969199254,-303.13999999999993,-0.3736608127224299,52,6,0.04098656864573126,0,Bajo,45.36766269242523
REGU_0035,48.1676022505245,2.6515279525916053,198.09191507656067,17.855897031096042,8,Tienda,Smartphones,Regular,17.855897031096042,7.8,0,16.507659589713388,60.651909578663215,0,229.6310086102504,-1513.5200000000002,-8.937686222379773,85,2,0.0742274772148548,0,Bajo,17.04493045944149
REGU_0036,55.28028614501532,4.421926398405983,810.447866792045,14.089627649540368,6,Online,Smartphones,Regular,14.089627649540368,7.6,0,67.53732223267042,40.5743567353209,0,719.3426038883637,-1379.5300000000002,-1.8563270794990607,49,5,0.02949773534916136,0,Bajo,21.218977754875564
REGU_0037,31.154449402884275,5.037145307143704,865.1907581850946,6.787233231834394,12,Tienda,Laptops,Regular,6.787233231834394,9.6,0,72.09922984875789,21.545806253109536,0,467.77424689384,-569.8200000000002,-0.5136608997431725,53,6,0.06049467806900827,0,Bajo,28.297852474815638
REGU_0038,28.61732770997892,4.601360271930663,739.3008494395347,16.93077344079908,4,Online,Gaming,Regular,16.93077344079908,8.7,1,61.60840411996122,26.10730945070032,0,904.2674297059922,-719.7199999999999,-1.6920624898169705,55,4,0.06463434344740411,0,Bajo,58.44673161991845
REGU_0039,52.43930571251053,4.882654011412224,489.52555676053566,19.4603379986586,5,Tienda,Gaming,Regular,19.4603379986586,7.7,1,40.79379639671131,56.70864615740754,1,611.5459614619316,108.65,0.5871105838663091,60,5,0.4216778779585366,0,Medio,257.8754033033803
REGU_0040,49.60730107868677,5.06811675967646,1006.2638473024024,12.714200182242752,8,Tienda,Smartphones,Regular,12.714200182242752,7.4,0,83.85532060853352,60.98150007033153,0,785.6982856108318,-495.8499999999999,-0.4382339201128358,63,6,0.042370120649073584,0,Bajo,33.29013115510122
REGU_0041,44.11417864983329,4.562362051612194,935.043464117524,17.46780102167146,6,Online,Smartphones,Regular,17.46780102167146,8.6,0,77.92028867646034,62.19360015294735,0,1167.4444156760171,860.19,0.8060591474900675,47,5,0.03393610274939048,0,Bajo,39.61851364458345
REGU_0042,35.94551621849415,5.251043680267554,1330.5743908361203,15.383671193582558,4,App,Accesorios,Regular,15.383671193582558,7.7,0,110.88119923634338,61.8226075560908,0,1309.8762792949938,-230.80999999999995,-0.09354708132727445,54,5,0.0355734002778266,0,Bajo,46.596753197791
REGU_0043,38.14657678684226,4.08509555833001,986.270162377311,11.711063053522114,6,Online,Laptops,Regular,11.711063053522114,9.3,0,82.18918019810924,23.79955449688893,0,890.8986229710556,-904.26,-0.8179339981625993,43,4,0.06584875946935378,0,Bajo,58.66456913559954
REGU_0044,16.7785560923949,4.866142000186367,1084.9136488134911,13.2424409905036,5,Tienda,Smartphones,Regular,13.2424409905036,10.0,0,90.4094707344576,16.737986345947935,0,1197.242081183717,-1087.65,-2.569605623534807,47,4,0.05592857689502735,0,Bajo,66.96004579944609
REGU_0045,38.52378528635685,4.89915565677352,665.7053060493599,10.535852013409604,9,Online,Gaming,Regular,10.535852013409604,7.6,0,55.47544217077999,38.95653150702447,0,446.7409206278963,-210.95999999999998,-0.30921549306402246,75,5,0.13710816350169325,0,Bajo,61.25182718834657
REGU_0046,37.68544839869412,4.703051366554206,675.440280788416,14.155533383060396,9,Online,Laptops,Regular,14.155533383060396,10.0,0,56.28669006570133,37.739390863720686,0,796.768120247009,-2100.73,-3.6180195299618223,56,4,0.020641466121607496,0,Bajo,16.446462160855525
REGU_0047,15.066999013193929,5.754878097124257,434.1492118801364,13.413247538787326,8,Online,Gaming,Regular,13.413247538787326,7.0,0,36.17910099001136,9.784413391268878,0,337.2799858418698,-225.08999999999997,-1.6116829655930942,47,6,0.1331419368688751,0,Bajo,44.90611058209332
REGU_0048,29.602620752876668,5.22999299320577,1435.5474031734427,5.316023556338806,8,Online,Gaming,Regular,5.316023556338806,5.6,0,119.62895026445356,29.741662918176285,0,359.1379219878755,-81.3300000000001,-0.11992358804412136,43,7,0.05298279052602929,0,Bajo,19.028129290637054
REGU_0049,57.30773233332104,6.473268480150032,1379.6017681621154,2.5382843603496763,4,Tienda,Laptops,Regular,2.5382843603496763,7.6,2,114.96681401350962,71.61560382995307,0,223.03968981272016,-498.14,-0.6382587975528888,79,6,0.05749901841811505,0,Bajo,12.824563232512263
REGU_0050,31.627936231639172,4.702900253712836,861.3607428257474,28.157202027132588,9,Online,Accesorios,Regular,28.157202027132588,9.1,1,71.78006190214562,28.90664758726275,0,1846.7099483527472,-2672.0,-4.637945769857621,47,5,0.02075181724912936,0,Bajo,38.322587360365326
REGU_0051,30.125090613565664,4.074753684316594,1093.976109233084,14.252842569944551,9,Online,Gaming,Regular,14.252842569944551,7.1,0,91.16467576942368,30.18936212927409,1,918.9976377785396,464.11,0.4732654035342299,51,5,0.0969950381043152,0,Bajo,89.1382108941051
REGU_0052,14.127176336759156,3.4212798845053807,1138.0812232568592,16.794448799734262,7,Online,Smartphones,Regular,16.794448799734262,9.6,1,94.8401019380716,8.9903253804756,0,1521.7223806529569,659.27,0.9079467521551521,47,3,0.06127157740431318,0,Bajo,93.23833063405337
REGU_0053,26.97985766183838,4.908386492971436,685.3898415895868,2.509694912535302,8,Tienda,Smartphones,Regular,2.509694912535302,6.8,0,57.115820132465565,43.93543059496076,0,97.45110962311576,-268.68999999999994,-0.7117190516746734,48,5,0.07595718718581673,0,Bajo,7.40211217510855
REGU_0054,22.20012640330629,6.653563131005901,908.3806532629948,12.651016526869252,3,Tienda,Smartphones,Regular,12.651016526869252,8.1,0,75.69838777191622,13.690196133544008,0,771.5781807466319,331.88,0.5137477079561342,52,6,0.05503949541182528,0,Bajo,42.467273739068744
REGU_0055,13.626099026412398,1.6542979713133112,1006.6710621236492,12.192211268346874,8,App,Accesorios,Regular,12.192211268346874,8.6,1,83.88925517697078,13.825943046165143,1,879.1065033045137,1237.46,0.9795493711140486,63,2,0.8533463887750051,1,Alto,750.1823599435289
REGU_0056,64.57054929199064,5.490146716492263,1065.0791799700849,26.2211258996804,10,Online,Accesorios,Regular,26.2211258996804,7.9,3,88.7565983308404,63.74756890122497,1,1831.1834589207344,-81.99,0.2259423853003311,56,5,0.11568895023481718,0,Bajo,211.84769204990124
REGU_0057,28.538462472529496,6.489394653943292,1223.6679090950693,6.456728764286876,7,Online,Accesorios,Regular,6.456728764286876,10.0,0,101.97232575792243,29.821349955159672,0,658.4076488824094,-1186.2,-0.577948757147911,57,7,0.056546625334234525,0,Bajo,37.23073063854784
REGU_0058,21.843183625938664,6.641863730681488,1106.9261893704263,21.79450757369769,7,Tienda,Laptops,Regular,21.79450757369769,9.1,0,92.2438491142022,24.71697838119191,0,1830.5627607874417,-3928.37,-5.029519661765194,47,6,0.025338249732476645,0,Bajo,46.3832563838041
REGU_0059,29.465963215584573,6.13484701236971,601.3762327851846,20.269457761479416,5,Online,Gaming,Regular,20.269457761479416,6.9,1,50.114686065432046,32.89940789008956,0,701.0864531077921,-1143.31,-1.2160896259926606,45,8,0.05460160868589848,0,Bajo,38.280448167576175
REGU_0060,34.72373049877508,4.049856553704272,1116.232254976457,11.175141233107016,9,App,Smartphones,Regular,11.175141233107016,6.5,0,93.01935458137142,15.60092690729816,0,679.9301092088123,534.44,0.7502619206174974,53,4,0.05546131985609978,0,Bajo,37.7098212666228
REGU_0061,45.422118405434055,2.066457639018507,1028.570688768259,14.062815123445692,10,Online,Gaming,Regular,14.062815123445692,8.5,1,85.7142240640216,47.14353508128893,1,1019.1321692647062,334.75,0.9665078677638227,85,2,0.7842529336442629,1,Alto,799.2573935170873
REGU_0062,28.64268234988605,6.539384639406477,1083.4258002421595,28.46189293823485,7,Online,Laptops,Regular,28.46189293823485,9.1,0,90.2854833535133,22.460904472584115,0,2348.3267683004688,-458.95000000000005,-0.7933622992699619,44,6,0.048389732625553156,0,Bajo,113.634904435489
REGU_0063,51.15972117721378,3.108182222221536,1443.2026886795225,17.07588301161536,9,Tienda,Laptops,Regular,17.07588301161536,9.8,0,120.26689072329354,48.92435941178702,0,2006.9429916211443,-442.59000000000003,-0.8742050877449524,55,5,0.035567729273353006,0,Bajo,71.38240499303403
REGU_0064,58.335127923164265,4.481797029289892,832.3191479490372,13.250270827425798,8,Tienda,Laptops,Regular,13.250270827425798,4.5,0,69.3599289957531,41.7921495280065,0,417.9449428324712,-1063.45,-1.319158459052898,43,4,0.03463065907972379,0,Bajo,14.47370882932596
REGU_0065,36.58623763417864,4.827924313813131,728.406214840005,19.257386187778494,7,Online,Laptops,Regular,19.257386187778494,6.8,0,60.70051790333375,38.79175342300007,0,789.2969969777118,-1429.5500000000002,-4.580438683421978,49,4,0.03473392869901614,0,Bajo,27.415385615371402
REGU_0066,24.148330238064094,4.85827652878327,1154.7009439343158,15.78978801390477,3,Online,Smartphones,Regular,15.78978801390477,8.0,0,96.22507866119298,37.1881394080948,0,1215.883007053513,-1288.21,-2.092366210226949,44,5,0.061706291035482703,0,Bajo,75.02763069834194
REGU_0067,52.42541239019073,5.021223897448637,800.8971480077801,13.504091137862828,8,App,Accesorios,Regular,13.504091137862828,8.9,0,66.74142900064834,59.5833044222561,0,805.896574750236,-1915.36,-2.606600519272875,54,5,0.03529674163687776,0,Bajo,28.445523185003825
REGU_0068,39.8520257315673,3.631557555225871,1168.8809017946533,18.4756994795218,6,Tienda,Laptops,Regular,18.4756994795218,8.1,0,97.4067418162211,31.83465805381665,0,1462.243801620942,-306.8500000000001,-1.5295706415635997,49,4,0.05643487629133495,0,Bajo,82.52154805224919
REGU_0069,32.63611222142822,4.083827082371194,985.71275324802,15.050089617497024,11,Online,Laptops,Regular,15.050089617497024,6.9,1,82.14272943733499,35.16155468160245,0,857.6818494998292,-786.26,-0.8630234327239679,46,5,0.05373971633513707,0,Bajo,46.091579297916546
REGU_0070,30.32161251447838,2.4102184822048542,693.1005621468928,12.570525879373092,7,Tienda,Accesorios,Regular,12.570525879373092,8.9,0,57.758380178907736,38.039056262093055,0,642.6329798731019,208.68000000000004,-0.030528893693267056,52,4,0.08515067582286556,0,Bajo,54.720632542256595
REGU_0071,35.670367278133966,4.535525429017908,1236.5068937533538,1.0,5,App,Laptops,Regular,1.0,8.0,1,103.0422411461128,39.61228142134394,1,82.74317137014766,299.35,0.25212414442789766,44,5,0.6015350221280799,1,Medio,49.77291542108928
REGU_0072,29.117340895816525,3.4026000662627927,764.9206073131238,14.485879347600278,5,Tienda,Smartphones,Regular,14.485879347600278,8.6,0,63.74338394276032,28.221922605410924,0,797.7385440386977,-525.7199999999999,-0.11657696975653742,43,6,0.0677650903156015,0,Bajo,54.058824485018796
REGU_0073,17.423637515672667,6.972221967266422,948.2190969479158,15.890870423847174,10,App,Laptops,Regular,15.890870423847174,7.2,0,79.01825807899299,26.133891664295938,0,909.4718821611948,220.85000000000002,0.239952376385219,44,6,0.04760509817119704,0,Bajo,43.295498234227026
REGU_0074,22.08793219833307,1.0,995.628999145339,17.89508053897218,7,Online,Smartphones,Regular,17.89508053897218,7.8,1,82.96908326211158,38.7227846368107,1,1160.3473981849986,882.97,0.9870328761304313,46,2,0.9289351762534458,1,Alto,1077.8875148482089
REGU_0075,37.37179163479408,5.60103775562856,1089.6566331886286,1.8889042272952867,7,Tienda,Accesorios,Regular,1.8889042272952867,8.4,1,90.80471943238572,34.18974080813508,0,143.8222525506353,722.88,0.8368276504335708,53,5,0.05288958727626157,0,Bajo,7.60669957854536
REGU_0076,32.85617457161366,2.2305901109748856,731.0270707126799,14.042850153837248,6,App,Gaming,Regular,14.042850153837248,6.8,1,60.91892255938999,22.1743852721049,0,581.5878098500654,493.50999999999993,0.8782853494391956,45,2,0.05969588453099111,0,Bajo,34.71839874144152
REGU_0077,27.17343812083393,2.592357553934081,632.1472044564812,8.763536774849232,4,Tienda,Smartphones,Regular,8.763536774849232,6.1,0,52.678933704706765,49.93272253942602,0,279.521719673089,562.5,0.8925921471459601,57,2,0.07186215700075045,0,Bajo,20.08703370426728
REGU_0078,44.465419797527616,5.3946212025683336,709.4502626695838,16.62669647987496,4,Online,Smartphones,Regular,16.62669647987496,8.2,0,59.12085522246532,46.2711521557915,0,805.0699244465142,-2108.61,-4.206685461769822,49,7,0.03667502923179803,0,Bajo,29.525963012717337
REGU_0079,27.699790823847948,5.888795460976642,1052.4090296709985,16.78486379633463,6,Online,Gaming,Regular,16.78486379633463,7.4,0,87.7007524725832,16.731059593561017,0,1086.716070989875,-3814.76,-3.5943216037271433,47,7,0.031661061028678175,0,Bajo,34.4065838444558
REGU_0080,37.79188645775543,9.839197488379552,1167.273821561331,9.772798668125963,2,Online,Gaming,Regular,9.772798668125963,10.0,0,97.27281846344424,46.144730295678144,0,950.6276707244068,-51.68999999999997,-0.3989357133220281,56,9,0.050719393793432696,0,Bajo,48.21525918240486
REGU_0081,10.603991171959429,8.16852456422863,752.5289227082701,14.990471835056214,9,App,Gaming,Regular,14.990471835056214,6.1,0,62.71074355902251,23.161299152517323,0,576.3390171190459,-2896.61,-4.772976381577822,45,8,0.026023908937725142,0,Bajo,14.998594098764064
REGU_0082,40.69560144817008,7.200744004476894,1022.380052329088,10.49572546783408,9,App,Gaming,Regular,10.49572546783408,9.8,1,85.19833769409068,24.235407933497875,0,879.9389485054882,445.33000000000004,0.5357389998251721,69,8,0.05195725367556,0,Bajo,45.719211166505175
REGU_0083,32.169001648254515,4.389672133243438,816.3108322889192,16.474857278544107,8,App,Laptops,Regular,16.474857278544107,8.7,1,68.02590269074327,43.44141595036395,0,977.9107034911716,1094.29,0.7554548383763199,45,7,0.027220438673433493,0,Bajo,26.619158332475642
REGU_0084,22.895095455241176,4.807551508290203,1238.5873936913763,14.2362771609374,5,Tienda,Laptops,Regular,14.2362771609374,8.4,0,103.21561614094804,10.38102283722326,0,1228.3390121619325,-245.75,-0.640372739986167,59,5,0.03652742799108188,0,Bajo,44.868064815381636
REGU_0085,34.70920599356369,6.803676871974608,676.1823702892989,1.0,10,Online,Smartphones,Regular,1.0,8.7,0,56.34853085744157,32.40540795903729,0,48.78494547801373,-859.8900000000001,-2.3486504301324693,69,7,0.11258259114217846,0,Bajo,5.492335570644688
REGU_0086,37.635741923396544,4.53408962765064,899.816270499502,8.719353526947753,7,Online,Gaming,Regular,8.719353526947753,8.8,0,74.98468920829184,30.818655094707573,0,577.7785505773961,-51.860000000000014,0.0768826440455534,58,4,0.04919614753557496,0,Bajo,28.42447881709624
REGU_0087,31.84703902776195,2.60615904713883,765.2428354941918,18.2616516908834,6,Tienda,Accesorios,Regular,18.2616516908834,8.4,0,63.77023629118265,53.8532702225864,1,977.8008388736778,711.8199999999999,0.5996434030453424,76,3,0.16841830830795868,0,Bajo,164.67956314520768
REGU_0088,50.89638445967661,4.766588107530589,708.0393412150966,17.803586411463783,7,Online,Accesorios,Regular,17.803586411463783,8.2,0,59.00327843459138,51.91731791048094,0,862.7858179445675,-1203.97,-1.1030756562262163,53,6,0.04968604655871171,0,Bajo,42.86841632058995
REGU_0089,34.248221334538144,5.361860372610094,971.1262864232156,18.98997274806118,7,Online,Accesorios,Regular,18.98997274806118,10.0,1,80.92719053526797,29.31250542257076,0,1536.8051428418937,-1078.3500000000001,-1.2008352218083729,46,6,0.050936827818906426,0,Bajo,78.27997895214743
REGU_0090,36.34276045386319,5.154918729510414,1329.6560098641069,18.43208750223365,6,Tienda,Gaming,Regular,18.43208750223365,7.5,2,110.80466748867558,19.89213830951076,0,1541.245232299818,673.6800000000001,0.1614261721595232,70,6,0.03640194073313046,0,Bajo,56.10431760139787
REGU_0091,43.227076955581,4.78752712098481,1241.592636417313,17.654878309820454,7,Tienda,Accesorios,Regular,17.654878309820454,10.0,0,103.4660530347761,46.4855943836627,0,1826.680575526401,-1207.7800000000002,-1.0818182487634367,69,5,0.03901958831506077,0,Bajo,71.27632404015844
REGU_0092,41.228746683259104,3.5337880445918963,1086.532088298388,11.032517708323445,8,Tienda,Smartphones,Regular,11.032517708323445,7.1,0,90.54434069153233,53.869169422134846,0,705.6657997248691,1309.54,0.4705283902658475,54,6,0.057335504759855695,0,Bajo,40.459704818992606
REGU_0093,34.08954259177972,2.47299863416042,997.7291310359276,14.818346959788292,2,Tienda,Gaming,Regular,14.818346959788292,7.9,0,83.14409425299398,53.99898733953808,0,969.2091977497994,-60.799999999999955,-0.22205773142837262,46,4,0.07551985149946296,0,Bajo,73.19453468597848
REGU_0094,22.41048210489249,4.396293961415505,996.1363255848364,19.922776454820863,7,Online,Gaming,Regular,19.922776454820863,6.7,0,83.01136046540304,25.31950482841328,0,1102.7282448976932,-2104.65,-2.609272913193166,52,4,0.045113742214483686,0,Bajo,49.748197772944565
REGU_0095,46.92538657436527,7.060871577817174,736.9033084814741,17.376828053460052,7,Online,Smartphones,Regular,17.376828053460052,10.0,0,61.40860904012285,56.06685329164216,0,1067.0868402923672,-1021.01,-2.4053431581132942,47,8,0.0490948324911995,0,Bajo,52.38844967771713
REGU_0096,34.63575053763621,6.191144562439166,1208.9341268573764,11.694216576729236,9,Tienda,Accesorios,Regular,11.694216576729236,8.6,0,100.74451057144805,30.216891171572144,0,1010.4182951743755,120.21000000000015,-0.1639135536932095,48,8,0.04665286124275287,0,Bajo,47.138904521909055
REGU_0097,24.18205871727013,5.90505975942098,747.0195852230017,13.627438502255378,9,App,Gaming,Regular,13.627438502255378,6.8,0,62.25163210191681,18.30146313245908,0,579.3635259457357,-1927.48,-3.6805486604323767,48,7,0.050031952753750435,0,Bajo,28.986688557363312
REGU_0098,22.83958390890411,2.2466803838175267,1351.1268950413505,9.71198899607536,6,Online,Laptops,Regular,9.71198899607536,8.6,0,112.59390792011251,40.063345149428216,0,942.9853423098012,157.31000000000006,0.27442264992726645,86,2,0.049156350980202344,0,Bajo,46.35371845576684
REGU_0099,34.100124570473355,3.713648638780784,824.4709550339887,9.963750707720193,6,Online,Laptops,Regular,9.963750707720193,8.4,0,68.70591291949906,38.19465680940086,0,575.8675940950908,-109.86999999999995,0.1712441094443987,59,4,0.062335621157754185,0,Bajo,35.89706418253894
REGU_0100,18.4426110608066,5.131669152213453,1178.7624956673474,14.569063320909455,13,Tienda,Smartphones,Regular,14.569063320909455,9.2,0,98.23020797227896,28.56893467864561,0,1316.7228981801336,-2138.73,-1.7680333046481684,46,5,0.032699756404486836,0,Bajo,43.056518022700295
REGU_0101,53.34714793776488,5.548056383322971,720.7111271572379,18.34904049004669,11,Online,Gaming,Regular,18.34904049004669,7.4,1,60.059260596436495,58.50256599595583,0,816.0565828468331,-589.43,-0.9070804337807362,47,6,0.05244734565386453,0,Bajo,42.80000167367939
REGU_0102,33.99013051254201,4.966425791912192,684.2066610651625,17.073164476206692,7,Tienda,Smartphones,Regular,17.073164476206692,7.5,0,57.01722175543021,39.312592317937145,0,732.4530804872121,453.59999999999997,0.5388899628293642,46,5,0.05032004277261982,0,Bajo,36.85707033905366
REGU_0103,38.44128934859104,4.779192081971604,1091.210589650031,23.17898903067908,6,Online,Smartphones,Regular,23.17898903067908,9.7,0,90.93421580416924,40.99438235235203,0,2047.0915220318784,-3734.76,-3.073127118154762,51,7,0.022641790270557714,0,Bajo,46.349816906482566
REGU_0104,48.66340485744543,3.27351415398414,861.2634424482568,17.511456126911934,5,Online,Laptops,Regular,17.511456126911934,8.3,0,71.77195353735473,58.12952968374735,0,1046.9231080180707,-605.5100000000001,-0.4506299733648091,89,5,0.0416333655152193,0,Bajo,43.586932422445756
REGU_0105,13.45228192843982,4.504864712447844,1133.2072704554362,8.628839404616024,8,Tienda,Gaming,Regular,8.628839404616024,9.7,0,94.43393920461968,17.889728073771625,0,792.7448770656564,-1845.0600000000002,-1.4505419522059526,43,5,0.03841228648782385,0,Bajo,30.45114332960069
REGU_0106,39.98306994041296,4.207055762599734,465.9235484149992,5.186327375685597,12,App,Smartphones,Regular,5.186327375685597,8.5,1,38.8269623679166,35.673223484990906,1,171.0561730526446,-614.71,-1.315803539457424,45,5,0.5630061974907795,1,Medio,96.30568554769418
REGU_0107,41.101826673768485,4.71693480726112,1008.1216546048418,19.50748266571366,6,Online,Laptops,Regular,19.50748266571366,8.7,3,84.01013788373682,54.768443542351534,0,1432.0170401524242,-1117.47,-0.7710737134622375,55,6,0.1785853447269619,0,Bajo,255.7372567705043
REGU_0108,57.6245877921756,3.6079805484675895,1152.8470299792896,21.893357086517945,12,Online,Laptops,Regular,21.893357086517945,6.7,0,96.07058583160746,69.30209657117737,0,1399.317407442789,752.47,0.9209932817043431,66,4,0.021890997173931757,0,Bajo,30.63245341176361
REGU_0109,43.512230173463806,5.029187383278325,915.3719388481938,12.880549788388237,10,Online,Laptops,Regular,12.880549788388237,8.1,0,76.28099490401615,40.505961729946485,0,799.3083757924051,525.27,0.5996038579481336,51,7,0.04249290393821038,0,Bajo,33.96493402955363
REGU_0110,38.5217714344876,4.24038783754863,1275.7662450831106,12.416969073632186,6,Tienda,Accesorios,Regular,12.416969073632186,9.2,1,106.31385375692588,26.440685408790618,0,1214.954654564123,183.3900000000001,-0.22417066397726548,45,4,0.05901007513346985,0,Bajo,71.69456544958781
REGU_0111,14.198366023565743,5.332239960699249,971.6075472718856,12.879480922079503,10,Tienda,Accesorios,Regular,12.879480922079503,7.1,0,80.96729560599046,3.940092958647632,0,743.5536016788386,1030.53,0.7697518013983775,45,7,0.040346623903778994,0,Bajo,29.999877519236396
REGU_0112,43.85255456064493,3.3891241870313342,1424.0093737884847,14.379203962665905,12,Tienda,Gaming,Regular,14.379203962665905,2.8,0,118.66744781570706,44.62344674539282,0,480.8788242195711,1370.4299999999998,0.9098154621573552,69,3,0.022081194439724297,0,Bajo,10.61837881953835
REGU_0113,29.232224702141103,8.809072434174292,940.026404062072,7.978802168692056,9,Online,Smartphones,Regular,7.978802168692056,7.3,0,78.33553367183934,19.62366975289984,0,456.6723342987415,53.49000000000003,-0.25507072861816377,46,9,0.08220369659652431,0,Bajo,37.540154012720265
REGU_0114,35.95796950259572,3.252804477379648,975.487741851584,17.19151852384175,7,App,Gaming,Regular,17.19151852384175,9.4,0,81.29064515429867,17.964628067638937,0,1319.993015424411,449.06,0.5637804913889758,49,4,0.07007100107045068,0,Bajo,92.49323199679132
REGU_0115,41.246022596923694,5.639154696475096,960.1535217413832,22.16293059112648,8,Online,Smartphones,Regular,22.16293059112648,10.0,0,80.0127934784486,50.60235803691615,0,1773.317988264994,-201.34000000000003,-0.5886976079737076,56,6,0.04917293378340514,0,Bajo,87.19924801387576
REGU_0116,46.11291480367687,6.3555284626894295,894.7336158474184,11.69679308557945,8,Tienda,Gaming,Regular,11.69679308557945,8.9,0,74.56113465395153,37.46975819988741,0,773.4899072552869,309.12,0.34208110376894896,46,9,0.04845222031025929,0,Bajo,37.47730339409518
REGU_0117,41.21722042435971,4.206198485282731,732.6782532528391,14.94566431482514,7,Tienda,Laptops,Regular,14.94566431482514,7.6,1,61.05652110440326,40.92172906836912,0,689.2140224827349,751.95,0.7938938486158589,47,4,0.04882930676354829,0,Bajo,33.65384292954853
REGU_0118,40.277909684372986,2.374388396828744,1008.5858097125748,19.77214538292976,8,Tienda,Smartphones,Regular,19.77214538292976,8.1,0,84.0488174760479,41.20137753102863,0,1338.7458410326096,-463.76,-0.46118077156487397,51,3,0.08422840110134322,0,Bajo,112.76042167124972
REGU_0119,37.62391168108757,4.330519227148483,899.840175293642,16.83755205270301,9,Online,Accesorios,Regular,16.83755205270301,6.5,0,74.98668127447017,56.9255197333518,0,824.6625119781,581.38,0.746543510236988,47,5,0.02864187794960645,0,Bajo,23.619883017692608
REGU_0120,22.08227828027445,4.2808974294410085,1177.324306587305,22.63166364206347,9,Tienda,Laptops,Regular,22.63166364206347,6.7,0,98.11035888227542,24.01823762326962,0,1497.761318036882,-506.24000000000024,-0.08333474601794465,45,5,0.03711483423556607,0,Bajo,55.58916304338183
REGU_0121,43.69225413518815,5.091734689903568,1140.0057356102584,13.029221144076011,4,Online,Smartphones,Regular,13.029221144076011,6.5,0,95.00047796752152,60.51916560816302,0,808.6442598493101,-1140.7,-1.0534460079407473,52,8,0.041026620685763876,0,Bajo,33.175941318557925
REGU_0122,18.87714219592527,4.479204110573214,1010.5617459829064,5.394496234335186,10,App,Smartphones,Regular,5.394496234335186,10.0,2,84.21347883190886,21.25655550894141,0,454.2892944389983,594.88,0.8521683908575649,47,4,0.06987991885806696,0,Bajo,31.745699033485693
REGU_0123,18.22633425890844,6.803864757837841,994.9785923866042,19.189152676147405,11,Online,Laptops,Regular,19.189152676147405,5.5,0,82.91488269888369,29.25653624924608,0,867.7274163630098,-1040.3,-3.1318566157132897,53,8,0.058890235597003626,0,Bajo,51.100671983596904
REGU_0124,10.592712597338046,2.927922688171627,1421.4975839707051,7.165957877707989,7,Tienda,Smartphones,Regular,7.165957877707989,8.4,0,118.45813199755877,3.929274843542145,0,716.2569033662749,472.74,0.8552974381241858,68,2,0.0721750745803212,0,Bajo,51.6958954191308
REGU_0125,25.81925200506889,6.754112348234693,785.3975162204148,17.312269930635633,5,App,Gaming,Regular,17.312269930635633,8.3,0,65.4497930183679,51.59001989179289,0,944.1238833674332,-4628.88,-5.158563289969661,47,10,0.02393264586206436,0,Bajo,22.595382550549736
REGU_0126,47.836751482405575,5.099230061814877,1037.9415344535814,17.61903681543877,5,Online,Laptops,Regular,17.61903681543877,10.0,0,86.49512787113179,29.828712345648025,0,1523.9608423175548,-903.78,-2.140249302938501,46,5,0.04355257916798939,0,Bajo,66.37242523395109
REGU_0127,27.307024801539736,5.98858151587013,1206.7236545644787,17.997887706226777,10,App,Smartphones,Regular,17.997887706226777,6.6,0,100.56030454703988,13.166220578528035,0,1195.3580616314164,-1134.74,-1.2167453880381975,45,5,0.05237805216168304,0,Bajo,62.61052690401866
REGU_0128,24.22228546593755,3.772101950913797,778.3046415371097,9.175571005534794,4,Online,Gaming,Regular,9.175571005534794,8.1,0,64.85872012809247,25.63658098799802,1,479.6631655836286,-230.99999999999994,-0.4495250147216585,47,5,0.2077230989891616,0,Bajo,99.6371192259827
REGU_0129,16.99438744660379,4.479935700685997,1193.4615643149548,11.265758705039577,5,Online,Smartphones,Regular,11.265758705039577,10.0,0,99.45513035957956,6.081385361573581,0,1120.4375006092791,-1206.62,-2.5072102131197913,60,4,0.07677498537321337,0,Bajo,86.02157272087715
REGU_0130,34.00139755719209,6.72438603454794,665.479759760872,13.624966344242743,12,Tienda,Accesorios,Regular,13.624966344242743,9.0,0,55.45664664673933,15.499174660263504,0,680.2659324712548,-849.42,-1.5394060683414623,60,6,0.055372700207297725,0,Bajo,37.66816153996863
REGU_0131,15.685748203028249,3.9540362739514583,496.1145926186659,17.684878484718705,1,Online,Smartphones,Regular,17.684878484718705,6.0,1,41.34288271822216,26.002051941492656,0,437.8032346280244,200.0,0.7366219448440221,56,3,0.15787786794329667,0,Bajo,69.11944126175136
REGU_0132,26.30976480869777,4.913471595653966,1354.4373276310523,22.799688511864105,7,Tienda,Gaming,Regular,22.799688511864105,8.5,0,112.86977730258768,21.965880003077544,0,2179.672693174185,470.6100000000001,0.08590695758432809,58,7,0.0483018584578454,0,Bajo,105.28224191013017
REGU_0133,22.35397405562785,5.641721592729355,524.5244424954161,12.19331001778897,7,Tienda,Laptops,Regular,12.19331001778897,6.4,0,43.71037020795134,31.51032079349474,0,338.60148313513133,86.78000000000002,0.09122157699868183,45,6,0.08423036458160935,0,Bajo,28.52052637234576
REGU_0134,37.32866079660506,6.63863300344154,516.2365986410177,10.341126645034151,6,Online,Laptops,Regular,10.341126645034151,6.9,2,43.01971655341814,43.5642169504445,0,307.7389948143349,-1104.1799999999998,-4.253245438509318,43,6,0.11644104146832525,0,Bajo,35.8334490565967
REGU_0135,32.717109867041415,2.753829997091377,1290.8072437830626,13.481869635509996,6,Tienda,Smartphones,Regular,13.481869635509996,7.6,1,107.5672703152552,23.205239043323907,0,1096.3281600903315,-52.52999999999997,-0.0844914109245319,55,3,0.057235382039544994,0,Bajo,62.74876108348157
REGU_0136,26.83796717959729,5.01989696462596,1132.5892328002997,15.297260171088247,9,App,Gaming,Regular,15.297260171088247,5.4,0,94.38243606669164,37.71100804214517,0,783.0362956984256,-443.03,-0.23312031384460027,49,7,0.04232410321921435,0,Bajo,33.14130900353142
REGU_0137,45.10756792416683,5.034793967836063,1287.75393812175,7.4373551735056225,5,App,Accesorios,Regular,7.4373551735056225,10.0,1,107.3128281768125,43.26396268617515,0,798.1236178243364,-1226.5600000000002,-1.414535463991804,59,5,0.050399848627551216,0,Bajo,40.22530952442009
REGU_0138,29.046888516081104,6.320699541567351,315.6005310796678,15.964838513850893,10,Online,Smartphones,Regular,15.964838513850893,3.9,2,26.300044256638984,15.79871933335732,0,164.91146726776364,-567.92,-1.4453546373933661,46,7,0.14558996491645423,0,Bajo,24.009454733834698
REGU_0139,12.28685386891938,5.467236288196685,653.0586900206183,13.01338373724319,8,Online,Gaming,Regular,13.01338373724319,6.8,1,54.42155750171819,13.86442808002032,0,485.0510619724435,396.88,0.5896230300989203,46,7,0.04407174050571743,0,Bajo,21.377044535272194
REGU_0140,48.903324400900416,5.174843523862918,1480.2559003831109,13.858997102488948,8,Online,Smartphones,Regular,13.858997102488948,8.7,0,123.35465836525924,46.0855182183432,0,1486.469932782782,714.73,0.5857130890583744,53,5,0.03180053381442553,0,Bajo,47.27053736158571
REGU_0141,19.229950890741957,6.190023985529088,1054.6432214977883,16.797679717589343,6,Online,Accesorios,Regular,16.797679717589343,9.4,0,87.88693512481571,10.666359518685574,0,1392.2758586293646,-384.0199999999999,-0.4104153679299437,56,6,0.04650492809689101,0,Bajo,64.7476886965958
REGU_0142,23.845603073060012,5.108453544035196,1024.735696532829,16.274835010113467,11,Online,Smartphones,Regular,16.274835010113467,10.0,0,85.39464137773575,16.21751535657773,0,1389.783699170458,-1914.5900000000001,-1.6530977309472021,51,6,0.04526857525132985,0,Bajo,62.91352796896945
REGU_0143,11.24952968911204,4.596625707953298,946.9431036950186,22.93663827055109,7,Online,Accesorios,Regular,22.93663827055109,10.0,0,78.91192530791822,20.34469328561876,0,1809.9742860204656,-673.38,-0.8490764483821636,45,5,0.04030045960286315,0,Bajo,72.94279559598885
REGU_0144,38.82992213010691,4.698646241686442,932.4153875820322,10.508167560362182,14,Online,Laptops,Regular,10.508167560362182,5.6,1,77.70128229850268,25.674622046170867,0,460.2167839213981,1002.8399999999999,0.9262011025734883,43,4,0.026906800625384218,0,Bajo,12.382961249428588
REGU_0145,27.485304852362603,5.217423860308188,1251.998509965097,3.771647808637521,10,Online,Smartphones,Regular,3.771647808637521,8.0,1,104.33320916375806,38.78747628654292,0,314.96533084800643,-516.5200000000002,-0.7123877370809786,44,7,0.08191140565071023,0,Bajo,25.79925298100121
REGU_0146,28.931287964835946,6.765045489751536,1036.167379832309,17.022255993319785,10,Online,Accesorios,Regular,17.022255993319785,6.2,0,86.34728165269242,25.313296659881544,0,918.5468276744612,210.59000000000003,-0.10283261433788149,52,7,0.055729230218449964,0,Bajo,51.189907625896936
REGU_0147,20.125252567037126,2.745694086976416,763.5144683810997,11.69229278742354,7,Online,Gaming,Regular,11.69229278742354,6.0,0,63.626205698424975,12.495625367301445,0,443.8930111717183,436.88000000000005,0.5554950778064501,88,2,0.058012560487243486,0,Bajo,25.751370160463956
REGU_0148,44.00301735168718,3.7254450536234094,1151.4787571357892,12.86288545902829,5,Online,Smartphones,Regular,12.86288545902829,8.1,1,95.9565630946491,37.78608651541321,1,993.7307709358232,-1117.62,-1.2703831810704458,69,4,0.04891416291621579,0,Bajo,48.60750882441157
REGU_0149,42.76799222616175,2.558171091567175,616.0608343733295,25.67813050586615,10,Tienda,Smartphones,Regular,25.67813050586615,8.2,0,51.33840286444413,33.701570561620166,0,1084.4035118925094,-1214.2200000000003,-2.4828297568554993,62,2,0.06683942682640029,0,Bajo,72.48090918343088
REGU_0150,30.290275548591,5.4769216359850725,1264.1422754317457,14.0000575828872,9,Online,Gaming,Regular,14.0000575828872,6.4,0,105.34518961931212,30.29045740147412,0,947.7010487257016,443.64000000000004,0.15256719955271258,49,6,0.038502461408856326,0,Bajo,36.488823055694
REGU_0151,29.636627269008017,5.506044599520299,842.8313007796736,15.464651170569937,6,Tienda,Smartphones,Regular,15.464651170569937,6.9,0,70.23594173163947,31.21979851791501,0,745.5280502731009,-2064.62,-3.3554956908013294,60,7,0.035425895671675846,0,Bajo,26.41099892928278
REGU_0152,37.3329224993914,6.535811993195006,701.1778333113012,3.389093280306854,5,App,Smartphones,Regular,3.389093280306854,9.2,0,58.43148610927511,39.417880860277705,0,181.92527689287127,-1664.9299999999998,-1.4559706857523709,45,13,0.12253553020435162,0,Bajo,22.29231026164146
REGU_0153,37.69300649532939,5.752686751666461,865.0387395389087,10.577535906696504,5,Online,Gaming,Regular,10.577535906696504,8.5,2,72.08656162824239,36.99974219860489,0,651.7864245205565,-2009.8999999999999,-8.640572984304063,50,5,0.04344122966389473,0,Bajo,28.31440375940628
REGU_0154,33.23481977366696,2.0393524285763496,1038.3372316339376,25.336910851687243,7,Online,Accesorios,Regular,25.336910851687243,8.3,0,86.52810263616146,47.074662392480384,0,1820.5296139584225,1040.6100000000001,0.9889755847216811,47,2,0.048597648754203845,0,Bajo,88.47345872577773
REGU_0155,42.91437763506966,7.64976770049145,1209.6515173022042,15.465791688498712,6,Online,Laptops,Regular,15.465791688498712,8.2,0,100.80429310851702,15.100720280803872,0,1276.3820104656545,-629.9300000000001,-1.2592307717573998,45,7,0.05031883807161273,0,Bajo,64.22605970214077
REGU_0156,54.00258691732326,5.244290125797485,1165.301764016508,18.70943875190407,8,Online,Accesorios,Regular,18.70943875190407,6.2,0,97.108480334709,66.57192846184091,0,1126.7896164860251,691.99,0.43753495952767096,53,7,0.0299218770159396,0,Bajo,33.71566032733259
REGU_0157,31.166119153127973,5.814310022155507,968.7153265625072,21.59308963109737,8,App,Laptops,Regular,21.59308963109737,9.3,0,80.72627721354228,8.81502603080699,0,1614.6740991724273,-2138.3500000000004,-5.103624539699474,52,5,0.06349156149135933,0,Bajo,102.5181798561114
REGU_0158,25.203171820376976,6.400375655600412,1223.5293647710844,12.26711843876771,8,Online,Gaming,Regular,12.26711843876771,7.1,0,101.96078039759036,34.12630162191448,0,883.3460121934265,-980.34,-0.9073404614023108,44,7,0.05046380289684208,0,Bajo,44.57699904904054
REGU_0159,14.23684723418786,7.000828618250859,1574.3537816049634,15.230031933681705,10,Online,Laptops,Regular,15.230031933681705,6.4,1,131.1961484670803,1.0,0,1285.364085619056,-2498.91,-1.3732902144364005,50,8,0.009835289428702107,0,Bajo,12.641927803322451
REGU_0160,33.98573229179453,2.184509906823371,1334.936389353611,13.184430693229558,8,Online,Accesorios,Regular,13.184430693229558,7.0,0,111.24469911280092,27.685385612059747,0,1028.602434605824,1320.1200000000001,0.8560078378563457,62,3,0.0344583044258274,0,Bajo,35.44389582479471
REGU_0161,28.47832271295748,4.435150067763483,1107.2937727626756,13.425623339684602,5,Online,Gaming,Regular,13.425623339684602,9.6,0,92.27448106355632,31.880901905048177,0,1184.4887553988533,-524.07,-0.40188833290955905,51,4,0.05082591731051761,0,Bajo,60.202727537140035
REGU_0162,42.27222966625978,4.495044375706918,705.3298171476617,13.189519748475902,8,Online,Accesorios,Regular,13.189519748475902,6.1,0,58.77748476230514,53.07885922505091,0,476.48513141628337,643.31,0.6345127440715439,59,6,0.02714979608729688,0,Bajo,12.93647415658095
REGU_0163,33.39785452538791,5.215520667526597,1040.4404980259626,16.599048551199587,6,Tienda,Smartphones,Regular,16.599048551199587,8.6,1,86.70337483549689,35.49773799449086,0,1232.1037813743465,566.68,0.15738303214928814,71,6,0.03761794306853469,0,Bajo,46.34920990226648
REGU_0164,27.08028338012665,6.623244166265602,860.8375682004298,21.197888175804067,4,Online,Laptops,Regular,21.197888175804067,4.6,0,71.73646401670248,21.59947286695945,0,697.2457951351818,-1103.35,-1.0851482446828717,44,8,0.06424382432322989,0,Bajo,44.793736372775356
REGU_0165,36.63031308897988,4.921242397192022,913.7803595130284,15.215204354251938,7,Online,Smartphones,Regular,15.215204354251938,4.3,0,76.14836329275236,45.93282833329515,0,494.7784945552678,474.42,0.8512427046442747,43,4,0.025112568863930852,0,Bajo,12.425159016911199
REGU_0166,50.64004239444069,5.165482044667532,968.9727596301937,18.113315969725733,11,Online,Smartphones,Regular,18.113315969725733,8.6,0,80.7477299691828,40.36749356848366,0,1254.1859697143382,-1230.77,-2.350666530963088,48,5,0.04985199950824572,0,Bajo,62.52367834544786
REGU_0167,46.59853100624735,3.9855002728336246,473.7660556455285,16.287665765644924,5,App,Laptops,Regular,16.287665765644924,8.1,1,39.480504637127375,39.02514334285272,0,520.6235297300104,-2906.21,-8.40053343771718,52,4,0.039028451052602935,0,Bajo,20.319129946901082
REGU_0168,41.65242068969054,2.935077358888155,619.7432291453514,12.799568598736863,8,Online,Smartphones,Regular,12.799568598736863,7.7,0,51.64526909544595,47.650426127408736,0,510.06002389308986,122.32000000000001,0.8472674378333449,46,2,0.0634508882929778,0,Bajo,32.36376159875404
REGU_0169,45.1897112711863,3.088221339038946,1119.685650429686,15.256927053121608,10,Online,Gaming,Regular,15.256927053121608,7.5,0,93.30713753580716,45.87410848878274,0,1068.7341661647974,-1427.07,-0.785555602189439,43,6,0.0542191590510516,0,Bajo,57.945867738582166
REGU_0170,23.469324373207535,5.795553591363787,1197.005418378964,20.19739407062673,6,App,Accesorios,Regular,20.19739407062673,9.6,0,99.75045153158034,8.44176668085604,0,1934.1638954227835,1611.8899999999999,0.6386508255044298,48,8,0.06200779619082041,0,Bajo,119.93324062701925
REGU_0171,48.238610864643896,7.162913602928901,1004.7409789639936,10.790891840659238,5,Online,Gaming,Regular,10.790891840659238,8.4,0,83.72841491366614,66.08609494327234,0,761.0753053037241,269.18999999999994,0.596464840374298,60,7,0.05273132946831657,0,Bajo,40.1325126741703
REGU_0172,41.64281926116349,5.676135517568539,1414.32905018629,21.228247821184866,5,Online,Laptops,Regular,21.228247821184866,6.6,1,117.86075418219085,33.2944795233818,0,1655.6675404221662,-495.1800000000001,-0.5652816832387463,50,6,0.03906090447273363,0,Bajo,64.67187163503608
REGU_0173,13.826621933233298,5.436510293695721,1028.410091851955,18.3301728669493,6,Tienda,Laptops,Regular,18.3301728669493,6.7,0,85.70084098766291,16.627422653284114,0,1058.2587393358951,-1591.21,-4.662600510369899,48,6,0.041017483609593605,0,Bajo,43.40711049541927
REGU_0174,28.56777705463533,4.686380122885689,915.8004400036592,10.760234717154823,7,Tienda,Accesorios,Regular,10.760234717154823,5.2,0,76.31670333363827,49.66839686114886,0,424.6084936579917,-1280.0700000000002,-2.8309866004820474,51,5,0.03828686010691103,0,Bajo,16.256925996889745
REGU_0175,24.118307287677688,7.358459384278666,724.7574953934362,2.6901014705504167,7,Online,Gaming,Regular,2.6901014705504167,8.5,0,60.396457949453016,46.92950943034523,0,138.46143486781574,203.33,0.2835058304089927,55,8,0.06575861960383358,0,Bajo,9.105032825273675
REGU_0176,35.87536854326939,6.834463505192502,882.8432070283526,22.502102188440745,12,Online,Accesorios,Regular,22.502102188440745,9.0,0,73.57026725236271,22.87972783435436,0,1482.3946919052516,-1364.7599999999998,-1.7022480835646825,44,7,0.050621924508521196,0,Bajo,75.04167218546019
REGU_0177,18.30927042489475,4.276487637180895,914.2833536645052,6.554437730145775,10,App,Smartphones,Regular,6.554437730145775,8.1,0,76.19027947204209,5.166255070062418,0,403.2594372548691,487.40999999999997,0.7493725207886417,43,4,0.04378122800596586,0,Bajo,17.655193368012906
REGU_0178,55.34575555260574,6.056113156892237,895.1533409176493,15.098509683165656,3,Tienda,Smartphones,Regular,15.098509683165656,6.6,0,74.59611174313744,53.69084996645773,0,745.6256145467565,75.29000000000005,0.2690242315946156,53,7,0.03904795762705346,0,Bajo,29.115157402467446
REGU_0179,25.581485043708483,7.659037491349873,975.258371995699,17.34789448449196,6,Online,Smartphones,Regular,17.34789448449196,6.6,1,81.27153099964158,18.85713503394413,0,930.279526882201,406.24,0.12505935882939725,60,7,0.041668636573190435,0,Bajo,38.76347951713397
REGU_0180,37.05759360025771,1.1467986804986463,789.3746541598124,18.41864556110287,10,Tienda,Smartphones,Regular,18.41864556110287,8.4,1,65.78122117998437,24.34569791788893,0,1015.6558655163284,541.24,0.6532612369043596,58,1,0.07116530400450528,0,Bajo,72.27945843342845
REGU_0181,36.235008686278846,1.5289339009998422,1368.3604714057462,17.208733681887786,7,Online,Accesorios,Regular,17.208733681887786,6.2,2,114.0300392838122,23.39858488910992,0,1213.589393332349,276.12000000000006,0.009947178438833934,73,5,0.09565939121089281,0,Bajo,116.09122254616923
REGU_0182,28.589648873373054,1.0,1045.9122862296924,16.89490345261013,10,Tienda,Gaming,Regular,16.89490345261013,8.9,1,87.1593571858077,22.296246656888627,1,1314.0192952971177,3395.01,0.8336123867113241,64,4,0.6638168480074067,1,Medio,872.2681468250464
REGU_0183,29.652196363640066,8.080728035129894,746.8635574695036,25.52648714729156,11,App,Laptops,Regular,25.52648714729156,5.3,0,62.2386297891253,27.75479459109349,0,838.0941909861183,-422.37000000000006,-1.903556535111695,58,9,0.04422089113179921,0,Bajo,37.06127197779047
REGU_0184,52.68574800399056,6.308095560399914,769.3286583496633,6.698047665526795,11,App,Smartphones,Regular,6.698047665526795,7.1,0,64.11072152913862,54.9031176952417,0,306.99866518078164,97.04000000000002,-0.04446600183877503,43,8,0.06310632684543441,0,Bajo,19.37355810601049
REGU_0185,40.98325782184676,6.130603455767672,1184.68090405954,8.884305927952884,8,Online,Accesorios,Regular,8.884305927952884,6.0,0,98.72340867162832,42.50167484581693,0,529.8816738811822,263.72,0.24852144058988462,51,6,0.05056001065208087,0,Bajo,26.790823075775016
REGU_0186,28.23822223290269,4.95026700042501,831.7067694661664,15.729357825758376,9,Online,Smartphones,Regular,15.729357825758376,10.0,0,69.30889745551387,30.916946348872923,0,1090.184448586572,-175.14,-0.26588908561717034,49,6,0.04676025623271531,0,Bajo,50.97730415682956
REGU_0187,34.095041829125606,7.488410455147347,541.105243295938,19.8397275657047,5,Online,Smartphones,Regular,19.8397275657047,9.7,0,45.09210360799483,31.759890013881847,0,865.4360052966782,-1316.93,-1.929206304846072,62,8,0.10481324549691393,0,Bajo,90.70915648502924
REGU_0188,20.73799001510558,4.104445189360992,1126.2368123982824,21.43546051895237,5,Tienda,Gaming,Regular,21.43546051895237,7.0,0,93.85306769985688,17.593222723255117,0,1409.953367191127,110.88999999999999,0.37557914336433446,43,5,0.05588066137745552,0,Bajo,78.78912667001057
REGU_0189,44.84278877967181,6.225959305607489,1188.521275539157,21.09240107435843,7,Tienda,Laptops,Regular,21.09240107435843,10.0,0,99.04343962826307,38.55577769068587,0,2089.06395242333,-269.4,-0.5047326098509888,50,8,0.04764454100070478,0,Bajo,99.53249313432774
REGU_0190,31.437529047711127,6.762535372941258,787.6110750367786,17.6438126359167,11,Tienda,Laptops,Regular,17.6438126359167,7.8,0,65.63425625306489,22.36589136750282,0,903.794563137504,-1307.5300000000002,-1.4065000343564247,50,6,0.03726137953508205,0,Bajo,33.676632238810214
REGU_0191,44.14006623554002,6.238931233430096,668.6837775480851,9.532338567701636,9,Online,Smartphones,Regular,9.532338567701636,6.2,1,55.723648129007096,22.50082617518087,0,327.719833638454,-2393.17,-2.5438915088235157,44,7,0.0438532919486276,0,Bajo,14.371593541902794
REGU_0192,56.70633653471533,5.841154023522751,800.2768158461587,20.54325806253129,2,Online,Smartphones,Regular,20.54325806253129,8.4,0,66.68973465384656,59.61962492181239,0,1145.4797678852128,366.77,0.8043726565540532,52,6,0.05250603462206679,0,Bajo,60.14460035145801
REGU_0193,19.43799383398432,4.014182437683365,758.5636703234359,14.527908689319762,7,Tienda,Smartphones,Regular,14.527908689319762,7.7,0,63.213639193619656,7.950798693082595,0,710.419136109297,-4776.030000000001,-10.47413068095184,47,6,0.044684825387106046,0,Bajo,31.74495504870266
REGU_0194,55.236361732903056,4.043864130678909,1294.6041970039764,14.160972276267668,9,Tienda,Gaming,Regular,14.160972276267668,7.8,1,107.8836830836647,58.0713182651629,0,1196.608757465204,-690.6800000000001,-0.7566512027200377,49,4,0.0562041309464732,0,Bajo,67.25435529627092
REGU_0195,24.2557475160896,6.594280539549825,1534.456936347075,10.696215991490902,6,Online,Smartphones,Regular,10.696215991490902,9.8,0,127.87141136225624,12.229041813023636,0,1346.450186349591,-796.92,-0.8913039139082818,55,6,0.05335659807815857,0,Bajo,71.84200142531682
REGU_0196,57.546160511977455,6.080120978223436,975.7504040509028,17.3143643805662,3,App,Smartphones,Regular,17.3143643805662,8.8,0,81.31253367090856,44.49328612980858,0,1239.517175456919,424.46000000000004,0.5801248752181271,44,6,0.042051577558332755,0,Bajo,52.12365263861218
REGU_0197,49.06172171928614,7.247146450231677,745.961252742989,7.72472697454724,7,Online,Accesorios,Regular,7.72472697454724,7.8,0,62.163437728582416,20.034060247554432,0,376.8942652220926,-446.08,-0.41605429652929143,52,8,0.0834920950206885,0,Bajo,31.467691804675525
REGU_0198,30.238027593565853,7.371387864420145,996.2669576129904,18.0220658128184,9,App,Laptops,Regular,18.0220658128184,8.9,0,83.02224646774918,41.38546907727995,0,1325.0380303938232,-1786.65,-1.9981626664373906,50,7,0.029264207030827206,0,Bajo,38.77618724516435
REGU_0199,50.48657870921549,6.2977348251803935,827.7519276053812,11.921312708953968,4,Online,Smartphones,Regular,11.921312708953968,9.0,1,68.97932730044843,57.5670791152154,0,737.9692041185189,-3166.0200000000004,-5.3143662808441094,62,7,0.02072446219234055,0,Bajo,15.29401486986589
REGU_0200,49.64768838430595,5.034324316018854,830.1785026339026,7.629307822840864,8,App,Laptops,Regular,7.629307822840864,8.2,0,69.18154188615854,59.792408422483,0,434.7355717139724,340.84000000000003,0.7865193727997203,90,5,0.04225873709121776,0,Bajo,18.371376229261003
REGU_0201,53.95325470033831,4.082360540743123,1233.9869614859554,14.23001167401084,6,App,Accesorios,Regular,14.23001167401084,6.9,1,102.83224679049628,70.17511036975958,0,1007.4744725024942,539.09,0.8859577942763006,50,4,0.04268804757035976,0,Bajo,43.00711820810958
REGU_0202,21.677997695327875,5.921503826941178,334.23402503843704,10.992022161231318,7,App,Smartphones,Regular,10.992022161231318,5.6,1,27.852835419869752,10.81763837865169,0,171.41680555162114,-2104.7,-8.431735551431695,46,5,0.06788123833474774,0,Bajo,11.635985032230703
REGU_0203,47.99599926220242,3.3854282188969123,781.5524735851309,19.78768581639884,5,Online,Gaming,Regular,19.78768581639884,6.6,0,65.12937279876091,54.86524789543652,0,852.7994109767561,-2740.65,-1.8234576575141739,49,4,0.03298045610593987,0,Bajo,28.125713540890285
REGU_0204,35.48670121846222,4.605342843462189,527.8587586381318,8.417854972319294,10,Online,Laptops,Regular,8.417854972319294,9.0,0,43.988229886510986,23.390298465108305,0,333.8709646477137,-1259.18,-2.3948325887133284,58,5,0.09572938783095511,0,Bajo,31.96126306025609
REGU_0205,30.206414114325767,5.1937812099975655,934.181510025771,11.70125679373017,7,Online,Smartphones,Regular,11.70125679373017,6.3,0,77.84845916881424,27.693853742579805,0,575.5872337283192,-2830.34,-2.790832214002429,49,5,0.02094860120778331,0,Bajo,12.057747419665722
REGU_0206,30.77951412343652,4.720863532576341,911.8928795884156,24.321852784577064,9,Online,Gaming,Regular,24.321852784577064,8.7,0,75.99107329903462,22.09046986680655,0,1601.859187284562,1151.53,0.8588757427204771,47,8,0.04800747658570814,0,Bajo,76.90121742716508
REGU_0207,29.52203241837966,6.926655579166075,1210.9613605431675,14.89327348913793,3,Online,Smartphones,Regular,14.89327348913793,9.6,1,100.91344671193065,34.7667489272276,0,1438.9269324993268,1159.83,0.8079648057072825,49,7,0.041559073979867266,0,Bajo,59.800470839362994
REGU_0208,19.095603395899737,1.1057353633330158,750.4932794761676,16.461739036728765,6,Tienda,Gaming,Regular,16.461739036728765,8.0,3,62.54110662301397,39.1042468743788,0,819.9166127809897,-432.28999999999996,-0.394294787831154,53,3,0.10788604475781091,0,Bajo,88.45756038416258
REGU_0209,39.71737587269641,4.393167623662406,1076.3027560214225,22.03185202508247,6,Online,Laptops,Regular,22.03185202508247,7.7,0,89.69189633511854,30.97918494248602,0,1531.4156532295972,400.21000000000004,0.5536600343632528,69,4,0.031578974064824315,0,Bajo,48.360535195803436
REGU_0210,21.00720948874645,5.890143333272806,1106.8228003213658,20.55849267822053,9,Tienda,Gaming,Regular,20.55849267822053,6.2,1,92.2352333601138,25.126540586026813,0,1183.6003000998512,-1609.16,-2.5196704148025484,48,6,0.06599676339695416,0,Bajo,78.11378896225382
REGU_0211,25.70646027290828,4.4205432522831405,1547.9799830298791,11.163095967788458,2,Online,Laptops,Regular,11.163095967788458,5.8,0,128.9983319191566,22.77373512646578,0,837.3458408040145,1480.37,0.7152845304842156,65,6,0.024342815024013174,0,Bajo,20.38335491381891
REGU_0212,32.67757416084156,4.814203837734776,683.9474615399816,6.1714490652498935,6,Online,Smartphones,Regular,6.1714490652498935,8.9,1,56.99562179499847,44.22221145214837,0,312.3396121422798,-1466.71,-2.9897979407712882,82,4,0.04423995820992928,0,Bajo,13.817891388479978
REGU_0213,32.10283322330008,7.200173835348464,1076.389463303752,17.181178524005276,5,Online,Gaming,Regular,17.181178524005276,5.6,0,89.69912194197933,26.501342444673643,0,863.3563997854245,-1035.39,-2.3054583881566146,58,7,0.04838021590059834,0,Bajo,41.769369020782136
REGU_0214,47.3771652559472,3.435504463765186,725.9926964235001,20.36778679016456,6,Tienda,Laptops,Regular,20.36778679016456,6.5,0,60.499391368625005,43.42022916750195,0,803.4543055363388,244.96000000000004,-0.33026813722091497,43,5,0.04957366662094281,0,Bajo,39.830175887819586
REGU_0215,32.77882820694538,6.818193806350229,640.1029968687429,18.039201693675043,13,Tienda,Laptops,Regular,18.039201693675043,4.2,1,53.341916405728576,32.81758984710984,0,403.1789148013361,268.14,0.6014213539501633,43,9,0.04328276941888091,0,Bajo,17.45070000390086
REGU_0216,36.81478145847823,4.09897090778366,1260.5931407319636,12.425743671394478,10,Tienda,Smartphones,Regular,12.425743671394478,8.4,0,105.04942839433028,30.551000885373178,0,1100.8651604096865,88.74000000000001,-0.07382868551627722,69,4,0.044494919750476696,0,Bajo,48.98290696852465
REGU_0217,33.27608564123458,4.752379152495431,957.9398641453628,15.37836770306693,9,App,Smartphones,Regular,15.37836770306693,7.8,1,79.82832201211356,42.31030881926817,1,961.1028929931492,-628.63,-0.5351874978190665,44,4,0.06535596613802214,0,Bajo,62.813808129615374
REGU_0218,28.85837040793793,5.845876104657226,819.5866465735871,13.17385293142754,9,Tienda,Laptops,Regular,13.17385293142754,6.6,0,68.2988872144656,27.70747151415641,0,590.6375256548862,-924.73,-1.8976641604961215,55,6,0.04168648358869474,0,Bajo,24.621601520079683
REGU_0219,38.773409867487885,3.9836113553323225,1048.933865616262,15.705777073455977,9,Online,Laptops,Regular,15.705777073455977,9.3,0,87.41115546802183,45.71048502643596,0,1273.4187487302322,-1352.1399999999999,-3.8966832856690865,61,3,0.02954574626223778,0,Bajo,37.62410723555977
REGU_0220,31.293650931240887,4.290589035607364,1099.6547184785986,18.497867514259443,10,Online,Gaming,Regular,18.497867514259443,10.0,0,91.63789320654988,18.429004652406483,0,1695.1056078206154,-334.85,-0.20587397415454123,55,4,0.03211307991136948,0,Bajo,54.435061842153964
REGU_0221,46.67493284441885,3.613671554029977,782.9327500389712,12.375935831588553,6,Online,Laptops,Regular,12.375935831588553,10.0,0,65.24439583658094,46.91892376077645,0,807.4604562442889,127.24999999999994,0.1845870571363285,59,4,0.041788725412782154,0,Bajo,33.74274328767239
REGU_0222,67.21587606867182,6.210754273689833,683.4528635158044,28.19654434581089,9,Tienda,Smartphones,Regular,28.19654434581089,7.6,3,56.9544052929837,72.10272402685172,0,1216.966780343079,-222.19000000000008,-0.27927601515371625,72,6,0.13446415837838446,0,Bajo,163.6384138932844
REGU_0223,32.20283694755421,5.822189493090935,1006.941750351218,6.755120810543485,10,Online,Smartphones,Regular,6.755120810543485,7.6,0,83.91181252926816,22.506463419473235,0,432.4808245571723,-400.94000000000005,-0.5694467120833727,47,6,0.07293639092790519,0,Bajo,31.543590488724696
REGU_0224,53.39604740872328,6.819106271393645,793.6972427377152,11.375333992989324,7,Online,Smartphones,Regular,11.375333992989324,4.4,0,66.1414368948096,63.2705565210669,0,330.6514497012206,-1674.17,-2.74133857328275,47,6,0.03596561581905148,0,Bajo,11.892083009966523
REGU_0225,29.723600588770296,4.106865195685937,958.5023137152692,18.67860655509444,8,Tienda,Accesorios,Regular,18.67860655509444,8.1,0,79.87519280960578,36.642936782950216,0,1206.7965832413145,945.01,0.7990982369801218,49,5,0.0581877240482239,0,Bajo,70.22074656798507
REGU_0226,51.91014072323106,4.2688576812350965,1108.0399548410276,14.541846032224216,14,Online,Accesorios,Regular,14.541846032224216,7.6,0,92.33666290341895,58.38423416879705,0,1018.1467040638528,-3087.23,-3.7935041750973966,46,4,0.02209748964473867,0,Bajo,22.498486249875793
REGU_0227,43.31861121990445,1.9584840924937268,728.4899382554057,13.337103100750625,8,Tienda,Gaming,Regular,13.337103100750625,7.9,1,60.707494854617146,48.40210021270513,0,639.2514199792389,0.0,0.0,91,1,0.056263963742458775,0,Bajo,35.966818716027184
REGU_0228,49.22023565542894,3.094536909674667,863.6566886196623,23.513223346861,8,Online,Gaming,Regular,23.513223346861,8.8,1,71.97139071830519,43.52624010730808,0,1492.7993674151876,-419.15999999999997,-0.5018090610019038,62,3,0.05370793756909987,0,Bajo,80.17517522832667
REGU_0229,30.005477433924938,5.905221515452305,962.3312091748898,16.04331741624957,4,App,Accesorios,Regular,16.04331741624957,7.0,0,80.19426743124082,47.29096181318347,0,904.0593491347216,410.64,0.7004712344407201,57,5,0.034629766163216294,0,Bajo,31.30736385820493
REGU_0230,54.762201040301406,7.27831653324473,1287.6902733497966,14.57479177870581,6,Online,Smartphones,Regular,14.57479177870581,8.1,2,107.30752277914972,58.54781083451238,0,1271.8635457385014,1058.66,0.7253378186037668,51,8,0.05020999979017002,0,Bajo,63.860268364655056
REGU_0231,30.82211123819224,4.887610165822328,857.8451585535751,19.035232083033435,4,Tienda,Laptops,Regular,19.035232083033435,10.0,0,71.48709654613126,25.181291248135047,0,1360.7734736978264,-80.80999999999995,-0.3684504749419763,47,4,0.05443531257484408,0,Bajo,74.07412938429755
REGU_0232,52.2152647915527,4.523198829942499,961.60993198549,10.475926080941438,7,Online,Smartphones,Regular,10.475926080941438,6.0,0,80.13416099879085,49.21791607614024,0,505.5327019870103,-4615.93,-5.395882727794086,43,7,0.016400344437176608,0,Bajo,8.290910436843523
REGU_0233,28.800629614878705,3.4651201649366232,1020.0113356743512,1.6271643592292957,5,App,Accesorios,Regular,1.6271643592292957,6.4,2,85.00094463952927,17.834597836480476,1,88.7924336882575,-874.6100000000001,-0.6558648146430195,51,4,0.6559226482891838,1,Medio,58.2409682528436
REGU_0234,41.68219282323295,1.9515186135019096,717.1184878025929,18.410688331694875,7,Tienda,Smartphones,Regular,18.410688331694875,10.0,0,59.75987398354941,28.251125459906163,0,1100.2204146524891,30.170000000000016,0.09503858875413457,49,2,0.0982274137302483,0,Bajo,108.07180586453539
REGU_0235,43.35363490363482,4.911097966099488,202.65174470919655,9.550782074897622,9,Tienda,Laptops,Regular,9.550782074897622,9.4,3,16.887645392433047,42.4897325422335,0,152.29035087125257,-1783.88,-11.892533333333333,69,4,0.031044754199400927,0,Bajo,4.727816509738559
REGU_0236,54.23492277288362,4.905719754364483,834.353631983375,20.073783120016014,7,Tienda,Gaming,Regular,20.073783120016014,9.3,0,69.52946933194791,55.63658813818376,0,1295.4690942519312,-333.15,-0.5052819640467252,52,4,0.04886307791561895,0,Bajo,63.30060728970842
REGU_0237,52.17382541314089,4.609945624729333,729.9970045773091,16.345904601275798,7,Tienda,Gaming,Regular,16.345904601275798,8.0,1,60.83308371477576,64.64703524027809,0,797.7096584275662,521.26,0.8373902532235645,67,5,0.030198544933352594,0,Bajo,24.08967096379421
REGU_0238,19.643380580376395,3.262609904223672,777.8624881040957,15.692278375971696,11,Tienda,Gaming,Regular,15.692278375971696,7.7,0,64.82187400867464,19.37916361089792,0,779.3806433772004,-1732.7600000000002,-4.6786229409961555,48,4,0.055537494297691614,0,Bajo,43.28484803729249
REGU_0239,48.51617038921973,4.763867999339883,949.6830366281258,18.004691903558633,5,Online,Accesorios,Regular,18.004691903558633,5.6,0,79.14025305234382,57.54922929679567,0,804.6032433243001,-2783.39,-3.6741147095967244,50,5,0.024282311467738103,0,Bajo,19.537626562352923
REGU_0240,35.051140006629055,4.8632123795394335,1133.5169779639657,18.82676919708025,11,Tienda,Smartphones,Regular,18.82676919708025,6.6,0,94.4597481636638,34.87908633117291,0,1176.9907442265308,171.89999999999992,-1.5512754850567383,46,5,0.039372196616008714,0,Bajo,46.340710996909394
REGU_0241,25.875636305406434,4.409582626950485,1045.6083289231335,8.439183994022411,5,Tienda,Accesorios,Regular,8.439183994022411,6.6,0,87.13402741026114,29.96679946468189,0,482.1645369393861,-595.52,-0.28501097628536015,50,7,0.04189151411390529,0,Bajo,20.1986025044209
REGU_0242,36.265055352390334,4.726221395572752,965.6770934756306,11.735368780493362,8,Tienda,Smartphones,Regular,11.735368780493362,7.5,1,80.47309112296922,58.07460683531743,1,708.7672792229155,-627.43,-1.9855851159539126,45,7,0.07057704549147019,0,Bajo,50.02270050858126
REGU_0243,19.76850673708275,7.304235159282418,922.17028780055,16.49542867010553,9,Online,Laptops,Regular,16.49542867010553,8.8,0,76.84752398337916,31.987044955703787,0,1113.6896813615515,-564.23,-0.7133170006213326,47,8,0.04648595069532382,0,Bajo,51.770923617663975
REGU_0244,38.12990720761268,5.721118741334438,1014.150369535762,25.066477034639256,6,Online,Smartphones,Regular,25.066477034639256,9.7,0,84.51253079464685,40.91923023349206,0,2063.301424755888,-98.13999999999987,-0.4190629671291342,48,6,0.058021841888294866,0,Bajo,119.71654903507967
REGU_0245,35.36571696704755,3.654120490758115,786.7624610419798,12.251053201809832,9,Online,Accesorios,Regular,12.251053201809832,6.3,0,65.56353842016499,37.702225361518174,0,507.369333839597,-1305.9900000000002,-2.788180282869099,53,4,0.04237023458442245,0,Bajo,21.49735769572587
REGU_0246,43.27016570776263,5.263226293295455,1262.6613358371944,20.41008619582458,8,Online,Smartphones,Regular,20.41008619582458,9.5,1,105.22177798643288,38.22274027636912,0,2038.8252232717384,-1404.2000000000003,-1.787557145534813,53,6,0.03674702628540472,0,Bajo,74.92076407091272
REGU_0247,49.2930881977543,4.7797197181170485,395.0555131370373,8.001592476336569,4,Tienda,Accesorios,Regular,8.001592476336569,6.0,2,32.92129276141978,41.92809959411069,0,158.7804482635795,-637.0799999999999,-1.904759596840563,49,5,0.11009963783636711,0,Bajo,17.48166984931613
REGU_0248,39.15716073112205,5.135183533243589,895.2056853347581,10.96363912557609,9,App,Gaming,Regular,10.96363912557609,8.3,0,74.60047377789651,39.46834610685021,0,679.5965834345559,-646.5,-0.8332486335701621,49,8,0.06024700760178851,0,Bajo,40.94366052833119
REGU_0249,39.000438215130536,1.26078425090697,825.2152621324086,20.98584013623927,6,Tienda,Accesorios,Regular,20.98584013623927,5.6,2,68.76793851103405,51.69192415778279,0,805.0724922662466,714.95,0.9700814111261873,69,1,0.625482925263608,1,Medio,503.55909751195543
REGU_0250,18.727924259450013,3.623057941897057,1154.4388773932978,8.947060615904405,8,App,Smartphones,Regular,8.947060615904405,7.7,0,96.20323978277482,32.60215279769032,0,663.4510245563847,-1734.97,-2.0393196800422455,47,4,0.052327641231801246,0,Bajo,34.716827187857454
REGU_0251,16.852424099792053,3.805438287365736,1114.9130746943124,12.886005726950682,4,Online,Accesorios,Regular,12.886005726950682,9.0,0,92.9094228911927,46.91276942863161,0,1080.2191660701435,729.28,0.7981071451226643,43,5,0.05081388351777936,0,Bajo,54.89013087836103
REGU_0252,27.00064900422977,4.524715565108565,1042.7685435808585,12.56559589415189,7,App,Smartphones,Regular,12.56559589415189,7.1,0,86.8973786317382,23.603812242143647,0,780.5818170772121,-907.7,-1.5169013868595789,50,4,0.04357483945090681,0,Bajo,34.01372735743662
REGU_0253,38.48312966484259,1.770085891934551,712.06388167707,24.057484409358835,12,Online,Gaming,Regular,24.057484409358835,7.0,2,59.3386568064225,49.52677818817952,0,1003.3415956443024,260.28999999999996,0.36806555813027875,52,4,0.10295288069058516,0,Bajo,103.29690758826919
REGU_0254,61.656266980273145,5.265612562649072,1008.5550315156732,15.198426908738746,12,App,Accesorios,Regular,15.198426908738746,7.4,1,84.0462526263061,56.42129821799614,0,944.910465877598,-2336.06,-1.736671305878639,71,8,0.054265704891101545,0,Bajo,51.27623248982701
REGU_0255,53.46970814972781,7.358597315405491,879.4685557665222,21.15351452492235,6,Online,Accesorios,Regular,21.15351452492235,8.5,0,73.28904631387685,46.22236171417024,0,1319.785153966409,-1855.13,-2.0072581935681497,73,8,0.03463371107543111,0,Bajo,45.70905770411598
REGU_0256,22.907818093814623,4.998243235713179,709.1054915286322,1.4293161074476366,9,Online,Accesorios,Regular,1.4293161074476366,6.3,0,59.09212429405269,26.33506852635691,0,53.475810619218194,-3094.2000000000003,-4.105206363495484,52,6,0.10162641374129185,0,Bajo,5.434554855139636
REGU_0257,43.991390682553416,4.103781712963395,576.1146158754491,14.938507753459712,5,Online,Smartphones,Regular,14.938507753459712,5.0,0,48.00955132295409,39.24895338362981,0,359.3459732162093,-1096.9,-1.6611601527467756,52,6,0.09247167733474844,0,Bajo,33.22932488679046
REGU_0258,54.238774359470725,3.642222639276341,1402.3901893466723,9.91905834614851,5,Online,Laptops,Regular,9.91905834614851,8.2,0,116.8658491122227,52.81270316241195,0,955.4376684983904,289.45000000000005,0.26606739825484166,66,3,0.042294021169313745,0,Bajo,40.40930097743069
REGU_0259,40.32077540763268,5.151965424831878,751.76711251503,27.304981129212905,9,Tienda,Laptops,Regular,27.304981129212905,10.0,0,62.6472593762525,43.523672395855655,0,1710.582235065481,-1243.69,-4.41912711210049,53,6,0.0429606822059915,0,Bajo,73.48777978786278
REGU_0260,56.899996662190205,5.076662052315353,1079.585396619876,18.554945087634312,3,App,Gaming,Regular,18.554945087634312,10.0,0,89.965449718323,75.2443590528789,0,1669.3039793078092,400.65000000000003,-0.008376550740549585,43,6,0.0548682124968873,0,Bajo,91.59172545856043
REGU_0261,48.1375820267279,3.791012403410877,818.3612167158245,8.388262826583523,8,Online,Gaming,Regular,8.388262826583523,5.7,0,68.19676805965204,47.161688491787245,0,326.3169784069942,551.94,0.8162192928970773,51,4,0.07813246552462652,0,Bajo,25.495950065484774
REGU_0262,33.07775645201087,2.286162115388374,693.9517492055712,14.29773450258743,6,Tienda,Gaming,Regular,14.29773450258743,10.0,0,57.8293124337976,45.302395559196285,0,826.8281556456162,-649.3,-1.5651481024992726,55,3,0.05647005375742867,0,Bajo,46.69103039746354
REGU_0263,37.76836782001322,3.741547340533733,793.9788137406265,11.189792363061752,7,Tienda,Gaming,Regular,11.189792363061752,7.5,0,66.16490114505221,26.17099144035638,0,554.2483615586997,-1408.93,-2.8917764783862494,69,5,0.07618470045147803,0,Bajo,42.22524540107202
REGU_0264,24.862336613820037,3.7543865306454745,773.9392483775662,15.740321407247874,6,Tienda,Laptops,Regular,15.740321407247874,8.8,1,64.49493736479718,35.777677415741564,0,891.7284899910073,217.51999999999998,0.5581640705012475,50,3,0.057851692853582604,0,Bajo,51.588002711748764
REGU_0265,43.80017879226845,3.9141377162685895,724.6575712894386,12.966656404807782,10,Online,Gaming,Regular,12.966656404807782,9.1,0,60.38813094078655,52.72850748400061,0,714.3545464151962,426.28,0.8120534789526177,59,3,0.04947857161238218,0,Bajo,35.34524258143507
REGU_0266,18.48244572660074,3.320127716446125,950.076167337182,12.822866912207648,8,Online,Smartphones,Regular,12.822866912207648,8.2,0,79.17301394476517,23.298482300681915,0,833.8583229164758,901.9200000000001,0.8778659633990037,61,5,0.04459231260879419,0,Bajo,37.18367100693634
REGU_0267,29.844380257669897,3.048336100412982,842.754820656895,19.82384947151223,8,Online,Laptops,Regular,19.82384947151223,9.9,0,70.22956838807458,33.32013326837176,0,1372.9809886968585,-1377.0,-3.3186921544045673,60,4,0.03411591746253219,0,Bajo,46.840506088007864
REGU_0268,32.0922759921563,3.414997110678331,1121.2619065654214,3.5403466163053,4,Tienda,Smartphones,Regular,3.5403466163053,10.0,0,93.43849221378512,21.553242216622436,0,330.8046497417432,-1038.44,-1.8403857302705107,84,3,0.05966760249888819,0,Bajo,19.73832034557427
REGU_0269,35.04753537109505,4.112834270690842,1142.5056217826768,15.771721163211703,5,Tienda,Accesorios,Regular,15.771721163211703,8.6,0,95.20880181522308,28.96316782645148,0,1297.5023573614085,714.03,0.8702532262655001,71,5,0.03852736828467598,0,Bajo,49.98935117229824
REGU_0270,37.97161367155526,5.009069023902958,821.8222095569454,15.89179826179939,8,Online,Accesorios,Regular,15.89179826179939,4.4,0,68.48518412974545,21.492860269500547,0,477.16022725462864,-3052.5099999999998,-2.90843834722624,69,5,0.050754286399843695,0,Bajo,24.217926832695927
REGU_0271,38.5963466666131,5.394868882589872,770.523776772697,23.546035771764814,6,App,Accesorios,Regular,23.546035771764814,10.0,0,64.21031473105809,44.39746255164418,0,1511.8983675737709,-3361.7799999999997,-5.110330303399255,46,6,0.02455098837437733,0,Bajo,37.11859924554371
REGU_0272,39.83161557840216,4.287503604172726,429.486749559468,18.36086979459409,1,Online,Gaming,Regular,18.36086979459409,5.4,2,35.790562463289,50.098448029344524,0,355.962163760427,-130.11999999999995,-0.8338924956989165,56,4,0.08321371356117964,0,Bajo,29.620933533777894
REGU_0273,31.59702653430157,4.2515733144111225,880.1616811466687,14.98247136620663,7,Tienda,Accesorios,Regular,14.98247136620663,5.7,0,73.34680676222239,48.89442831704131,0,622.8753310528615,-166.66000000000003,-0.11928214419163799,44,5,0.047259600996821104,0,Bajo,29.436839616321087
REGU_0274,47.93375380815238,5.136887670204504,776.7996030703079,16.6710528185016,3,App,Gaming,Regular,16.6710528185016,8.9,0,64.73330025585899,53.907843733215,0,956.6206884670198,298.13000000000005,0.5405050326577563,66,5,0.04273643746971755,0,Bajo,40.882560234908944
REGU_0275,34.57884239858487,3.719100637309916,1272.6151853440874,15.275996212650446,6,Tienda,Accesorios,Regular,15.275996212650446,4.9,0,106.05126544534062,51.375356563154384,0,789.5228761649564,857.5500000000001,0.6770988698483724,47,7,0.0867564931724515,0,Bajo,68.49623601549932
REGU_0276,48.32151492560082,5.443087635392948,749.9481807879457,13.53833750121768,6,Tienda,Smartphones,Regular,13.53833750121768,5.6,0,62.49568173232881,60.37259377437965,0,470.8074174391396,-360.81000000000006,-0.9146301452025116,65,6,0.04075996290165375,0,Bajo,19.19009286864274
REGU_0277,30.33780773172253,2.110317590810677,1200.9226777780004,13.482581850716304,9,Tienda,Smartphones,Regular,13.482581850716304,5.7,0,100.07688981483336,12.187807593685342,0,767.824638797303,560.83,0.45367171188298844,53,2,0.05934483190901233,0,Bajo,45.56642412502406
REGU_0278,17.820093008032813,5.465815369896406,1235.123495577064,11.81578544905068,11,Online,Smartphones,Regular,11.81578544905068,4.9,0,102.92695796475532,8.84535787203135,0,601.9038112185044,-677.2700000000001,-0.10315877750458145,43,7,0.04612767398810457,0,Bajo,27.76442277608481
REGU_0279,54.26743799078142,1.8788892119135323,1251.4546051790107,10.316023825203086,6,Tienda,Laptops,Regular,10.316023825203086,7.4,0,104.28788376491757,52.69370770590781,0,791.1328268338655,542.2900000000001,0.9196187827502587,78,1,0.04713441609401698,0,Bajo,37.2895838456233
REGU_0280,41.00385118947046,6.338513662339226,201.52497678339185,19.55603149041391,9,Online,Gaming,Regular,19.55603149041391,7.1,1,16.793748065282653,34.56457324811537,0,234.55832531296423,-1249.5,-4.6879209111903695,47,7,0.49388869029119037,0,Medio,115.84570408571487
REGU_0281,29.277482472273974,7.515673805280306,584.8747751453781,20.95630340815916,6,Online,Smartphones,Regular,20.95630340815916,8.5,0,48.73956459544817,27.694207413950963,0,866.0268484594404,-1822.57,-4.853611608521964,58,7,0.040547400678243736,0,Bajo,35.1151376226016
REGU_0282,36.77276603917077,4.664194798259575,1301.1307098619295,23.31694418296499,7,App,Laptops,Regular,23.31694418296499,9.7,0,108.4275591551608,33.51187841717016,0,2459.41378370709,-784.0899999999998,-0.6383879537425112,51,5,0.055889710087614064,0,Bajo,137.4559233568712
REGU_0283,50.76889977829525,3.576876957098,1215.3140646280294,12.833052166569232,7,App,Laptops,Regular,12.833052166569232,7.4,0,101.27617205233578,38.09478067724078,0,966.2451421660886,-254.90999999999997,-0.18570845194964125,44,3,0.05283499261547356,0,Bajo,51.05155495108249
REGU_0284,56.43080055879776,3.6434419270956,1723.7072801221125,5.970799822399169,11,Tienda,Accesorios,Regular,5.970799822399169,7.5,1,143.64227334350937,61.51851509856672,0,640.2129375364682,537.8199999999999,0.4991997684681668,68,3,0.05747098815277991,0,Bajo,36.79367014841478
REGU_0285,39.93188243453,5.790929809537925,975.3069319587236,2.606809404360384,4,App,Accesorios,Regular,2.606809404360384,5.3,0,81.27557766322697,44.60863257980462,0,113.01205818688835,19.290000000000077,0.0251812009410334,59,6,0.0695581868567442,0,Bajo,7.860913860428828
REGU_0286,23.2547692506079,5.054253319795193,1195.1581287774834,17.336023286229626,13,Online,Gaming,Regular,17.336023286229626,4.5,0,99.59651073145696,10.32828162185939,0,769.0906205783089,-508.4,-0.18910731651028564,49,7,0.058912549157725966,0,Bajo,45.30908899156559
REGU_0287,34.73496422010107,3.827743305089085,981.0104519430054,24.484445780825357,9,Online,Smartphones,Regular,24.484445780825357,6.5,0,81.75087099525045,23.454539900510824,0,1291.6782394937827,168.1,0.11918931539761761,43,5,0.05987733359779867,0,Bajo,77.34224884718651
REGU_0288,31.33401137503409,7.043607105408288,515.1082561845046,14.743088460528616,7,Tienda,Accesorios,Regular,14.743088460528616,6.9,0,42.925688015375385,14.758266430477097,1,436.72108002492695,-724.3599999999999,-2.5474008687988863,46,8,0.46846119612061043,0,Medio,204.5868795195621
REGU_0289,34.01726744513008,6.48678666939,1136.861242856764,16.489380955119227,12,Online,Smartphones,Regular,16.489380955119227,8.2,0,94.73843690473034,17.463035061696758,0,1274.693646801772,525.8399999999999,0.3709507889028764,53,7,0.039161729243909156,0,Bajo,49.919207464982165
REGU_0290,41.55078940538389,4.738501877987196,1544.7608978492758,19.20630343163606,5,App,Accesorios,Regular,19.20630343163606,8.7,0,128.73007482077298,48.8539904446463,0,2146.394334063932,718.1,0.6270983640542968,64,4,0.029388092511733833,0,Bajo,63.078435256132174
REGU_0291,32.55044277352741,9.67652169381207,946.9891117600172,9.396161746518752,9,App,Smartphones,Regular,9.396161746518752,8.0,0,78.91575931333476,6.164214232185074,0,591.2587797080515,438.59,0.5448631164329933,60,9,0.09886657509126603,0,Bajo,58.4557305423764
REGU_0292,38.3097496171757,2.356751524350696,729.0365017377492,13.180433339604992,7,App,Smartphones,Regular,13.180433339604992,8.6,0,60.7530418114791,40.8642952516329,0,686.3234408252349,428.27000000000004,0.7438286736005031,52,2,0.07395926062317171,0,Bajo,50.75997423178551
REGU_0293,34.86901182711861,4.885503799938847,716.2783268216576,13.88465094104646,4,App,Smartphones,Regular,13.88465094104646,9.6,0,59.68986056847147,48.489880044495536,0,795.4470037379893,541.1600000000001,0.741717652681653,48,5,0.04716025003479126,0,Bajo,37.51347958570911
REGU_0294,33.613502372418075,6.903849360380341,1247.8587444298596,15.947739280404353,8,App,Laptops,Regular,15.947739280404353,5.2,1,103.9882287024883,23.0156469519756,0,859.5648957207151,-1397.6200000000001,-1.429414704365767,76,7,0.06939065866069202,0,Bajo,59.645774275669474
REGU_0295,58.80360382923223,5.017820651776688,1046.646557476298,21.796487996824027,4,Online,Gaming,Regular,21.796487996824027,8.1,0,87.22054645635818,50.91165286888363,0,1534.9223193958949,196.95999999999998,0.10161282355119067,50,5,0.06365644603425326,0,Bajo,97.70769979139563
REGU_0296,15.808823287366636,4.539469253580872,1090.8191386441194,21.06852940009368,9,Online,Gaming,Regular,21.06852940009368,6.9,0,90.90159488700996,1.0,0,1314.205835040462,-1272.03,-2.668961988029499,47,5,0.02708783063749377,0,Bajo,35.598985082382114
REGU_0297,34.00888909578451,6.154953097002834,756.2592939840038,21.840471184074488,4,Tienda,Accesorios,Regular,21.840471184074488,6.9,0,63.02160783200031,45.44415498153572,0,952.5379016150556,-686.4999999999998,-1.7356555625873362,45,6,0.048260599602829406,0,Bajo,45.97005027636351
REGU_0298,21.31748378573202,5.063977829682985,873.4105725554058,7.255799627406202,10,App,Gaming,Regular,7.255799627406202,7.6,1,72.78421437961715,18.257363365037374,0,402.7615909219606,-2083.05,-1.729136964374861,45,8,0.041213401159220134,0,Bajo,16.599175018192476
REGU_0299,33.39121700436349,3.389808882945957,1444.8216013753658,15.365993140813917,5,Online,Laptops,Regular,15.365993140813917,7.9,0,120.40180011461382,30.202237885094465,0,1465.5861819398538,-626.8800000000001,-1.7208125404451469,76,3,0.09367560915351433,0,Bajo,137.2896783601891
REGU_0300,48.51788211114741,6.160455999883612,616.2537730561335,19.34728814852411,18,Tienda,Gaming,Regular,19.34728814852411,7.5,0,51.35448108801112,51.6819232590423,0,750.1402857821944,393.86,0.42037949103483996,50,7,0.08230547554061571,0,Bajo,61.740652943476874
REGU_0301,31.74313927802604,4.304078045773387,1252.6753132868791,14.913633809759135,7,Online,Accesorios,Regular,14.913633809759135,6.3,1,104.38960944057328,19.781326830152764,0,979.3084264540408,1810.8600000000001,0.6366696211931487,56,8,0.024641513638194272,0,Bajo,24.13164194646582
REGU_0302,45.72892984685143,5.182510155041858,907.0749245677216,27.56297075391637,11,App,Accesorios,Regular,27.56297075391637,7.7,0,75.58957704731013,51.28187663706861,0,1595.7091219288534,1129.16,0.6998872367396508,45,7,0.049498183044659194,0,Bajo,78.98470220326678
REGU_0303,47.45615032779155,6.146319805008283,1381.9909588454414,12.653267667866444,10,App,Gaming,Regular,12.653267667866444,6.6,1,115.16591323712012,57.29155184860063,0,962.6904082543648,1095.6100000000001,0.6373219160093347,69,8,0.026392685088888323,0,Bajo,25.407984783150784
REGU_0304,30.75337532109684,6.149980565928976,572.2153216637985,6.603567065256016,9,Online,Smartphones,Regular,6.603567065256016,6.5,0,47.68461013864987,34.81912962012147,0,206.12307456315915,-886.3599999999999,-0.6271191035689023,47,8,0.09790638979686425,0,Bajo,20.180766084308775
REGU_0305,19.30668121822807,4.482343854771215,961.01564185165,5.821156219114549,8,Online,Accesorios,Regular,5.821156219114549,6.9,0,80.08463682097083,58.30631719482977,0,323.3594898898785,-2496.01,-2.855704012636546,55,5,0.021427051247495367,0,Bajo,6.928640361234386
REGU_0306,42.33651041077216,5.334020695398812,1149.366923301956,22.480581835333105,5,Tienda,Accesorios,Regular,22.480581835333105,7.7,0,95.78057694182968,57.07514960510798,0,1660.2137591423852,-1049.3000000000002,-1.4264792548021985,70,5,0.04636777461026572,0,Bajo,76.9804173887761
REGU_0307,44.38432865088953,3.632574046769146,945.0204009250672,13.760599404606683,5,Online,Laptops,Regular,13.760599404606683,8.6,1,78.75170007708893,28.843739203497258,0,937.3558154562356,-292.4100000000001,-0.28554535639108897,45,6,0.05760145191204636,0,Bajo,53.99305592847936
REGU_0308,31.581142800541627,4.149107428013627,982.1201332296088,12.036781530571616,3,Online,Gaming,Regular,12.036781530571616,9.2,0,81.84334443580072,34.85262175858323,0,908.1394134090874,79.79000000000002,0.299844233001699,74,4,0.08382973426762978,0,Bajo,76.12908570404498
REGU_0309,36.91012539107097,3.956421313299372,1000.2808646753816,6.423573912735003,13,Online,Smartphones,Regular,6.423573912735003,9.7,0,83.35673872294846,42.334228933556034,0,518.0320708713333,708.14,0.44908492495923635,44,6,0.09872962938512812,0,Bajo,51.14511436673716
REGU_0310,41.12934231979774,2.614008196518719,733.4697374414595,17.536564249458436,6,Tienda,Gaming,Regular,17.536564249458436,10.0,0,61.12247812012163,45.90325628404784,0,1071.8782646396303,-880.51,-0.255381032973684,57,3,0.06357228003295361,0,Bajo,68.14174520090693
REGU_0311,23.397421688431784,6.772344705323137,815.1504746165068,5.497551469911299,8,Tienda,Smartphones,Regular,5.497551469911299,7.8,3,67.92920621804224,19.98283775555005,0,290.71846136215623,-2371.34,-3.501520488108507,43,8,0.05276570127742501,0,Bajo,15.339963488068161
REGU_0312,11.21459901147043,2.1173659269010185,534.065883264497,13.539966618976411,8,Tienda,Smartphones,Regular,13.539966618976411,7.9,1,44.50549027204141,10.952983585370903,0,475.31424094160536,-2297.88,-3.8683909260322227,57,3,0.09341402647854781,0,Bajo,44.40101708894998
REGU_0313,28.29445017338051,4.531892101920901,865.5462264521492,11.862896327868134,5,Online,Gaming,Regular,11.862896327868134,8.4,0,72.12885220434576,11.205738736093618,0,721.2623104522198,-1156.7,-1.7374852064532278,43,5,0.0429348165703308,0,Bajo,30.967264998359042
REGU_0314,18.24967905483527,6.413381621273115,741.8489377393125,17.64918948032532,7,App,Laptops,Regular,17.64918948032532,8.5,0,61.82074481160938,25.746354743058383,0,924.9341143331728,91.02000000000001,-0.1875864557277946,45,6,0.06919877611711385,0,Bajo,64.00430870082221
REGU_0315,32.78104737348571,5.975133362122467,732.3447442185288,14.615719049764724,6,Tienda,Accesorios,Regular,14.615719049764724,10.0,0,61.0287286848774,33.745958930012634,0,891.9787524224855,-2542.19,-5.027512276705936,43,6,0.024439830305617406,0,Bajo,21.799809345421867
REGU_0316,43.476867493206186,3.086186576290794,725.8908311796004,11.448009881654045,9,Tienda,Laptops,Regular,11.448009881654045,5.9,0,60.49090259830003,37.56011373379703,0,408.7096281072277,654.7800000000001,0.32056479535680793,50,3,0.051676231911358374,0,Bajo,21.120573526474132
REGU_0317,32.76790766849484,5.883536254888575,882.3712795239509,20.712617804390653,6,Online,Gaming,Regular,20.712617804390653,8.3,0,73.53093996032923,37.65428676171057,0,1268.6959279334917,-2775.34,-4.134420180836047,50,7,0.026950221668908172,0,Bajo,34.19163648824875
REGU_0318,17.99467110832076,2.304712218601064,1268.066729978652,14.044688092650413,7,Tienda,Laptops,Regular,14.044688092650413,6.8,0,105.672227498221,12.896403738641862,1,1006.588436597933,942.65,0.9878438564317527,49,2,0.7976970799373461,1,Alto,802.9526565728695
REGU_0319,49.20582870212933,5.46327897318073,1002.0955781299052,12.663069623522691,9,Online,Gaming,Regular,12.663069623522691,6.2,0,83.50796484415876,45.9001085823707,0,656.2360631963634,-1549.42,-1.5386902697004825,45,7,0.03659140524762843,0,Bajo,24.012599726526435
REGU_0320,50.994298924486266,3.615025161271756,829.7270106160948,11.676312321294654,4,Online,Laptops,Regular,11.676312321294654,10.0,2,69.14391755134123,57.45444545006279,0,807.3459764473074,-2071.8,-2.071058179640325,68,4,0.03335013048318822,0,Bajo,26.925093659594705
REGU_0321,28.844784778657967,5.732919644624687,516.339916117119,9.387259547477916,8,Online,Smartphones,Regular,9.387259547477916,7.9,0,43.02832634309325,21.71403804158878,0,317.9531472613281,-1921.7999999999997,-2.8168083730641826,52,6,0.07622682873596226,0,Bajo,24.236560102349447
REGU_0322,35.52171561241878,6.335263314080712,784.3309247521042,18.505545623992383,5,App,Smartphones,Regular,18.505545623992383,6.5,0,65.36091039600869,42.123368591864896,0,788.4394580959786,353.20000000000005,0.4498001658945947,51,6,0.039897679387100204,0,Bajo,31.45690471525238
REGU_0323,39.45090548762344,4.65006715738041,1055.329948558109,19.03886715645892,7,Online,Laptops,Regular,19.03886715645892,6.8,0,87.94416237984241,47.26669240722338,0,1144.3617792253067,-1572.9599999999998,-3.622454198278314,43,4,0.023961537031178756,0,Bajo,27.420667149972793
REGU_0324,17.168039883208422,4.390443881277404,1068.7642869223005,19.331073790786355,10,Tienda,Laptops,Regular,19.331073790786355,6.6,0,89.06369057685838,20.416852272408786,0,1140.137241127125,-99.09,-0.41742595784434666,47,4,0.03225027711526928,0,Bajo,36.76974197578837
REGU_0325,48.169157976998974,6.00415702008984,1559.7141766448128,19.174142505962266,4,Tienda,Laptops,Regular,19.174142505962266,8.9,1,129.97618138706773,54.49187388815737,0,2215.926334504131,-479.82000000000005,-0.4240442908677942,51,6,0.041778449952562975,0,Bajo,92.57796746464716
REGU_0326,44.45475228990675,4.627857452191005,784.3639749313644,7.368386142847459,5,Tienda,Laptops,Regular,7.368386142847459,8.9,1,65.3636645776137,39.46361879081389,0,427.2743690525854,-981.98,-1.5043721953378555,52,4,0.04736190142386307,0,Bajo,20.236526548011838
REGU_0327,32.200592202112766,7.213599018488518,731.5827770193434,22.72221049437133,6,Tienda,Smartphones,Regular,22.72221049437133,7.4,1,60.96523141827862,28.374616985073143,0,1018.7703243881084,-2956.43,-5.451046303589849,52,7,0.0286171767354544,0,Bajo,29.15433042585071
REGU_0328,6.606553837161492,3.4700939928439247,810.7013892653194,13.39368165369962,8,Online,Gaming,Regular,13.39368165369962,7.4,1,67.55844910544329,5.272279564437048,0,666.9410240279644,259.84,0.9572649572649572,45,3,0.16046378551879076,0,Bajo,107.01988143330595
REGU_0329,45.71826016648702,5.962841184287957,692.5759400917349,12.579914381889576,2,Tienda,Laptops,Regular,12.579914381889576,7.4,0,57.71466167431124,40.30268182228807,0,538.0111035250826,-115.21999999999991,-0.26032283200624223,47,7,0.04724041051315106,0,Bajo,25.415865391158317
REGU_0330,42.47716500379309,3.2145368158006025,672.2934958530137,13.769578070244451,3,Tienda,Gaming,Regular,13.769578070244451,8.7,0,56.02445798775114,52.529850643219405,0,670.6474229954325,337.91,0.7277336280328611,87,3,0.04562190448812981,0,Bajo,30.596212677108017
REGU_0331,32.41863439795412,7.313414941491953,1198.587879953856,19.511356999717265,5,Online,Accesorios,Regular,19.511356999717265,8.7,0,99.882323329488,38.40094200903009,0,1704.2357263210831,95.88999999999994,-0.26495936902129075,44,9,0.05255775859520274,0,Bajo,89.57080989330349
REGU_0332,29.260819572109806,6.316172783113501,887.4294167202,20.933456913015235,13,App,Laptops,Regular,20.933456913015235,8.6,0,73.95245139335,23.52937332102922,0,1324.9256696621633,-1020.85,-1.6714768934735378,63,6,0.05124976686450311,0,Bajo,67.90213168298153
REGU_0333,34.757123344428244,3.5328674356273257,767.5915886662106,18.51861409449641,10,Tienda,Laptops,Regular,18.51861409449641,6.4,0,63.965965722184215,50.71936131937143,0,756.3210552351878,-698.7900000000001,-1.5638566922381822,52,6,0.04926747576882337,0,Bajo,37.262029262250536
REGU_0334,25.17567890928631,6.3466803675346775,1279.119702647642,14.527446519600804,6,Online,Gaming,Regular,14.527446519600804,6.5,0,106.59330855397018,36.94123524689613,0,1002.8328633687156,-1043.4499999999998,-1.6137983505879159,56,6,0.03827905648285977,0,Bajo,38.38749581975906
REGU_0335,19.57281063136673,2.576230293549752,1043.1620466200138,15.832465635575623,5,Online,Smartphones,Regular,15.832465635575623,6.6,0,86.93017055166781,19.143102317321222,0,903.8010964198847,18.900000000000034,0.0617283950617285,45,3,0.08022687791901206,0,Bajo,72.50914022554734
REGU_0336,29.083559928475218,5.135422006629015,1411.9577572169064,14.481328818993209,9,Online,Accesorios,Regular,14.481328818993209,8.3,0,117.6631464347422,31.268735022665133,0,1410.9949029819752,-1745.9099999999999,-1.353377901962991,49,7,0.03759421901003947,0,Bajo,53.04525140475376
REGU_0337,22.980537614115224,5.130439553055754,816.934568457106,18.520649240246374,12,Online,Gaming,Regular,18.520649240246374,10.0,0,68.07788070475884,1.0,0,1260.8465495521752,-580.66,-0.9855677131998748,65,5,0.04764135575056465,0,Bajo,60.06843901408712
REGU_0338,15.060771980374376,3.125490777109603,1132.2589963931798,22.69641247172412,5,App,Accesorios,Regular,22.69641247172412,6.4,0,94.35491636609832,6.552001242928611,0,1363.4373168861257,-942.22,-1.0817022383300872,48,3,0.06725643871538452,0,Bajo,91.69993834542001
REGU_0339,27.358458781405314,5.522160222072066,1226.5467095309702,13.518754006178805,9,Tienda,Smartphones,Regular,13.518754006178805,8.2,0,102.21222579424752,33.71845650659034,0,1131.5502446084229,68.64000000000001,-0.5479888526771579,47,6,0.050821433467708226,0,Bajo,57.50700547173593
REGU_0340,31.18052934380237,3.345113647907581,1175.9394052843168,4.873456534452256,8,Tienda,Laptops,Regular,4.873456534452256,4.6,0,97.99495044035972,12.02200127830642,0,217.93313942668945,-1266.56,-1.992180325437581,55,3,0.09790496429902894,0,Bajo,21.336736235145327
REGU_0341,40.42516746140825,3.0145769022664406,1305.0949620070876,10.88832264323638,9,Online,Smartphones,Regular,10.88832264323638,8.5,0,108.75791350059065,58.06933943511788,1,1004.1336047774512,-990.7700000000001,-0.9691946998299436,48,4,0.2291023182967946,0,Bajo,230.04933673423136
REGU_0342,42.57113017211511,6.150212578090279,592.1034350711537,16.874881232315158,12,Online,Gaming,Regular,16.874881232315158,9.3,1,49.34195292259614,35.457893794719084,0,770.9169468924335,23.900000000000063,-0.050900995271545214,47,6,0.06485625000486973,0,Bajo,49.998782240646555
REGU_0343,23.0012564930228,8.290403923415106,529.7762293133774,12.50080201299168,10,Online,Accesorios,Regular,12.50080201299168,6.7,0,44.148019109448114,6.241419008894308,0,370.7715924924607,-415.1600000000001,-1.1073551920527724,46,9,0.13097182145538463,0,Bajo,48.56063081265119
REGU_0344,33.464588599136135,5.763004649968801,1082.851195300217,21.358530946348523,6,Online,Gaming,Regular,21.358530946348523,9.2,1,90.2375996083514,36.89745166895387,0,1779.2787886681058,-752.8,-1.1863540216596073,44,6,0.056434948403922346,0,Bajo,100.413506634678
REGU_0345,20.527731543102576,3.6710438991533354,237.4924726707044,17.72291200396814,9,Tienda,Smartphones,Regular,17.72291200396814,5.9,0,19.791039389225364,18.51504029583429,0,207.79984998811943,-209.32999999999998,-2.0932999999999997,43,4,0.13600457494097867,0,Bajo,28.261730270433315
REGU_0346,41.35020295540311,5.599371612118398,1107.5386466170626,22.50742907786998,10,Tienda,Accesorios,Regular,22.50742907786998,5.8,0,92.29488721808856,54.11955596890592,0,1199.6944258362746,1022.14,0.7809318720511421,54,5,0.033420235529217655,0,Bajo,40.09407027453784
REGU_0347,49.04793955181192,2.5171629317158506,1096.1310129593587,13.659304303791185,7,Online,Smartphones,Regular,13.659304303791185,7.4,0,91.34425107994656,59.19631547054961,0,926.7224227720844,819.3499999999999,0.9288147226422073,68,2,0.03871481913041124,0,Bajo,35.87789098171775
REGU_0348,40.45386617099975,3.845316199676232,556.1741802657116,12.96476728389227,9,Tienda,Laptops,Regular,12.96476728389227,9.3,0,46.34784835547597,38.631345452164666,0,557.0995617125661,-576.54,-1.2428837599265055,75,4,0.08921450425120865,0,Bajo,49.701361216752204
REGU_0349,38.66000654251674,5.244929079620198,960.0297706091446,4.540679527245663,1,Online,Smartphones,Regular,4.540679527245663,9.4,0,80.00248088409539,21.42314516554764,1,342.0760653404461,-1396.59,-0.9005236484425506,60,5,0.5692248594679451,1,Medio,194.71820022076304
REGU_0350,36.12163498749369,5.62764189572997,908.5827265675872,15.15550329056646,5,Tienda,Accesorios,Regular,15.15550329056646,4.6,0,75.7152272139656,32.85323546900785,0,523.796661214964,-293.30000000000007,-0.25429532793591986,45,7,0.04426554235289428,0,Bajo,23.18614329131561
REGU_0351,19.92121596865477,6.93380457711031,870.4603745955178,18.00366507572796,7,Online,Accesorios,Regular,18.00366507572796,6.4,1,72.53836454962648,11.180714546427192,0,840.0533196193343,-2826.44,-3.841282497158193,43,8,0.03860092379075941,0,Bajo,32.42683417080038
REGU_0352,35.653127302521604,4.728588430533324,869.6217978958774,24.37138045302993,8,Tienda,Accesorios,Regular,24.37138045302993,6.0,0,72.46848315798978,29.24418180102714,0,1058.097242678646,-614.7900000000001,-0.9739974626820675,59,5,0.057028444400427356,0,Bajo,60.34163977434465
REGU_0353,39.93878862997138,3.587895246496963,1230.2417559035944,19.027873514030865,10,App,Laptops,Regular,19.027873514030865,7.7,2,102.52014632529954,56.52117832418044,0,1506.0129447733727,-856.5500000000001,-0.6271624471959322,64,5,0.04327848616467535,0,Bajo,65.17796039419639
REGU_0354,46.29081199896376,6.15789383653801,881.114813473644,14.760782153251233,5,Online,Accesorios,Regular,14.760782153251233,9.5,0,73.426234456137,62.66644047999793,1,1030.243256995734,-274.87,-0.7488116519583564,53,6,0.05441148919019857,0,Bajo,56.05706984129836
REGU_0355,30.14245544695648,6.699207045762211,1349.3493233054055,18.223449016421167,8,Tienda,Accesorios,Regular,18.223449016421167,7.5,0,112.44577694211716,25.732377214816783,1,1542.3181605454072,-989.0,-1.664632501154864,66,7,0.0642449326662355,0,Bajo,99.08612637415187
REGU_0356,27.6346482905483,8.272115967906648,514.4118476203975,17.269715798785093,7,App,Gaming,Regular,17.269715798785093,7.6,1,42.86765396836645,15.277030526329764,0,562.2763205734348,-2241.95,-5.446527341929512,60,8,0.08301254734490389,0,Bajo,46.67598968252061
REGU_0357,38.8970988744025,5.870851530553422,1252.3076618059845,14.87856752164987,7,Online,Gaming,Regular,14.87856752164987,9.7,0,104.35897181716535,33.49076303760523,0,1510.6754775121829,680.3899999999999,0.5224195177006455,54,5,0.03563019559137333,0,Bajo,53.825662738850376
REGU_0358,29.484755733940236,5.283260911739128,673.7275594104625,9.981536184403682,10,Online,Gaming,Regular,9.981536184403682,9.9,1,56.143963284205206,37.524037315261786,0,557.2780837785101,-1999.02,-2.7486104768772743,48,6,0.03757854254433287,0,Bajo,20.941698180295038
REGU_0359,30.47136179045348,7.017281046771042,766.7684904728662,11.298838737256458,10,Online,Laptops,Regular,11.298838737256458,9.2,0,63.897374206072186,43.76223151315722,0,664.8728445889375,156.5,0.16918490321408394,55,7,0.04740778753135469,0,Bajo,31.520150551639755
REGU_0360,4.018908769096715,3.751218690644005,982.8837782465408,20.62459997096816,9,Online,Gaming,Regular,20.62459997096816,8.4,0,81.90698152054506,1.0,0,1411.76107807651,393.5,0.8924926287139942,44,4,0.037812078259405135,0,Bajo,53.381620367811166
REGU_0361,32.57193311755895,4.725132135186077,589.5224109720477,19.72964792635189,6,Online,Accesorios,Regular,19.72964792635189,7.2,1,49.12686758100398,40.79764302047184,0,701.4679200436616,-1624.73,-7.19639580875933,52,5,0.11487995889238274,0,Bajo,80.58460581894107
REGU_0362,18.99102439010152,5.6799730809710365,891.6163641041625,20.64748670821541,15,Online,Smartphones,Regular,20.64748670821541,5.6,1,74.30136367534688,14.71688358888239,0,863.3022955029469,-1592.25,-1.1565003824540951,49,8,0.0448017639954621,0,Bajo,38.67746569986371
REGU_0363,35.412000662826024,4.456251495676897,1186.8779771438917,18.3734748890431,9,App,Accesorios,Regular,18.3734748890431,9.8,1,98.90649809532432,33.08338459874102,0,1777.3737814435217,-1105.66,-0.31359028006059003,54,5,0.032496581951281446,0,Bajo,57.7585727467384
REGU_0364,18.50660129672694,3.769657226041316,422.0204377839512,15.389637260501567,11,Online,Laptops,Regular,15.389637260501567,9.7,0,35.168369815329264,8.832752336202052,1,523.4667025461613,-53.319999999999936,-0.41690801326387894,70,4,0.5046744699112562,1,Medio,264.18028062367716
REGU_0365,47.96864598664384,5.006062936734741,1012.2092696878448,12.148734035859553,8,Online,Laptops,Regular,12.148734035859553,6.3,0,84.35077247398705,52.04727136146009,0,640.6424921611542,-1118.1499999999999,-2.073369528952694,69,7,0.0415172748377038,0,Bajo,26.597730419766144
REGU_0366,43.67917371506888,6.382383630967266,803.3678044540053,14.979353791083104,11,App,Laptops,Regular,14.979353791083104,9.7,0,66.94731703783377,50.670062488557456,0,975.4748169060448,-3185.3199999999997,-4.1319681852737915,44,8,0.01887386679158326,0,Bajo,18.41098175282876
REGU_0367,35.87291994436679,3.262274657220147,904.4007531543608,25.124344702479235,9,Tienda,Laptops,Regular,25.124344702479235,6.9,0,75.36672942953007,32.77144622758454,0,1314.9206230053378,35.98999999999998,-0.19176086430195097,57,4,0.040905339384193426,0,Bajo,53.7872743473084
REGU_0368,22.58457609071306,7.729907850978749,1080.1556912921396,13.723025116469168,7,App,Laptops,Regular,13.723025116469168,6.6,0,90.01297427434497,23.70586280321717,0,814.0234730286043,-2756.39,-3.407984266262013,44,8,0.022234958951032512,0,Bajo,18.099778507967937
REGU_0369,27.439418823819903,3.898757200818479,588.3754491148281,12.67462026899497,8,Online,Gaming,Regular,12.67462026899497,8.4,1,49.03128742623568,32.093582757562324,0,520.9328308974674,-1855.8400000000001,-5.161238974830193,52,3,0.04859044438946364,0,Bajo,25.312357750369255
REGU_0370,26.30900948770784,2.6259391050916814,1266.4651094080125,14.144712458203536,5,Online,Gaming,Regular,14.144712458203536,6.7,0,105.53875911733438,28.854407540179636,0,1007.2641990297998,641.4100000000001,0.4875195719258775,59,2,0.04764998497566072,0,Bajo,47.99612395029089
REGU_0371,25.961554620908352,4.829611757447053,814.1448925558708,21.319279695481946,6,Online,Smartphones,Regular,21.319279695481946,10.0,0,67.84540771298923,21.10791691934609,0,1446.4152230872253,565.25,0.7618189091768245,59,4,0.049479820991102555,0,Bajo,71.56836631716158
REGU_0372,19.38251667964543,3.1430549407627018,884.1629815941683,16.080330167846622,6,Online,Accesorios,Regular,16.080330167846622,7.5,1,73.68024846618069,20.5961733254435,0,885.0327028230953,1267.65,0.7910033478517196,43,5,0.06077408702585329,0,Bajo,53.78705450209694
REGU_0373,43.18493834888272,5.981560939090427,696.8229958345921,19.28565165876359,11,Tienda,Smartphones,Regular,19.28565165876359,10.0,0,58.06858298621601,59.82161897434189,0,1119.890463790168,78.83000000000001,0.5102336876396111,56,5,0.045674026901957904,0,Bajo,51.14990717039825
REGU_0374,17.86170871030911,2.2048958810816512,589.4250445223947,19.267939891380443,8,App,Accesorios,Regular,19.267939891380443,9.3,0,49.11875371019956,1.0,0,875.5002197604275,845.46,0.6378392237562177,47,2,0.05871531280194775,0,Bajo,51.4052692614075
REGU_0375,26.801203486667745,6.112713112216653,1025.0377378090438,14.275870232002074,8,Tienda,Laptops,Regular,14.275870232002074,6.1,1,85.41981148408699,26.727596384637334,0,746.5537473312276,555.6899999999999,0.5685263412565613,46,6,0.03833559732294733,0,Bajo,28.619583837627303
REGU_0376,49.992184493195865,3.831128263384588,857.2052249955796,20.208674539593897,13,Online,Laptops,Regular,20.208674539593897,7.7,0,71.43376874963162,37.3778213063115,0,1105.5904009927865,432.4,0.8096549740851267,55,3,0.05726431732193183,0,Bajo,63.31087955053278
REGU_0377,25.97746969294991,7.304801234477255,881.8348899437708,25.051341899182766,9,Tienda,Smartphones,Regular,25.051341899182766,8.2,0,73.48624082864757,14.464657022704642,0,1514.1531193667745,-3036.09,-5.3173892438502275,49,7,0.027874561460429183,0,Bajo,42.20635418628972
REGU_0378,30.3035632031402,4.952218652292653,953.8144837251896,13.176263643668255,5,Tienda,Laptops,Regular,13.176263643668255,9.8,0,79.48454031043248,50.087063283790656,1,1022.94422354229,-970.7400000000001,-1.0798706433355918,48,4,0.04460333289036152,0,Bajo,45.626721730929155
REGU_0379,31.121988011570185,5.403218534618231,820.340500628856,23.59181997881938,5,Tienda,Accesorios,Regular,23.59181997881938,8.0,0,68.361708385738,32.2974313121539,0,1287.3829872318631,-2551.38,-2.6554123120627917,46,5,0.02514751364579149,0,Bajo,32.374481238773086
REGU_0380,37.285206896129466,3.88004365096939,985.9371502248226,21.727649267759496,5,Tienda,Laptops,Regular,21.727649267759496,7.9,1,82.16142918540189,43.1840843496166,0,1405.271303719561,-1311.35,-2.3453268795630144,54,3,0.033134228514252184,0,Bajo,46.56258050196502
REGU_0381,15.20464484679664,6.104118134067316,1206.76146304444,11.845895030462792,7,Online,Accesorios,Regular,11.845895030462792,7.1,0,100.56345525370334,18.40446771032053,0,841.1749114691636,342.20000000000005,0.1694742696673534,61,8,0.042122403170918525,0,Bajo,35.4323087581658
REGU_0382,20.383562223774685,3.2532885272406853,1225.9099708781162,15.882864068922212,8,Tienda,Laptops,Regular,15.882864068922212,6.1,0,102.159164239843,6.607045615071218,1,993.981838733451,751.79,0.6208623444711308,52,5,0.27482561849529263,0,Bajo,273.1716736030089
REGU_0383,36.54141280695552,4.113043041681582,490.2074027070983,11.082074712581088,8,App,Accesorios,Regular,11.082074712581088,9.1,0,40.85061689225819,29.08735131727234,0,412.30479236075513,-1482.1200000000001,-11.54667747484846,46,5,0.1439703366574621,0,Bajo,59.35965976166292
REGU_0384,17.221746331478517,4.9583597950330045,1153.5126993333306,3.981107481201276,6,Tienda,Laptops,Regular,3.981107481201276,8.7,2,96.12605827777756,15.883225769001536,0,331.93188472799727,-1184.67,-2.4164816030007437,44,4,0.04967946513248951,0,Bajo,16.490198493706067
REGU_0385,33.07910616070034,4.634884546148138,964.127662116389,14.375392023382172,14,App,Smartphones,Regular,14.375392023382172,7.5,0,80.34397184303242,36.28998584095475,0,868.320306778841,-2197.28,-2.2232853798021788,62,5,0.023836181513713382,0,Bajo,20.69744044442374
REGU_0386,20.11357004955516,4.874612194872687,678.0392420521091,11.460634129387635,7,Online,Gaming,Regular,11.460634129387635,7.2,1,56.50327017100909,19.08970471326033,0,465.0540754293608,-2598.48,-5.83981133470198,47,4,0.03238999527541007,0,Bajo,15.063099305967194
REGU_0387,34.31853684936468,3.6643463705860073,808.9275368202452,12.036485885214468,11,Online,Gaming,Regular,12.036485885214468,8.5,0,67.41062806835377,35.08677601683488,0,690.3591225490984,-78.06999999999996,-0.3731657186558958,61,4,0.05585153861228968,0,Bajo,38.55761918939739
REGU_0388,19.142450324016814,4.292073846104179,892.8537979182911,14.99438419847097,4,Tienda,Laptops,Regular,14.99438419847097,8.4,0,74.40448315985759,15.667108766300078,0,939.3038640547773,-637.0299999999999,-0.8043220306598148,43,5,0.04336885070376673,0,Bajo,40.736529045662834
REGU_0389,36.48115018044378,2.8126803292718745,1357.5324912186024,16.85170133664423,10,App,Gaming,Regular,16.85170133664423,5.3,1,113.1277076015502,49.55140799593856,0,1008.7097351257612,314.46000000000004,0.30788976335332313,55,3,0.04077510470051118,0,Bajo,41.13024506217781
REGU_0390,47.16192996149272,3.3037697848471503,336.7489477699081,6.153544195718435,9,Tienda,Laptops,Regular,6.153544195718435,8.7,3,28.06241231415901,52.625518752063,0,149.50997670240102,-1516.15,-2.9510733337136386,47,4,0.1110189918616586,0,Bajo,16.598446886760627
REGU_0391,27.474886102732448,4.9386236972073965,913.3798323179597,20.03205520013277,2,Online,Smartphones,Regular,20.03205520013277,6.8,0,76.11498602649664,35.65899956121908,0,1043.26986631696,505.14,0.6558929251810668,63,5,0.04754273249392015,0,Bajo,49.59990017327506
REGU_0392,22.486586489718057,1.459011699178821,1167.3245904529126,10.350329230486707,8,Online,Gaming,Regular,10.350329230486707,7.0,0,97.27704920440938,31.95094587989025,0,701.1678818358881,752.02,0.9038701923076923,89,1,0.04410283648931704,0,Bajo,30.923492444168943
REGU_0393,29.79161283477185,7.49064028024002,849.9296821992663,5.8223159448704696,6,App,Smartphones,Regular,5.8223159448704696,9.9,0,70.82747351660552,29.863547761633395,0,407.8917270588165,225.26000000000002,0.3149330595764771,50,7,0.059089398283908405,0,Bajo,24.10207671688967
REGU_0394,27.90751194422054,5.591342588778197,905.3382005804864,12.036683496724969,7,App,Gaming,Regular,12.036683496724969,8.2,0,75.44485004837385,18.49659087806731,0,745.7790753859792,-4594.88,-5.028456615981197,44,7,0.029083443507937397,0,Bajo,21.68982360838991
REGU_0395,44.34352837570589,3.316617531810647,963.1706135775204,7.132514379927847,11,Online,Gaming,Regular,7.132514379927847,7.4,0,80.26421779812671,62.79001995653728,0,421.33653553497953,-1400.88,-2.891319386126735,78,3,0.07185538321265116,0,Bajo,30.275298222356767
REGU_0396,29.175686860490256,5.581015903629601,329.66272437843406,14.073280446715588,5,App,Gaming,Regular,14.073280446715588,8.2,0,27.47189369820284,41.63765761738147,0,316.347308247414,-1997.7900000000002,-6.977214335007176,43,5,0.0802678280158067,0,Bajo,25.392511331666814
REGU_0397,31.1389675521175,4.951278446236858,1428.172033589199,8.3757710953363,8,Online,Gaming,Regular,8.3757710953363,6.8,0,119.01433613243324,17.356025885208886,0,673.7736107318896,631.88,0.45780636518415774,43,4,0.04479804803847745,0,Bajo,30.183742580625594
REGU_0398,24.484791809826515,6.271701536193978,1147.7522062123971,8.503246136347924,6,App,Gaming,Regular,8.503246136347924,7.0,1,95.64601718436644,30.344258014479927,0,570.4405589971793,408.07000000000005,0.6063051699561256,51,7,0.06773863351253809,0,Bajo,38.640863966597294
REGU_0399,44.35025092400964,5.989011492603668,1163.0435453304765,15.024552792817769,4,Tienda,Laptops,Regular,15.024552792817769,8.1,0,96.92029544420636,50.65848691107711,0,1172.6054855311334,-2282.54,-1.3397384870578417,46,6,0.03139311938449517,0,Bajo,36.81174399819279
REGU_0400,1.331102968517662,5.572712210593175,1317.127318931873,10.637575453024953,4,Tienda,Laptops,Regular,10.637575453024953,10.0,0,109.76060991098944,15.346015961335976,0,1167.5867696981884,-2666.0699999999997,-4.378931128351288,45,6,0.08433993226226327,0,Bajo,98.47418906666
REGU_0401,47.12455175939916,4.331363810304727,729.5098089332065,7.786426069986438,11,Online,Laptops,Regular,7.786426069986438,5.8,0,60.792484077767206,54.5476524216708,0,274.2979702776274,50.180000000000035,0.09360586220298783,44,4,0.036787998421387844,0,Bajo,10.090873297563247
REGU_0402,24.20140859545165,4.68417725039295,1080.042024736504,20.306876683145923,6,App,Laptops,Regular,20.306876683145923,7.7,1,90.00350206137534,32.34133965512244,0,1411.3614610320858,-1900.1600000000003,-1.2528668475209737,46,8,0.027109369851189506,0,Bajo,38.261119840834
REGU_0403,41.32377669636504,5.0113402705912,1185.7346549743083,15.906269741725252,11,Tienda,Smartphones,Regular,15.906269741725252,5.0,0,98.81122124785902,50.05685774199604,0,787.7695289652439,-844.5999999999999,-0.4349417900763897,44,5,0.04573303108436096,0,Bajo,36.0270883554799
REGU_0404,13.778128065344582,4.368198892763897,1012.6398767325232,13.12028515333872,8,Online,Gaming,Regular,13.12028515333872,9.0,1,84.38665639437693,1.0,0,998.912289256504,-1625.07,-3.765326839275765,52,5,0.0232717051552399,0,Bajo,23.246392271523074
REGU_0405,7.93050402686303,5.646514538195115,993.4868021032028,11.909124789499156,8,Online,Gaming,Regular,11.909124789499156,9.7,0,82.79056684193357,12.179507233895537,0,953.7217828800988,161.50000000000006,-0.3942109110112328,47,6,0.05469943886631348,0,Bajo,52.168046358121465
REGU_0406,18.94237891869223,4.342235579405357,1316.3561052110704,17.662330273339716,9,Online,Laptops,Regular,17.662330273339716,8.8,1,109.69634210092254,10.240522724178454,0,1709.2145956884672,-709.3400000000001,-0.44377398749882796,44,7,0.035071234109330746,0,Bajo,59.94426522847533
REGU_0407,30.38982001151629,3.856799827228853,1596.493793920974,17.0952536737673,8,Tienda,Gaming,Regular,17.0952536737673,9.7,0,133.0411494934145,19.099054992283165,0,2198.760586264547,823.4,0.8138643335852107,66,3,0.0371250730162228,0,Bajo,81.62914731026416
REGU_0408,22.749808151406835,3.717686563613418,1117.475283920404,26.28261225606227,6,Online,Gaming,Regular,26.28261225606227,7.1,0,93.12294032670034,20.02583287511181,0,1731.5808411890753,413.60999999999996,0.7683445101199671,49,3,0.06538246649804084,0,Bajo,113.2150263376941
REGU_0409,41.55287806169921,4.301445748011388,1376.554827006349,6.177555151715479,9,Online,Laptops,Regular,6.177555151715479,9.5,1,114.71290225052904,25.53456196461524,0,674.9959087744577,-196.33000000000015,-0.09216302266292645,50,4,0.055881999089656596,0,Bajo,37.72012075965617
REGU_0410,25.677092853291537,3.299222750023152,1129.3535283077272,13.688886524538702,5,App,Smartphones,Regular,13.688886524538702,8.0,0,94.11279402564394,29.567313900532305,0,1036.613041919477,381.03,0.6729293374380316,48,4,0.06468504111306611,0,Bajo,67.0533572349019
REGU_0411,54.40453909426019,3.844362801293181,1235.840382551457,15.924293270301824,7,Tienda,Laptops,Regular,15.924293270301824,8.6,0,102.98669854595477,53.61861339215475,0,1406.7246445972448,358.97999999999996,0.04238182001409396,58,4,0.03463284361139883,0,Bajo,48.71887462063698
REGU_0412,31.23436847824567,3.470169798480449,663.8587031181257,13.516739024515836,5,Online,Laptops,Regular,13.516739024515836,8.2,0,55.32155859317714,31.01213631822912,0,610.2706100048537,-372.43999999999994,-0.5627573765016758,43,4,0.05311831523782738,0,Bajo,32.41654664261903
REGU_0413,46.63809037807891,5.3541472462560655,607.5035568832742,10.101286219951769,2,App,Smartphones,Regular,10.101286219951769,9.9,1,50.62529640693952,48.46105727006495,0,506.6333066411209,-3761.11,-8.60789616386925,57,7,0.02142443499873142,0,Bajo,10.854332346325059
REGU_0414,23.92190965433606,5.804969867706392,1237.8698985509604,16.653087478014676,12,App,Accesorios,Regular,16.653087478014676,8.1,0,103.15582487924672,25.338647411250744,0,1386.7663679950056,-56.249999999999886,-0.4150225240444577,46,6,0.0656374092738686,0,Bajo,91.02375166332446
REGU_0415,59.44652767662029,5.220615241168961,1077.633844612809,16.00869327398022,8,Online,Laptops,Regular,16.00869327398022,6.7,0,89.80282038440076,58.72271182558162,0,956.9325746401892,764.1,0.6935989265648823,59,8,0.036201759352459985,0,Bajo,34.64264278365408
REGU_0416,33.834764712623986,7.812755130689431,748.5775017494722,14.202791479909989,6,Online,Smartphones,Regular,14.202791479909989,4.6,0,62.38145847912268,20.81568104729264,0,403.4281204407976,-463.84000000000003,-0.6029430522646831,46,12,0.05132490781568434,0,Bajo,20.705911091878736
REGU_0417,24.470593025966227,7.123812723896913,598.2378672502637,6.469684597009493,2,Tienda,Laptops,Regular,6.469684597009493,9.3,0,49.85315560418864,35.134232470769945,0,300.7577411938077,-391.15000000000003,-1.6738445812355074,44,7,0.08154908940274372,0,Bajo,24.52651992518108
REGU_0418,38.15797977043576,3.479137180610627,406.35617180386384,7.912087082110508,5,Online,Accesorios,Regular,7.912087082110508,5.4,1,33.863014316988654,45.92857199597667,0,144.38786497124963,96.82,0.3530330831504601,51,4,0.11805774889494214,0,Bajo,17.0461063062526
REGU_0419,36.41619156929488,1.8506425361295364,519.1742199201826,16.199676388624628,6,Online,Accesorios,Regular,16.199676388624628,6.8,1,43.26451832668189,42.59938568842807,0,473.26416126978,-13.349999999999966,-0.04873507830467625,59,1,0.15482436674652708,0,Bajo,73.27282407241995
REGU_0420,38.82881990181938,1.0,691.347313147721,4.73469375217987,11,Online,Accesorios,Regular,4.73469375217987,6.6,2,57.612276095643416,30.71973819604756,1,181.22651257106585,544.72,0.961095329675177,94,1,0.7770367169328785,1,Alto,140.81965434941603
REGU_0421,39.00989146247786,5.704960310497827,1286.5299379745743,11.03792294083514,7,Online,Smartphones,Regular,11.03792294083514,5.4,0,107.21082816454786,43.98932133347929,0,637.1175648204496,944.63,0.6325893254995445,44,8,0.0378974276969607,0,Bajo,24.145116847246662
REGU_0422,40.1185805542157,4.336162697297999,1114.7534590346938,14.26812795525259,7,Tienda,Gaming,Regular,14.26812795525259,8.1,0,92.89612158622448,27.47497269004637,0,1076.740072699829,337.40000000000003,0.2978559016884078,54,4,0.026262240281746587,0,Bajo,28.277606510228196
REGU_0423,48.886934572772304,4.742756599417641,766.3322265807851,19.779679111653813,11,Online,Gaming,Regular,19.779679111653813,6.5,0,63.86101888173209,55.237380559106185,0,819.3057637248198,-3235.2400000000002,-5.444000567982132,46,4,0.031168879505695878,0,Bajo,25.536842627861045
REGU_0424,32.618211782389125,4.691235504147368,844.1961750329272,16.95528453872624,6,App,Gaming,Regular,16.95528453872624,9.9,1,70.34968125274393,50.80749532231023,0,1182.6530886344922,-336.0300000000002,-0.8257461460765505,53,5,0.03429519489971886,0,Bajo,40.559318173474395
REGU_0425,25.20908557821736,3.269440514554454,1074.158653744974,18.175500057989627,5,App,Gaming,Regular,18.175500057989627,10.0,1,89.51322114541449,30.3608230648839,0,1626.9475561193194,-868.5300000000001,-1.0608068183197632,59,3,0.04573838063785093,0,Bajo,74.41394659960676
REGU_0426,27.507948184926004,3.318962626424378,1460.3290080648053,21.76122070823039,5,Tienda,Accesorios,Regular,21.76122070823039,7.4,0,121.69408400540044,16.680771227641358,0,1951.653576836132,29.30000000000001,0.1756675762491291,49,3,0.0673521818179551,0,Bajo,131.44812655272958
REGU_0427,56.163430493009486,6.29463167900787,642.7492848763884,19.744741114035484,6,App,Accesorios,Regular,19.744741114035484,7.7,0,53.5624404063657,46.600125590901264,0,813.968207105471,-131.35999999999999,-0.5093754201243343,48,6,0.05024897684952692,0,Bajo,40.90106959509375
REGU_0428,26.65999117007536,6.492187779048838,1541.411673694734,16.215748858068075,6,App,Laptops,Regular,16.215748858068075,7.1,0,128.4509728078945,26.19321940242283,0,1471.1122398830796,871.27,0.3052394438233181,63,6,0.03457374298415013,0,Bajo,50.861856482555005
REGU_0429,40.22253833947523,3.8877526251309127,864.0608701224725,15.60730532099773,7,Tienda,Laptops,Regular,15.60730532099773,9.4,0,72.00507251020603,62.17683909653431,0,1052.9161509914195,381.89,0.6551428311970114,92,3,0.0558455587581858,0,Bajo,58.80069077763415
REGU_0430,22.05798392506265,6.38940314618388,1155.4799487616958,12.5570292095025,4,App,Smartphones,Regular,12.5570292095025,7.5,2,96.28999573014131,16.340642609383913,0,907.1450857575098,85.22000000000006,0.18277515840488998,46,7,0.0837642380520471,0,Bajo,75.98631691113673
REGU_0431,35.53462598685382,2.9508288785994727,1214.4901784596982,15.409221672647694,6,Tienda,Accesorios,Regular,15.409221672647694,6.9,0,101.20751487164152,23.002924098310075,0,1080.0863551130426,428.63000000000005,0.464777626866483,43,4,0.06803333231157642,0,Bajo,73.48187392260496
REGU_0432,33.7876258518905,5.461589210163141,1216.7004991506556,6.442722008156155,4,Tienda,Smartphones,Regular,6.442722008156155,7.5,0,101.39170826255464,35.910929725316905,0,493.0767179849708,1173.79,0.8240026233023447,44,5,0.05008865747021284,0,Bajo,24.697550833685938
REGU_0433,44.92267063780051,4.6140337007229855,712.8438724533926,10.289389523235954,9,Online,Gaming,Regular,10.289389523235954,7.7,0,59.40365603778272,34.23893926417123,0,472.8032702435642,-165.35000000000002,-1.1197972783589174,68,5,0.04439342509198594,0,Bajo,20.989356560803653
REGU_0434,20.72149492528102,6.154151616377202,903.5186205787472,20.3508090727714,4,Tienda,Gaming,Regular,20.3508090727714,7.1,0,75.29321838156226,22.917576860585854,0,1093.7286763167017,-1019.3299999999999,-0.8446400446467107,51,7,0.10016848562773947,0,Bajo,109.55714519427605
REGU_0435,26.14693703800541,2.07438169751389,1124.2022477900882,23.23115475904953,4,Online,Smartphones,Regular,23.23115475904953,10.0,1,93.683520649174,30.021344732875875,1,2176.376366573574,137.38000000000005,0.32350586351434096,47,2,0.4037783840206734,0,Medio,878.7737323158625
REGU_0436,25.52725428097098,2.4797689283615587,746.490719245648,13.383656128038648,8,Tienda,Smartphones,Regular,13.383656128038648,7.3,2,62.20755993713734,39.33228123735136,0,610.4563984227991,805.99,0.9382331089278652,46,4,0.05958250142367875,0,Bajo,36.37251922812023
REGU_0437,42.52252476234826,4.926851522235327,702.8677480335249,26.204632781028963,7,Online,Accesorios,Regular,26.204632781028963,8.9,1,58.57231233612708,43.11113322170721,0,1364.5435891229092,-1115.07,-0.7303843644617548,47,4,0.06133361504497019,0,Bajo,83.69239120734649
REGU_0438,28.46971377624785,6.119140722615924,1075.06763045,16.11493269417862,12,Online,Smartphones,Regular,16.11493269417862,6.8,1,89.58896920416667,30.485175808847828,0,987.5560973588928,-3964.32,-3.1150817084695697,47,9,0.021117780020020765,0,Bajo,20.854992421455307
REGU_0439,38.08139908789667,4.657291184285689,1116.7663681820886,7.274717962967824,9,Online,Accesorios,Regular,7.274717962967824,8.7,0,93.06386401517403,27.73516883393306,0,589.9464899060786,31.379999999999995,0.07097021657964368,49,5,0.05184925895686449,0,Bajo,30.588288325833513
REGU_0440,36.42497864047668,3.7308541979906575,798.228766126294,12.93019797240354,4,Online,Laptops,Regular,12.93019797240354,6.0,0,66.51906384385784,42.00423465925037,0,519.8734155928352,-581.8200000000002,-0.961158216887109,44,4,0.058206384593746816,0,Bajo,30.259951968061337
REGU_0441,32.295782179469605,7.499994888841285,780.4163426661266,11.929282343764076,9,Online,Gaming,Regular,11.929282343764076,8.4,1,65.03469522217722,40.13527679877642,0,651.2765000699677,-123.45000000000003,-0.37335606753981404,70,7,0.050778190911167094,0,Bajo,33.07064245650955
REGU_0442,59.7182577348806,3.735581507600071,1044.6317047330062,11.968215115471656,9,App,Smartphones,Regular,11.968215115471656,8.6,1,87.05264206108386,64.45856903808765,0,897.3250661510591,-724.6,-0.1972719680085441,67,4,0.2715798172847924,0,Bajo,243.6953775103689
REGU_0443,23.65869360664376,4.622229342005974,767.2835949540697,14.28757709214102,8,App,Gaming,Regular,14.28757709214102,5.3,0,63.94029957950581,22.27575815313897,0,481.3648559309535,754.57,0.8721124850142186,46,6,0.027933020638663413,0,Bajo,13.445974455446565
REGU_0444,28.98927565218524,5.348141127083664,1348.529365380506,23.431827294743258,10,App,Gaming,Regular,23.431827294743258,9.7,0,112.37744711504216,27.923233637860367,0,2557.430983628062,-638.9799999999999,-1.2223998248219672,56,6,0.03911186272444328,0,Bajo,100.02588955889873
REGU_0445,39.83959525000189,2.261513006503088,874.6184260576632,7.577804659032869,6,Tienda,Accesorios,Regular,7.577804659032869,6.4,0,72.8848688381386,19.851564058614336,0,353.56770869533966,398.38000000000005,0.05537402000870345,45,4,0.09260996375212693,0,Bajo,32.74389268619798
REGU_0446,3.2965368974783864,6.281123934410237,627.4512409149978,22.040726173068585,7,App,Smartphones,Regular,22.040726173068585,6.7,0,52.28760340958315,1.0,0,772.9063155511532,-2773.76,-4.341432632707636,47,7,0.017459140107816178,0,Bajo,13.494279653423565
REGU_0447,39.80769966007804,3.817885619144493,1064.088993283174,13.164626769909084,6,Tienda,Laptops,Regular,13.164626769909084,6.1,1,88.67408277359783,37.756158031256376,0,706.5129742210378,692.5699999999999,0.8664287549238722,49,3,0.04171012878625785,0,Bajo,29.468747143921558
REGU_0448,23.385537318369217,5.283265969975283,557.6148134174857,12.277930074662638,11,Online,Laptops,Regular,12.277930074662638,7.3,1,46.46790111812381,25.7137398961066,0,415.8741042833601,-4589.83,-10.84940082940972,53,5,0.03674537293684937,0,Bajo,15.281449056670253
REGU_0449,33.426663935834206,4.1336986039711805,1124.3095115975782,13.26237528740571,8,Tienda,Laptops,Regular,13.26237528740571,5.6,1,93.6924592997982,30.427490698044032,1,697.799430052583,-492.4600000000001,-1.522635729705011,46,7,0.3772565650706047,0,Medio,263.24941608986313
REGU_0450,20.22968922450132,2.518133898082724,844.5538576679335,9.359560500083564,13,Online,Laptops,Regular,9.359560500083564,6.8,0,70.37948813899446,12.779365019640592,1,448.98772669156045,333.05,0.4131905753119681,48,4,0.23168588986140018,0,Bajo,104.02412099538132
REGU_0451,47.74600937106392,4.514727579823314,953.5718029709972,19.554722019197374,12,Tienda,Smartphones,Regular,19.554722019197374,5.9,0,79.46431691424978,43.9634483811732,0,914.8281962689052,625.1999999999999,0.7787525600155235,65,6,0.03518919469067633,0,Bajo,32.19206750702676
REGU_0452,54.02359271841605,4.670573949378972,568.818462845819,15.676034427859769,6,Online,Accesorios,Regular,15.676034427859769,7.3,0,47.40153857048492,55.23552569165457,0,539.9215398665066,132.0,-0.15015643291396644,52,4,0.056536930371665205,0,Bajo,30.52550650559494
REGU_0453,23.65074024712067,4.983886180023808,743.9666290820694,19.68102868768627,7,App,Gaming,Regular,19.68102868768627,10.0,0,61.99721909017245,8.777721938484312,0,1220.1690474704549,338.55999999999995,0.6889804145362745,46,4,0.053380508054710986,0,Bajo,65.13324366660565
REGU_0454,29.75902252100928,5.00223976304518,1276.050391412912,11.07052177026807,11,Online,Laptops,Regular,11.07052177026807,8.5,0,106.33753261774268,20.57247479263411,0,996.9942115540337,-2697.42,-2.523187616303786,43,6,0.017313062329363284,0,Bajo,17.26102292664939
REGU_0455,42.5746922836614,3.273160013739284,1226.2493004511036,13.112344257200874,6,Online,Laptops,Regular,13.112344257200874,8.4,1,102.18744170425865,65.23225372565375,1,1128.7702573378308,689.27,0.6987829007604159,47,4,0.054490922043503975,0,Bajo,61.50773209762166
REGU_0456,37.77879643317077,5.373026899064489,814.7057329581309,20.87178007257434,7,Tienda,Laptops,Regular,20.87178007257434,7.9,0,67.89214441317758,42.083659946986174,0,1120.7577621180424,-3401.48,-3.3108723719955178,54,7,0.020049822447698547,0,Bajo,22.470994137346715
REGU_0457,33.92956042769998,7.415439470724307,715.1087081865105,5.958523357502427,14,Online,Accesorios,Regular,5.958523357502427,10.0,0,59.59239234887588,33.137107988137465,0,355.08266174022583,116.5,0.37833849377304796,50,8,0.07001933394444726,0,Bajo,24.86265147027208
REGU_0458,58.97723319990599,5.443604063434832,703.5871543018328,10.748653599015968,6,Online,Smartphones,Regular,10.748653599015968,6.2,0,58.63226285848607,61.6031133090012,0,387.8112257730111,-1560.37,-3.5207085937409737,57,5,0.07605557208750087,0,Bajo,29.49520463812132
REGU_0459,44.266759201799495,4.349653950854676,1105.6567599530804,18.261141000583475,6,Online,Smartphones,Regular,18.261141000583475,7.1,1,92.13806332942336,29.326537963557115,0,1199.8386459146404,361.73,0.19777675912875012,54,4,0.028666999304254717,0,Bajo,34.39577362765292
REGU_0460,17.574296774998054,2.322102428237671,484.3620275553399,20.40162770450221,6,Tienda,Smartphones,Regular,20.40162770450221,8.6,1,40.36350229627832,20.742472413693942,0,707.9671855566555,254.44,0.7292901527790651,53,3,0.17901305214244964,0,Bajo,126.7353667031969
REGU_0461,49.12400764148404,3.031299044827175,1084.097304711894,6.644264176023256,8,Online,Laptops,Regular,6.644264176023256,8.1,0,90.3414420593245,44.89978083078168,0,486.2879504007932,267.2600000000001,-0.013626428994568146,52,4,0.06302779202739382,0,Bajo,30.649655803288795
REGU_0462,58.44561881646694,6.036020426138108,677.6850142898346,7.273990071188699,4,Tienda,Laptops,Regular,7.273990071188699,5.4,0,56.47375119081955,64.0460822328606,0,223.06679250779024,-1132.22,-2.354160672545852,57,6,0.04820457935063649,0,Bajo,10.752840899933739
REGU_0463,19.026726815103245,4.380616782484204,768.2037793367828,14.166161845627572,8,Online,Accesorios,Regular,14.166161845627572,7.7,0,64.01698161139856,21.476665547028247,0,698.8896187834716,536.61,0.6873422130382394,43,5,0.031438467933952316,0,Bajo,21.97201886949633
REGU_0464,15.310885624032302,5.646306063702675,947.5368945970968,9.514012284076218,13,Online,Accesorios,Regular,9.514012284076218,4.7,0,78.9614078830914,19.27168415872673,0,355.83289428295603,-2322.7599999999998,-3.3477597692604157,47,5,0.04909673476564567,0,Bajo,17.470233231502327
REGU_0465,36.04527463167165,3.4883235921234736,1057.7720184092757,18.25928884757801,10,Online,Gaming,Regular,18.25928884757801,10.0,0,88.14766820077296,52.20949797594464,0,1609.51373491838,-550.29,-1.4037316219828604,83,3,0.03979647585520015,0,Bajo,64.05297449029233
REGU_0466,50.14694399386535,6.485618838124381,1308.3032437444654,15.34380773868692,4,Online,Smartphones,Regular,15.34380773868692,7.7,0,109.02527031203878,58.13146616067616,0,1291.374339350738,-1355.94,-2.372401895001507,49,6,0.04093295375692015,0,Bajo,52.85976611551707
REGU_0467,40.05496854429176,6.270259918203748,1083.586803363446,6.157922871809639,9,App,Accesorios,Regular,6.157922871809639,8.4,0,90.29890028028716,52.05209166137482,0,467.0374607911533,-2659.29,-1.919694340482559,44,7,0.027858316948098465,0,Bajo,13.01087760935506
REGU_0468,19.824908689844385,8.287604279611806,771.0881089625107,19.787099739127616,11,Tienda,Accesorios,Regular,19.787099739127616,6.5,0,64.25734241354256,28.883590464928265,0,827.3773277961753,-417.9600000000001,-0.44305608759087317,43,12,0.05105483901805384,0,Bajo,42.241616277821294
REGU_0469,67.67741585151718,5.911050628558681,1128.6858847919268,11.122922318467197,10,Online,Laptops,Regular,11.122922318467197,8.2,1,94.0571570659939,84.54877263004866,0,853.5667452410802,-163.62999999999994,-0.36194269765776343,71,5,0.06153570356928551,0,Bajo,52.52483021175495
REGU_0470,40.97001882361668,6.055671755474142,1032.885737402203,19.58521723379753,7,Tienda,Accesorios,Regular,19.58521723379753,9.0,0,86.07381145018358,38.9044826792874,0,1522.1197783353143,966.72,0.7388700232056052,45,7,0.04869895591869132,0,Bajo,74.12564398811968
REGU_0471,28.142592744148978,6.449256958921482,1045.1889614369832,22.728368627933307,6,App,Smartphones,Regular,22.728368627933307,10.0,0,87.09908011974859,29.535345929985123,0,1979.620000115544,-467.81,-0.9208266318568412,61,6,0.045501801606627305,0,Bajo,90.076276501769
REGU_0472,37.1337409990853,5.0461789852644445,1282.9463282607392,17.37775567361841,7,Online,Smartphones,Regular,17.37775567361841,4.9,0,106.91219402172828,46.81750316849775,0,913.4839115942922,1397.79,0.8560492731356713,46,7,0.03369516830634323,0,Bajo,30.77999414630644
REGU_0473,57.91156460751756,3.443442766948287,942.3359736618904,20.815967594806885,2,Tienda,Accesorios,Regular,20.815967594806885,8.4,0,78.52799780515754,53.33140987181708,0,1379.7189369265657,525.2,0.848916431727954,76,4,0.05593051680659825,0,Bajo,77.16839319015315
REGU_0474,59.05358076727691,3.792536511124837,529.2388608595879,20.595001162700523,8,Tienda,Smartphones,Regular,20.595001162700523,5.9,1,44.10323840496566,51.28404380459413,1,531.7032152036784,-159.39999999999998,-0.47786222981939575,44,4,0.5258160709869727,1,Medio,279.57809554953894
REGU_0475,25.451388037752665,7.619735947391932,1206.7877589732875,19.04179774832854,6,App,Laptops,Regular,19.04179774832854,9.0,0,100.56564658110732,35.260660199310806,0,1722.9559961114317,-3932.0299999999997,-3.195652993488181,54,7,0.015454315399698604,0,Bajo,26.627105383707946
REGU_0476,36.05718335420376,4.10956199422811,1152.8500178778777,10.54955873235832,6,App,Accesorios,Regular,10.54955873235832,10.0,1,96.07083482315646,43.31733680913542,0,1013.504914433584,1288.6000000000001,0.7763198535786358,53,6,0.04971727924062636,0,Bajo,50.388706842641625
REGU_0477,44.32618726525787,3.3955045609813,754.5465341602942,15.606596161282788,5,Online,Laptops,Regular,15.606596161282788,10.0,0,62.87887784669118,39.17589166302655,0,981.32525362794,354.48,0.2427232278358272,55,3,0.04282036581740779,0,Bajo,42.020706346208875
REGU_0478,24.915419903959677,4.102221939772195,1169.4253417686944,10.832499215722503,4,Online,Gaming,Regular,10.832499215722503,9.5,0,97.45211181405786,35.28912100382377,0,1001.3713967049332,-1202.2,-0.90961026904546,45,5,0.1311217724992468,0,Bajo,131.3015924659973
REGU_0479,45.59583446554148,5.774835567199752,1064.3787254612591,19.43955443125876,10,Online,Laptops,Regular,19.43955443125876,7.7,0,88.6982271217716,32.38801378039917,0,1330.399670386769,587.4300000000001,0.5665078164727053,48,6,0.041802316761577474,0,Bajo,55.61378844100598
REGU_0480,44.54348913164799,3.3097553900491308,871.437344800031,19.613090802767744,7,Online,Accesorios,Regular,19.613090802767744,3.7,0,72.61977873333592,37.52647359617574,0,527.1726764735457,115.80999999999996,0.1688283760157533,48,5,0.0465424960198389,0,Bajo,24.53593219653782
REGU_0481,32.11561962040753,3.691828171237704,553.6094885335127,18.15508285994247,6,App,Gaming,Regular,18.15508285994247,6.2,0,46.13412404445939,30.47117284641948,0,521.7367887901883,302.49,0.41339679843334953,58,4,0.08536158270130284,0,Bajo,44.536278044625824
REGU_0482,25.89533214816764,5.130857631209236,1192.127170409569,15.505714207229076,5,Tienda,Accesorios,Regular,15.505714207229076,7.7,0,99.34393086746412,23.02362228675414,0,1192.8826803660422,1185.27,0.5012871157926225,44,7,0.04434317349772813,0,Bajo,52.896203657906376
REGU_0483,44.03417997440326,4.500027508237994,848.6747347991643,17.43480319714839,4,Online,Laptops,Regular,17.43480319714839,5.3,0,70.72289456659702,37.392603853164914,0,650.1860434735042,-1412.83,-1.3865743828396555,52,6,0.028210778449432643,0,Bajo,18.342254423344208
REGU_0484,47.26697334531238,5.879046455239168,973.574391889692,5.536775737826851,6,App,Smartphones,Regular,5.536775737826851,7.5,0,81.13119932414101,47.04952698642064,0,335.3181650813885,-86.22000000000003,-0.4569908811633384,45,5,0.0664845003213325,0,Bajo,22.293460654102198
REGU_0485,36.44761713072145,6.566037694163569,1095.9592703847647,12.823759014974158,8,App,Smartphones,Regular,12.823759014974158,8.1,0,91.3299391987304,38.9448177649662,0,946.686035560194,-2570.1800000000003,-2.5846091772028985,50,8,0.018176969640244765,0,Bajo,17.20788332722132
REGU_0486,30.49506514207227,4.614606451522825,1040.8593307691026,26.045651166085563,6,Tienda,Laptops,Regular,26.045651166085563,5.7,0,86.73827756409189,34.3721150174888,0,1282.477768688496,-1274.21,-1.4195191373263505,64,4,0.022061376165457044,0,Bajo,28.293224478872922
REGU_0487,39.40073302622976,7.047929203837049,1095.500838607154,15.992207642654275,9,App,Gaming,Regular,15.992207642654275,5.7,0,91.29173655059616,35.678085807633295,0,829.761837961986,-3652.9700000000003,-4.514919129326926,47,9,0.02455984702313827,0,Bajo,20.37882380598442
REGU_0488,26.55117808380285,7.911036563177621,919.8889070628773,15.220364116466955,6,Online,Smartphones,Regular,15.220364116466955,8.6,2,76.65740892190642,38.05724430640835,0,1008.626689037886,-1417.03,-3.1706667833831155,46,7,0.04712650624760807,0,Bajo,47.53305196244818
REGU_0489,14.46213817562072,5.557072762405159,808.8866415339711,13.013259840409445,11,App,Gaming,Regular,13.013259840409445,8.7,1,67.40722012783093,32.031658223466906,0,759.508469057101,-2397.6,-4.224830857290472,43,5,0.03508128854836575,0,Bajo,26.64453575791968
REGU_0490,32.535146839000134,6.726991611321052,1098.9962004298532,16.56005256303358,9,Tienda,Gaming,Regular,16.56005256303358,8.3,0,91.58301670248775,16.2446636780699,0,1262.1323655396263,98.88000000000002,0.13172226326465009,56,6,0.03735307484435912,0,Bajo,47.14452471348968
REGU_0491,29.83486761439141,8.01270951647255,581.9114846223056,18.66975239182119,6,App,Smartphones,Regular,18.66975239182119,8.5,2,48.492623718525465,36.24499219514946,0,774.0503319313846,-1849.8200000000002,-4.185673403717293,43,10,0.04658652212732696,0,Bajo,36.06031291618623
REGU_0492,20.36213903886988,8.342767379657342,778.2381535979263,18.24199478137233,10,Online,Laptops,Regular,18.24199478137233,7.0,0,64.85317946649386,37.01500034330314,0,824.1715963254982,-3197.64,-3.7306856857075505,43,10,0.017931374520055915,0,Bajo,14.778529562504847
REGU_0493,32.79403303615854,3.9246885939312888,856.8726253665488,9.76792381903144,11,App,Laptops,Regular,9.76792381903144,4.2,0,71.40605211387907,28.438477416250457,0,293.14453477498023,-964.46,-1.3065569555510836,81,3,0.04215882861707749,0,Bajo,12.358630201611303
REGU_0494,31.354557202430403,3.086496678447584,1025.9494538401889,2.74695161210985,12,Online,Laptops,Regular,2.74695161210985,7.0,0,85.49578782001572,47.380495437437446,0,165.49879654396008,-3579.18,-2.2503696171333654,43,5,0.13616192893600207,0,Bajo,22.53463537401256
REGU_0495,14.696465363749102,6.193571671798037,1291.34141116029,13.876205075707968,7,Online,Smartphones,Regular,13.876205075707968,7.5,1,107.61178426335748,11.622752528159449,0,1121.4792307927655,-2432.02,-1.1905410048032772,45,9,0.04288186855137185,0,Bajo,48.091124957948985
REGU_0496,43.81064325996541,6.39402322590133,1132.8091252654249,7.912032370656439,4,Tienda,Laptops,Regular,7.912032370656439,8.8,0,94.4007604387854,40.863773744464574,0,657.0049461515553,-170.60000000000002,-0.4191186591952983,53,7,0.04610647032922986,0,Bajo,30.292179055893946
REGU_0497,28.417220593314497,4.667457444861561,1324.1891964976185,14.61245994426857,7,Online,Smartphones,Regular,14.61245994426857,9.1,0,110.34909970813489,28.883919480600543,0,1464.4846239255153,-67.64999999999992,-0.08917559313086156,57,6,0.028409839296425522,0,Bajo,41.605772817810056
REGU_0498,36.09756880428761,4.39050858375311,1092.805371864894,26.50110486814296,5,App,Gaming,Regular,26.50110486814296,6.8,1,91.06711432207447,42.76334284255015,0,1649.9405847766443,-64.40999999999997,-0.38185972324986306,80,6,0.02681077176696989,0,Bajo,44.236180447507444
REGU_0499,48.48112744514914,6.0154911460625815,998.2154607875476,22.592110153260897,11,Online,Laptops,Regular,22.592110153260897,7.1,0,83.18462173229564,47.17011978038028,0,1341.8042818239048,786.27,0.4157387290859014,54,6,0.04096507417350517,0,Bajo,54.9671119312431
REGU_0500,42.10065921639699,6.742571903044278,645.6995432044357,16.278539661386592,9,Tienda,Gaming,Regular,16.278539661386592,10.0,0,53.80829526703631,36.142523658903805,0,875.920468616051,-1112.91,-1.6253720129538927,58,7,0.045928958596480995,0,Bajo,40.23011493687684
REGU_0501,14.983818275987524,4.012734968585535,1139.984245489957,18.81550012273957,2,Online,Laptops,Regular,18.81550012273957,7.2,0,94.99868712416308,17.393603926544415,0,1282.2229838524124,203.42999999999995,0.08436457457025923,54,5,0.12074465763005078,0,Bajo,154.82157519064168
REGU_0502,45.26042081837084,5.410998893394769,940.8601903021956,24.5186761209984,9,Online,Smartphones,Regular,24.5186761209984,6.6,0,78.4050158585163,39.30105553484267,0,1265.6544359587826,227.15000000000003,0.04653328863767511,54,5,0.04758055691246384,0,Bajo,60.22054292164918
REGU_0503,44.2958796306809,7.229594064992564,671.5636198945314,21.725093281357903,5,App,Smartphones,Regular,21.725093281357903,5.8,1,55.96363499121095,38.82840422130691,0,699.4426240202448,-1633.53,-2.651782683105395,47,8,0.04829027228032883,0,Bajo,33.776274758405286
REGU_0504,33.25592344827893,4.586077609468607,1377.4771703519268,18.337230119916097,3,Online,Smartphones,Regular,18.337230119916097,8.7,0,114.7897641959939,36.22273577961606,0,1823.7045398939729,1384.05,0.8672110047560487,49,5,0.02786149947711805,0,Bajo,50.811143084673745
REGU_0505,25.992478136278933,4.550675883201212,950.545897709259,8.124573834164575,8,Tienda,Smartphones,Regular,8.124573834164575,9.5,1,79.21215814243824,33.34865737677719,0,610.8569601638246,-616.3499999999999,-1.6749203880051557,52,5,0.06037736961517669,0,Bajo,36.8819364658145
REGU_0506,33.295901923835274,5.317343090418433,1098.3133910694523,15.306785706886622,9,Online,Laptops,Regular,15.306785706886622,6.0,0,91.52611592245437,39.19689519219272,0,834.5389577211006,219.93999999999988,-0.7657436556460488,45,7,0.03499598921848706,0,Bajo,29.205516366815065
REGU_0507,29.507785259851065,6.570069070663646,1143.3894265517033,12.5214702671255,6,Tienda,Smartphones,Regular,12.5214702671255,9.1,1,95.28245221264194,23.05379371839431,0,1080.260324816874,-2583.2000000000003,-5.230510216731906,51,6,0.029627793918795855,0,Bajo,32.005730282325814
REGU_0508,30.63694547817885,5.331201491888804,1038.3195313615706,6.758180997528262,7,Tienda,Smartphones,Regular,6.758180997528262,7.0,0,86.52662761346421,41.12123876262626,0,411.528226637001,-801.6900000000002,-0.7895972155509525,44,7,0.06094853508213433,0,Bajo,25.082042558473784
REGU_0509,29.507876084138804,6.60721389538184,672.5624680279315,16.61623593766781,7,Online,Smartphones,Regular,16.61623593766781,7.4,0,56.04687233566096,28.389558845295543,0,692.8302639828341,-487.94,-1.0532059167123287,51,6,0.07107180621302941,0,Bajo,49.24069826031
REGU_0510,26.149779973506654,5.540527213664516,994.0751747601576,9.908142184327408,4,App,Smartphones,Regular,9.908142184327408,9.8,0,82.83959789667979,29.75453342846224,1,802.1911148406086,-171.06,-0.4382842065098574,51,7,0.2374964834749657,0,Bajo,190.51756884950692
REGU_0511,27.910179822902847,6.867561512334885,937.122701561518,16.876798480722368,9,App,Laptops,Regular,16.876798480722368,7.9,1,78.09355846345984,12.695567746822148,0,1045.4164855781012,-1232.11,-1.8761476614206636,48,8,0.05066816742750847,0,Bajo,52.96933752274873
REGU_0512,18.42226803462773,2.801739306464105,797.2721751377,13.0650594114556,6,Online,Gaming,Regular,13.0650594114556,5.9,0,66.43934792814166,29.62623268901276,0,516.3802832438889,-1702.77,-2.840748764267299,43,3,0.052594509291472274,0,Bajo,27.158767605003803
REGU_0513,38.54234441790603,5.592322235003866,748.3725927436044,12.703898010053797,8,Online,Laptops,Regular,12.703898010053797,7.4,0,62.3643827286337,27.145539427405502,0,589.5771624727735,50.35000000000002,0.09993343357553197,51,8,0.05902000557977512,0,Bajo,34.79684741885107
REGU_0514,19.0708363131842,3.261530823901312,878.744622327189,22.94086127398205,7,Online,Accesorios,Regular,22.94086127398205,8.8,0,73.22871852726574,29.56530015108785,0,1480.364979028233,1015.9799999999999,0.7546949911417768,51,5,0.08332753874948164,0,Bajo,123.35517015335066
REGU_0515,38.22095928433475,5.376426531068065,742.954859031623,18.428281962568555,6,Online,Accesorios,Regular,18.428281962568555,6.8,0,61.91290491930192,44.63684636727772,1,777.7467963493199,-724.1299999999999,-1.373082790453724,78,6,0.3273303141850458,0,Medio,254.58010320543573
REGU_0516,32.09059112651482,5.754305014239876,1232.9475164947312,17.230001394652025,9,Online,Laptops,Regular,17.230001394652025,10.0,0,102.74562637456091,22.73084655849704,0,1770.3072857280808,-1167.73,-0.2880196775449839,54,8,0.040793374577239645,0,Bajo,72.21680822352201
REGU_0517,35.703307008461515,3.158257150914512,870.0231804992716,21.954167740883214,8,Tienda,Accesorios,Regular,21.954167740883214,9.8,0,72.50193170827264,39.48688415231134,0,1558.580928879589,-2523.67,-1.5027744252926842,64,5,0.02360047736348402,0,Bajo,36.78325393118064
REGU_0518,26.167472254772363,3.275051329080333,919.2444956748312,16.67534414043225,6,App,Accesorios,Regular,16.67534414043225,8.0,1,76.6037079729026,26.098544546983756,0,1027.953609692589,-3137.35,-1.951793947722449,52,6,0.03755867996305976,0,Bajo,38.608580643315996
REGU_0519,42.52870488900422,4.844120732781742,773.0067632483995,10.892429437573812,7,Tienda,Accesorios,Regular,10.892429437573812,8.3,0,64.41723027069996,55.32464759061757,0,582.8773458088091,-499.66999999999996,-0.7353894984427227,52,6,0.056160272227878914,0,Bajo,32.734550416086236
REGU_0520,46.62569376876041,2.8734958979514493,1297.6721753988609,16.98136717512171,10,Tienda,Accesorios,Regular,16.98136717512171,7.6,1,108.13934794990509,60.58884106134828,0,1388.6169193577034,0.0,0.0,44,2,0.0705838262278858,0,Bajo,98.01389533304624
REGU_0521,34.29264159777255,5.070551546012755,1010.435202133144,10.160672865574565,4,App,Smartphones,Regular,10.160672865574565,9.3,0,84.20293351109532,29.48622743930687,0,793.7633080757613,705.74,0.8639188253794745,43,5,0.043592829019092616,0,Bajo,34.602388170576
REGU_0522,47.88673004220195,4.440897818851671,1307.655551432136,20.2197840400456,7,Online,Laptops,Regular,20.2197840400456,9.2,0,108.971295952678,49.713107656883295,0,2016.1037114877556,1096.09,0.782024842523042,53,5,0.02505720981529624,0,Bajo,50.51793370814617
REGU_0523,55.96144863922342,1.9103276461848664,523.4347950075901,17.209668435442588,10,Online,Smartphones,Regular,17.209668435442588,7.8,0,43.61956625063251,53.18716478933023,1,588.9117206598612,-1431.82,-2.5772820221902664,84,2,0.371555390737473,0,Medio,218.8133244796523
REGU_0524,50.59530229530565,5.131528089593867,1204.3911129242656,16.039631724983337,6,Online,Smartphones,Regular,16.039631724983337,8.1,0,100.36592607702214,48.40564070238212,0,1299.9846281492637,45.35999999999996,-0.10412800560549836,46,5,0.05048914794449815,0,Bajo,65.6351162162016
REGU_0525,54.06976761963749,5.751693914096864,828.3422029526827,14.948971998045335,8,Tienda,Gaming,Regular,14.948971998045335,6.8,0,69.02851691272356,62.74990834723188,0,697.6646066901928,53.98000000000005,0.11824624799569768,44,6,0.04992846595748385,0,Bajo,34.83332356487265
REGU_0526,44.359200302791095,3.3536163333422384,907.4907326176964,13.618840858144225,4,App,Laptops,Regular,13.618840858144225,7.1,0,75.62422771814136,24.831611463365725,0,726.2711890474505,152.39,0.5481841142551386,96,3,0.08711461769209206,0,Bajo,63.26883697464977
REGU_0527,44.27817815372165,3.690644487010253,954.4680266169266,13.878953641029664,10,Online,Gaming,Regular,13.878953641029664,7.1,0,79.53900221807721,44.66642211477936,0,778.9190582255884,200.7,0.1967790614565499,68,6,0.05453810247284873,0,Bajo,42.480767415561964
REGU_0528,10.217781534545717,6.512154604174902,1046.7465745982777,19.39867847528932,5,Online,Accesorios,Regular,19.39867847528932,8.0,0,87.22888121652313,14.906328450150395,0,1352.1162169018885,779.74,0.7027551703107306,60,7,0.034021704944616565,0,Bajo,46.00129898226722
REGU_0529,36.296145469267984,2.7942939594435456,1004.2360818989366,18.273956308340665,10,App,Accesorios,Regular,18.273956308340665,7.8,0,83.68634015824472,24.48196169042043,0,1190.5838840720955,-1111.65,-1.3748698267089656,44,2,0.0827363224099314,0,Bajo,98.50453208865729
REGU_0530,28.6940563649056,5.469214268958108,1098.9139438944687,11.96034111788954,7,Online,Laptops,Regular,11.96034111788954,7.5,0,91.57616199120572,33.72334889093941,0,821.5617078830941,-742.18,-0.6333701559213429,61,5,0.04431527636443194,0,Bajo,36.40773413527401
REGU_0531,45.40824054702653,6.496816723691382,972.9349689968204,11.639336707513367,10,Tienda,Laptops,Regular,11.639336707513367,7.9,1,81.07791408306838,45.82352069974802,0,747.160328256827,72.55000000000004,0.24600559610897124,44,7,0.047798557153131034,0,Bajo,35.713185652736094
REGU_0532,54.450126120974815,5.728154055110733,1331.148257510641,16.83732332027958,5,Online,Smartphones,Regular,16.83732332027958,10.0,0,110.9290214592201,55.009721676776415,0,1860.78384320864,-1396.0,-1.4943572775748797,51,6,0.035232653443478236,0,Bajo,65.56035228099356
REGU_0533,32.53744392528844,4.658143179159689,989.571507349644,12.748882234816843,8,Tienda,Gaming,Regular,12.748882234816843,5.5,0,82.46429227913698,30.160086733952333,0,574.699366755823,291.49,0.546395858224806,49,4,0.02887114633016743,0,Bajo,16.592229513461923
REGU_0534,24.494660856035047,4.259985574888616,1032.123465599146,21.12645152924865,8,Online,Smartphones,Regular,21.12645152924865,8.7,1,86.01028879992883,16.583794966615766,0,1582.9454166480136,370.13,0.5121303356509541,52,5,0.06647178784486156,0,Bajo,105.22121190542275
REGU_0535,30.198564064386428,4.125251424116065,1301.411899376991,16.00369270379195,5,Tienda,Smartphones,Regular,16.00369270379195,9.0,0,108.45099161474924,47.81344893261012,1,1553.9953890855988,-767.47,-0.652398889206824,47,6,0.2429992194700988,0,Bajo,377.619666607933
REGU_0536,18.170319986777457,4.939675795656798,739.3718525064762,19.69103810275644,8,App,Accesorios,Regular,19.69103810275644,9.1,2,61.61432104220635,16.45888064553429,0,1106.439016194409,-572.0899999999999,-0.9185715955086055,54,5,0.07424562867347376,0,Bajo,82.14826034621372
REGU_0537,65.03806149086853,4.27402349059917,1124.8031096679963,6.961793447384016,2,Online,Smartphones,Regular,6.961793447384016,5.8,0,93.73359247233304,56.91178793618572,1,378.403204437371,-731.3699999999999,-1.7947251030770066,103,5,0.7784422724247574,1,Alto,294.56505035503716
REGU_0538,34.628655501753315,5.18080853820456,855.3147064889625,8.392725695094088,9,App,Accesorios,Regular,8.392725695094088,8.3,0,71.27622554074688,38.14066930304588,0,494.09581760141134,-280.61999999999995,-0.5734293983415396,50,5,0.06370328198161646,0,Bajo,31.47552519460004
REGU_0539,20.67949077748022,2.2502443224519086,1204.48926310734,8.519756535880358,8,Online,Smartphones,Regular,8.519756535880358,10.0,0,100.374105258945,16.85049531356092,0,855.1629393130395,-656.61,-0.5987180296974784,78,3,0.1815573697816821,0,Bajo,155.26113399644768
REGU_0540,34.09975544304238,3.1890280014174275,781.7156248973606,30.657549409763725,7,Tienda,Laptops,Regular,30.657549409763725,7.5,0,65.14296874144672,36.33236022291861,0,1501.9834734869771,382.68000000000006,0.46406747847966034,54,4,0.05470119146856935,0,Bajo,82.160285565838
REGU_0541,38.3975698678343,4.846915414056728,330.8019832807282,17.50545004654386,9,App,Accesorios,Regular,17.50545004654386,8.6,2,27.566831940060684,26.03594280111709,1,414.09219523091576,74.43,0.5749709725598373,54,4,0.2515609354736372,0,Bajo,104.16942000462119
REGU_0542,45.54982871701686,5.173423665279809,580.9195863056343,19.66181666236524,7,Tienda,Laptops,Regular,19.66181666236524,8.2,0,48.40996552546952,31.79587669756984,0,783.7879160728407,-2580.57,-4.361854432430261,53,7,0.022918178699510777,0,Bajo,17.962991523074518
REGU_0543,42.72020215483701,6.711454241384647,631.7923948865134,15.337655319902453,6,App,Accesorios,Regular,15.337655319902453,9.7,1,52.64936624054278,50.8934080462997,0,786.0767430737898,-1595.3300000000002,-2.6776088825334026,49,7,0.0439999894987394,0,Bajo,34.58736844045002
REGU_0544,31.859540282477976,5.740781913400929,982.1096762403084,15.882018910360609,9,Tienda,Laptops,Regular,15.882018910360609,9.4,0,81.84247302002571,37.125389277484985,0,1219.5087472728978,-1383.98,-1.1970270374182264,45,7,0.035603292505037513,0,Bajo,43.41852664160885
REGU_0545,48.111530782077295,5.028551264324116,859.8769153323323,7.983644851297763,12,Tienda,Laptops,Regular,7.983644851297763,7.2,1,71.65640961102768,42.5426183250217,0,410.10109405436754,-1261.7,-1.9780481532546932,50,5,0.06422273284572295,0,Bajo,26.33781300319235
REGU_0546,35.614293439758775,3.8935363498138775,1023.169779705459,17.859824673607203,8,Online,Gaming,Regular,17.859824673607203,8.6,0,85.26414830878825,38.59115217136757,0,1311.1671306319276,194.44,0.943700252378179,53,3,0.029218616514303814,0,Bajo,38.31048957609439
REGU_0547,16.931026393230002,6.259916809613041,1371.425438508743,11.768788379267027,5,App,Laptops,Regular,11.768788379267027,7.1,0,114.28545320906191,1.0,0,953.8855625052388,977.8100000000001,0.5131125428852438,48,10,0.028905782545317324,0,Bajo,27.572808642894127
REGU_0548,24.052847114904,5.555087132551969,1319.293933342075,24.74239705048672,9,Online,Smartphones,Regular,24.74239705048672,10.0,0,109.94116111183958,15.221088822440633,0,2720.207860420665,619.5099999999999,0.315821843568153,44,6,0.04749922148515343,0,Bajo,129.2077556477765
REGU_0549,25.283440312979288,5.875058346907123,723.1347212750502,15.128138362010128,6,App,Accesorios,Regular,15.128138362010128,8.7,1,60.26122677292085,48.8644104523073,0,790.9858945584542,-1933.43,-7.234621282077176,47,5,0.03777561843738499,0,Bajo,29.879981342193805
REGU_0550,34.87750044067354,5.422610822699433,1433.8151407600164,21.01721269625645,12,Online,Laptops,Regular,21.01721269625645,8.7,0,119.48459506333472,31.42846467617526,0,2176.9389762335445,-1107.5300000000002,-1.5415228733435715,58,5,0.038133425785656545,0,Bajo,83.01414089010501
REGU_0551,36.64809589478126,6.784463968227854,1036.4050861628614,14.689556508928565,6,Online,Laptops,Regular,14.689556508928565,8.4,0,86.36709051357178,56.78917901334617,0,1064.628418760337,-1020.54,-1.2134230521175147,53,7,0.04236056921947957,0,Bajo,45.09826582592233
REGU_0552,39.00922877269086,3.9197223796862577,906.7009445882326,6.500073489803803,10,Online,Gaming,Regular,6.500073489803803,6.8,2,75.55841204901938,33.65886682482661,0,334.9728996439007,-778.52,-1.7703320683528652,46,6,0.08908328984038691,0,Bajo,29.84048790765244
REGU_0553,22.12338849552241,5.72131259816895,1036.233460630653,15.21685978341675,8,App,Smartphones,Regular,15.21685978341675,8.0,1,86.35278838588776,31.58069865278893,0,1051.9681202491026,-1232.07,-0.9055688016870396,63,6,0.04596765234235519,0,Bajo,48.35650482685165
REGU_0554,20.756163048945727,4.562180591274471,1069.102339585508,11.027143108135752,7,App,Laptops,Regular,11.027143108135752,8.1,1,89.09186163212566,24.84762736532664,0,799.542472145905,922.1899999999999,0.7799016455984258,62,4,0.028688212556126736,0,Bajo,22.93744438857276
REGU_0555,42.52822866253239,5.092393783059016,1237.7743363622055,17.276959720512593,8,Online,Smartphones,Regular,17.276959720512593,7.4,0,103.14786136351712,52.30692690504991,0,1316.7192633191005,-2419.45,-1.6737738428215672,43,6,0.03536579243363071,0,Bajo,46.56682015990644
REGU_0556,41.486030246853176,7.169461407191308,715.9696005155439,10.724590172669547,8,Online,Gaming,Regular,10.724590172669547,4.4,0,59.664133376295325,51.07178472895434,0,282.57865578507364,-1236.8400000000001,-4.597996984920507,58,8,0.04804207923617538,0,Bajo,13.575666171678435
REGU_0557,42.40914357112789,3.989878640660192,1171.9509838947122,21.99241996534661,7,Tienda,Smartphones,Regular,21.99241996534661,9.3,1,97.66258199122602,53.49488345082744,0,1991.1139932226592,-290.55,-0.2518948236231402,68,3,0.04824898571259461,0,Bajo,96.06923061114729
REGU_0558,18.84179974369448,5.445110697132188,1277.3640564490283,20.483194714804178,11,Tienda,Laptops,Regular,20.483194714804178,7.5,1,106.4470047040857,28.55057443596309,0,1640.3774448033869,-2805.12,-2.3446912819173997,47,5,0.019035553081377478,0,Bajo,31.225491924049226
REGU_0559,56.213088295522525,3.48210903595494,750.8798453754094,7.634621784676931,8,Online,Accesorios,Regular,7.634621784676931,6.8,0,62.57332044795079,55.49138295758989,0,325.9096325598605,-295.83000000000004,-0.665970431290702,73,5,0.05550104349641174,0,Bajo,18.088324692604385
REGU_0560,61.854191110023,1.6931892407482874,1149.6464256608606,8.401000196099105,8,Tienda,Laptops,Regular,8.401000196099105,7.7,0,95.80386880507172,69.47279520842983,1,623.2705773962135,719.52,0.577454077799486,46,2,0.1607819461931237,0,Bajo,100.21065643867514
REGU_0561,5.106063102182478,6.8250852387469205,1222.4073807272905,13.203573478467916,7,Online,Laptops,Regular,13.203573478467916,9.1,0,101.8672817272742,19.41271278404729,0,1220.0133094313571,-1082.58,-0.9400458723007167,43,6,0.03711390748563619,0,Bajo,45.27946109748023
REGU_0562,32.51443995797351,5.813573170249733,918.1298031202203,11.479641391264604,7,Online,Accesorios,Regular,11.479641391264604,6.5,0,76.51081692668504,29.548923985027542,0,568.161219461988,-395.16999999999996,-1.486562944015055,45,5,0.04946027466015741,0,Bajo,28.101409965839903
REGU_0563,9.063666888495696,5.17084635799772,1679.258192802164,17.394234339162878,10,Online,Laptops,Regular,17.394234339162878,6.8,0,139.93818273351368,8.899126721111386,0,1646.5632937625996,-641.2400000000001,-0.281289827487042,43,6,0.02777959682811399,0,Bajo,45.740864452696435
REGU_0564,27.692581938126505,4.118938827952663,689.1653246140996,18.921056517211785,3,Online,Gaming,Regular,18.921056517211785,6.7,0,57.430443717841634,15.369053261895765,0,723.5279396674684,-1520.55,-2.9387857688959174,68,4,0.0656704888274296,0,Bajo,47.514433478265644
REGU_0565,27.925913932344628,5.489238295873645,1260.6093216314227,13.716524859378058,8,Online,Smartphones,Regular,13.716524859378058,9.1,0,105.05077680261856,23.64520110399044,0,1307.633467313082,-2490.09,-2.964089111883906,54,6,0.01783256741065475,0,Bajo,23.31846195428874
REGU_0566,15.0338935779338,3.4269700825466054,1448.408871311146,10.21141751055296,9,App,Accesorios,Regular,10.21141751055296,7.5,0,120.70073927592884,18.417771133193924,0,926.5201377507316,-205.9500000000001,-0.5350619360364247,46,4,0.07876395720785422,0,Bajo,72.97639248201382
REGU_0567,42.04872063701065,3.8803454611590777,1245.2501327509865,8.87408250714163,8,Online,Gaming,Regular,8.87408250714163,6.1,0,103.77084439591552,30.56992937249671,0,562.9831546882516,382.06,0.5126845496347411,87,3,0.04263952522134249,0,Bajo,24.005334423520665
REGU_0568,48.42532178303956,4.609954738268344,989.291171235066,18.355681157303916,9,Tienda,Smartphones,Regular,18.355681157303916,7.5,1,82.44093093625551,63.234064075025685,0,1132.6400422255708,557.49,0.7861348806604849,43,5,0.03772871146686457,0,Bajo,42.73304934894587
REGU_0569,37.30597083239918,2.64549031245729,981.760673003725,10.027203768342645,1,Online,Smartphones,Regular,10.027203768342645,9.7,0,81.81338941697707,20.917526156389496,0,794.9397429957902,864.48,0.6379289485292398,46,3,0.11415806745350196,0,Bajo,90.74878480238293
REGU_0570,48.01260357512968,4.420075979505817,1118.3375473522676,6.026956290787284,8,Online,Gaming,Regular,6.026956290787284,8.7,1,93.19479561268896,46.32293897982699,0,486.980320441422,-2821.7200000000003,-7.495291856857863,54,5,0.01701729200368896,0,Bajo,8.287086313001698
REGU_0571,18.87799124210576,4.740167852972352,950.3859921030632,26.39922741487257,8,Tienda,Accesorios,Regular,26.39922741487257,7.4,0,79.19883267525526,4.909662534179526,1,1550.428335235941,-1329.52,-0.9074903029033767,55,6,0.20736693001183626,0,Bajo,321.5075640812392
REGU_0572,16.552173802435743,5.647297251725671,1204.9672321254327,17.326338033860726,9,Online,Smartphones,Regular,17.326338033860726,7.3,0,100.41393601045272,16.301776672660928,0,1265.642961521845,1589.34,0.7302741209991456,46,7,0.05066116383474074,0,Bajo,64.11894542994466
REGU_0573,34.00305870843339,4.703608146916461,1118.0982424702188,24.216580230629795,9,Tienda,Gaming,Regular,24.216580230629795,9.2,0,93.1748535391849,33.120846793971936,0,2075.588297269197,-1218.77,-2.1054545609282473,44,4,0.04304420973492201,0,Bajo,89.34205799100498
REGU_0574,43.48611544896636,4.018687295700937,595.1002591360057,17.400195756050337,7,Tienda,Accesorios,Regular,17.400195756050337,9.8,0,49.59168826133381,47.45525266456884,0,843.327887725255,124.5,0.07728424762951865,88,4,0.06056468940402895,0,Bajo,51.07589158583586
REGU_0575,29.73887159341672,5.917402342324525,959.390837845278,14.239905471836511,9,Online,Accesorios,Regular,14.239905471836511,8.0,0,79.94923648710649,13.189990643991546,0,912.746117551158,-1328.16,-3.101217747477824,55,6,0.04493288042707151,0,Bajo,41.01231216019994
REGU_0576,47.1016434780754,6.950369724838558,754.3888215803921,21.822030867739336,12,Tienda,Laptops,Regular,21.822030867739336,8.7,0,62.86573513169935,43.43538591651929,0,1193.098788424151,-3521.25,-6.636686700836787,43,7,0.01930295254357492,0,Bajo,23.03032929274812
REGU_0577,44.91374739248619,5.482478989387379,1049.678200447586,13.14988767081378,3,App,Laptops,Regular,13.14988767081378,5.7,0,87.47318337063217,33.92229907365018,0,653.9043134140164,183.99000000000004,0.506755087031863,43,5,0.030807662829747215,0,Bajo,20.145263610576368
REGU_0578,36.04173999392484,7.666004081919304,896.0686687762203,24.41878810344068,7,Online,Laptops,Regular,24.41878810344068,6.5,0,74.67238906468502,37.10992681980836,0,1192.6397985579215,-4552.07,-7.633469931427589,46,7,0.021929048980027496,0,Bajo,26.153456558106786
REGU_0579,26.323811620567184,4.525889961737396,909.338927555714,16.69291545443181,13,Tienda,Laptops,Regular,16.69291545443181,9.2,0,75.77824396297618,28.08199407016733,0,1167.733352853983,-2109.43,-1.9463216874354856,52,5,0.020878692914571246,0,Bajo,24.38074608034098
REGU_0580,41.731360377200986,6.708926945334287,1548.5391856252445,14.383882935356342,6,Online,Accesorios,Regular,14.383882935356342,8.9,0,129.04493213543702,41.59455354909253,0,1644.0195422848628,-514.8599999999999,-0.3873829239742182,48,7,0.05154188646224914,0,Bajo,84.7358685901652
REGU_0581,44.13787686727233,6.830644864383298,1179.0672997324675,27.430101231388363,7,Online,Smartphones,Regular,27.430101231388363,4.5,0,98.25560831103896,34.12740396083816,0,1206.9953714880714,146.28000000000003,0.15058315993008983,62,7,0.04029948484345763,0,Bajo,48.64129167940704
REGU_0582,37.33493670520318,6.519776347290945,1088.7323573539545,12.08871310127478,5,Online,Accesorios,Regular,12.08871310127478,7.2,0,90.72769644616288,23.587460012038616,0,793.9201793354013,-814.5700000000002,-3.590627755248087,45,6,0.07355271336345075,0,Bajo,58.39498338411618
REGU_0583,30.64573247151672,2.708807965821944,895.1469197569824,16.174640625440578,8,Tienda,Gaming,Regular,16.174640625440578,8.5,0,74.5955766464152,24.9913131210467,0,1028.9459232980078,-1344.3500000000001,-5.275063762997843,89,2,0.04922525931810525,0,Bajo,50.65012989865167
REGU_0584,36.01248203319275,4.597174386012913,1436.5608793498775,18.166928168817982,7,Tienda,Accesorios,Regular,18.166928168817982,8.2,1,119.7134066124898,34.55602201246288,0,1778.0234435008383,762.61,0.7216589169443858,46,5,0.02790086559743081,0,Bajo,49.608393126198
REGU_0585,44.356354186153936,4.909768250892308,731.8037616180893,10.399238842711572,9,App,Gaming,Regular,10.399238842711572,8.9,0,60.98364680150744,41.37544730208931,0,564.1926284097798,-2902.03,-3.7357765860071317,43,5,0.02490001949409346,0,Bajo,14.048407445827344
REGU_0586,31.398839646974984,6.498627589974345,593.9729572478585,11.440319150326316,4,App,Gaming,Regular,11.440319150326316,6.9,0,49.497746437321545,29.106746826489086,1,390.7852849026246,-1084.23,-1.8349736625786672,44,8,0.36793619690394797,0,Medio,143.78405153309748
REGU_0587,51.53569200710497,8.223059440905576,1080.3039477971813,4.578341893285998,7,Online,Smartphones,Regular,4.578341893285998,8.2,2,90.02532898309845,50.490528831791856,1,337.92630850697367,-1989.06,-3.0700072726444967,51,9,0.05193192683709458,0,Bajo,17.54916432971361
REGU_0588,24.53427143720169,6.692905088183264,1290.041769448499,14.651431313610995,11,App,Laptops,Regular,14.651431313610995,8.0,0,107.50348078737493,13.970829577822558,0,1259.5262230538106,-1864.6399999999999,-1.6105912283721238,49,6,0.029674077629981525,0,Bajo,37.3752789198962
REGU_0589,24.105574298271087,5.6770520471682,873.4886337338957,13.102199625354206,5,Online,Gaming,Regular,13.102199625354206,7.3,0,72.79071947782464,18.86562778074045,0,693.3794082698075,-39.26999999999998,0.06939457078055752,46,6,0.059370969085060774,0,Bajo,41.16660741260448
REGU_0590,38.76746824124748,3.986612859339946,542.1372332463459,21.147602213762728,5,Tienda,Smartphones,Regular,21.147602213762728,9.7,0,45.17810277052882,15.737404212188864,0,923.17765658162,221.76999999999998,0.4612454213463834,61,5,0.25942930323044827,0,Bajo,239.49933620488773
REGU_0591,53.09972898497061,3.4995942158348177,846.8949825375232,7.725539173553447,7,Online,Laptops,Regular,7.725539173553447,7.5,1,70.57458187812693,49.338831858612096,0,411.627062540268,-1686.77,-2.971196000929053,88,3,0.029129249928228112,0,Bajo,11.990387581957851
REGU_0592,38.28391862176807,6.635778130473224,1022.5526857738588,16.873423919663452,6,App,Accesorios,Regular,16.873423919663452,8.6,0,85.21272381448824,31.75822883013217,0,1232.1499430424722,-1390.3400000000001,-2.65276750539095,49,7,0.04074524670682688,0,Bajo,50.204253409068215
REGU_0593,46.20969730680434,5.650178662549221,870.0419339679802,23.00453995944458,13,Online,Smartphones,Regular,23.00453995944458,7.2,1,72.50349449733169,38.84054296367363,1,1198.3706560684714,-106.41000000000003,-0.11144623647971938,51,6,0.2003975406897572,0,Bajo,240.15053231089254
REGU_0594,48.752833071804616,8.360923496682629,1376.343254507527,17.17404414812502,5,Online,Laptops,Regular,17.17404414812502,8.2,0,114.6952712089606,37.166235505185725,0,1612.4694330000218,-952.5699999999999,-1.3023116358899547,43,8,0.04676619461260782,0,Bajo,75.40905931056041
REGU_0595,33.1476311267134,6.550442503231275,1091.6256137638047,13.461552817465492,3,Online,Gaming,Regular,13.461552817465492,10.0,0,90.96880114698372,43.49035716068615,0,1224.581321381637,-167.93999999999994,-0.21825685668319775,54,10,0.03913882085328592,0,Bajo,47.928668957836045
REGU_0596,23.517485871412283,5.44630795283036,811.8641179141619,15.7609989065804,7,Online,Gaming,Regular,15.7609989065804,8.5,0,67.65534315951349,21.06581302713392,0,907.2941021884952,-1046.7,-0.6049663197107795,44,6,0.05526852597971878,0,Bajo,50.144807658050475
REGU_0597,46.1663998318951,4.008738204871129,806.2033875891209,14.94049588452886,6,Online,Gaming,Regular,14.94049588452886,8.4,0,67.18361563242674,44.4531404008465,0,845.2017851722169,-50.13999999999993,-0.4153649815667602,72,6,0.053800369849652925,0,Bajo,45.472168639852164
REGU_0598,57.60000931602806,2.5744833728777783,747.4921203426104,19.45748061858034,4,App,Laptops,Regular,19.45748061858034,9.3,1,62.29101002855087,47.09117232894639,0,1132.2928116938097,-430.12,-0.4057146922497874,72,4,0.05730795194207269,0,Bajo,64.8893820369032
REGU_0599,32.752299660703514,4.658190306506655,1020.4887995463748,7.851346718819961,6,App,Laptops,Regular,7.851346718819961,10.0,0,85.04073329553124,18.40732318047357,0,667.6842823259126,-993.73,-1.4354954212683133,62,7,0.04374897195980533,0,Bajo,29.210500945479094
REGU_0600,18.176474393117285,4.37600370662361,1158.6002574944746,22.0148847239732,5,Online,Accesorios,Regular,22.0148847239732,7.6,1,96.55002145787287,6.034686512146891,0,1615.0355934319143,-1382.58,-1.5058115491792865,52,5,0.04392689474293486,0,Bajo,70.94349851877703
REGU_0601,30.704397334959225,5.523400741026671,852.7975536351566,18.16823482035694,7,Online,Laptops,Regular,18.16823482035694,6.2,0,71.06646280292972,29.021844367928445,0,802.0183482855297,-1026.04,-2.291178510228918,51,6,0.06014117209681077,0,Bajo,48.23432350903996
REGU_0602,56.47252332458984,6.175946860874364,760.3980521599832,20.49634825236036,4,App,Smartphones,Regular,20.49634825236036,8.4,0,63.36650434666527,78.5548656603591,0,1087.311468289195,-1727.52,-3.076127820630872,51,6,0.03627430959673868,0,Bajo,39.44147282880677
REGU_0603,26.77776945907391,4.957613370052641,732.1885470463724,14.895802236143812,14,Online,Laptops,Regular,14.895802236143812,8.0,0,61.015712253864365,33.6672962889935,0,725.5968628847301,625.31,0.6613768809251499,58,4,0.04299964615390617,0,Bajo,31.200408354427765
REGU_0604,30.21569719965288,7.218374831071374,1081.3199671226955,17.944319172253685,8,Online,Laptops,Regular,17.944319172253685,10.0,0,90.10999726022465,39.67490994325384,0,1616.9625514483762,-340.5899999999999,-0.5957861248371737,52,8,0.03689344916207576,0,Bajo,59.655325688840975
REGU_0605,34.642354617782715,5.786877024571422,865.9833258735649,16.344024672196156,5,Online,Laptops,Regular,16.344024672196156,7.0,0,72.16527715613041,47.26841998782936,0,824.7065770470779,-1190.7,-1.001674017185896,52,6,0.041072909623754095,0,Bajo,33.87309870517022
REGU_0606,29.54469750038082,6.26847706515067,905.9405124969932,15.740606571695515,7,Tienda,Accesorios,Regular,15.740606571695515,8.9,1,75.49504270808276,22.183083280988875,0,1053.1265080822752,-3357.07,-5.765265828838208,52,7,0.032806937247196244,0,Bajo,34.54985526401411
REGU_0607,6.442228610835656,3.898640078462536,1053.0409616258758,11.011096369629046,10,Online,Gaming,Regular,11.011096369629046,8.5,0,87.75341346882298,1.0,0,824.6692824130544,-1347.63,-1.6590095756609806,47,4,0.05214008042272118,0,Bajo,42.99832270716442
REGU_0608,37.62595661791727,4.628647360382606,852.6650730820853,8.415829577184184,10,Online,Smartphones,Regular,8.415829577184184,7.9,0,71.05542275684044,28.134143190175443,0,472.71641353180667,-1307.73,-1.463730408576462,43,4,0.04420315493837581,0,Bajo,20.89555686925978
REGU_0609,27.260858476132427,6.189893743932545,761.1347996517795,26.165579585660883,8,App,Gaming,Regular,26.165579585660883,5.9,1,63.42789997098163,29.47507155929166,0,985.4322013648296,38.200000000000045,0.09453450584039584,48,8,0.04950036062371336,0,Bajo,48.77924933777878
REGU_0610,35.27666226175796,3.2855090438351047,1228.9572499572205,18.21935155185456,4,Online,Smartphones,Regular,18.21935155185456,8.6,0,102.4131041631017,36.17153893277516,0,1607.5732455368504,892.84,0.9607564372513677,47,3,0.04581046079028273,0,Bajo,73.64367113217344
REGU_0611,29.03151020419654,6.220056533944136,972.886411011182,18.726261144091023,9,Online,Laptops,Regular,18.726261144091023,9.7,2,81.07386758426517,25.36156258852744,0,1469.503749341226,747.78,0.52817948053046,59,8,0.061469269858482244,0,Bajo,90.32932252630727
REGU_0612,58.37801880830848,5.249081555803509,961.8248783267246,14.490630882330915,4,Tienda,Smartphones,Regular,14.490630882330915,7.1,0,80.15207319389371,67.5499360023759,0,821.4807487456067,314.09000000000003,0.2819350341903267,49,7,0.049017600855750104,0,Bajo,40.267015452694885
REGU_0613,38.44975610017785,5.239769074569192,633.2357244837333,13.969573134806982,4,Online,Smartphones,Regular,13.969573134806982,8.2,0,52.769643706977774,20.853989501509258,0,603.4061292474618,-627.18,-1.8261993887801498,45,7,0.04679050307199817,0,Bajo,28.233676344215883
REGU_0614,35.300653664475924,4.881006861286927,1117.7480299294348,10.055448207327087,11,Online,Accesorios,Regular,10.055448207327087,6.3,1,93.14566916078624,46.49526562713989,0,587.9851810643017,772.3399999999999,0.8671949890611215,43,4,0.03691949110682938,0,Bajo,21.70811366325095
REGU_0615,48.26577622810537,1.2849776659549668,835.7465450369506,16.127050713149963,6,Tienda,Smartphones,Regular,16.127050713149963,6.8,0,69.64554541974589,59.87475679066044,0,760.5844879737862,215.3,0.4283895101277409,62,1,0.09920144502268122,0,Bajo,75.4510802688357
REGU_0616,42.84939265359516,3.2271995913331177,1233.7826859441527,20.68749151418631,8,Tienda,Accesorios,Regular,20.68749151418631,5.1,1,102.8152238286794,36.92533567413239,0,1074.337990686544,711.52,0.7410590406074956,71,3,0.03718857171013054,0,Bajo,39.95309540756409
REGU_0617,24.46253955673457,3.5225808123244517,921.5438069231308,17.164864640218177,2,Online,Accesorios,Regular,17.164864640218177,8.6,0,76.79531724359423,33.414672463021546,1,1133.4997915932058,-1367.31,-0.876322278630265,47,4,0.12529679019765919,0,Bajo,142.02388557634433
REGU_0618,31.518309166193266,4.76334772956557,900.2642640427997,14.694346205010646,7,Online,Accesorios,Regular,14.694346205010646,9.6,0,75.02202200356665,33.38378054976994,0,1060.494090898498,562.1,0.6635081268519709,52,5,0.05862552550998255,0,Bajo,62.17202337915564
REGU_0619,52.33212094375934,2.491393211281471,1046.7870790152267,15.002799961698477,7,App,Laptops,Regular,15.002799961698477,8.7,0,87.23225658460223,41.53566496159923,0,1143.7134536271326,862.7,0.8366708501670318,47,3,0.061329799062156756,0,Bajo,70.14371629563738
REGU_0620,43.28719845712202,7.6364669482303,1036.3200974845192,8.938565505939847,8,Online,Smartphones,Regular,8.938565505939847,7.7,0,86.36000812370993,12.343563078256466,0,592.4888838968984,-1315.95,-1.0542806005694956,65,8,0.055957915211319265,0,Bajo,33.154442728751825
REGU_0621,52.69378408853907,5.612916121345876,775.6145143812214,6.905887140067797,3,Tienda,Accesorios,Regular,6.905887140067797,9.1,1,64.63454286510178,54.52409159331555,1,406.4186716371192,-1232.69,-4.405690040432157,44,6,0.20502345420328064,0,Bajo,83.32535991175105
REGU_0622,52.20357613268668,6.678516152529324,662.369824006685,19.409840328342774,4,Online,Smartphones,Regular,19.409840328342774,9.0,0,55.19748533389042,52.85658600592321,0,964.8903818338792,-3814.98,-6.763815795879659,46,9,0.021348703655525103,0,Bajo,20.59915882183795
REGU_0623,37.65010124348423,4.935763431386722,213.27394517899643,23.023675061474265,10,Tienda,Gaming,Regular,23.023675061474265,7.1,1,17.77282876491637,36.24075179730653,0,292.12865517787435,-915.74,-4.566204708520179,45,5,0.5355210644996133,1,Medio,156.44104839169574
REGU_0624,22.96130958677878,2.6863001656748704,722.3793526418809,25.235003283867407,8,Online,Gaming,Regular,25.235003283867407,9.2,0,60.19827938682341,31.62481757700916,0,1393.5806281176274,-988.55,-1.155578707316221,55,4,0.07713192036559281,0,Bajo,107.48955003100164
REGU_0625,18.737535111914795,2.232679440742842,1071.8805146739196,23.52055260433402,12,App,Gaming,Regular,23.52055260433402,5.9,0,89.32337622282664,18.649214130231957,0,1247.7157874735592,574.3399999999999,0.5707541469743848,57,3,0.051114123989284624,0,Bajo,63.77589946431141
REGU_0626,23.97949431940597,4.727348019877882,911.4491225721466,15.44929136416616,5,Online,Gaming,Regular,15.44929136416616,7.6,0,75.95409354767888,22.987688281635677,1,887.1458704118899,-437.93000000000006,-1.362387005641321,78,4,0.11208123797663928,0,Bajo,99.43240742162783
REGU_0627,46.03330899710048,6.659138784280061,1030.364696472731,11.04523059730793,5,Online,Gaming,Regular,11.04523059730793,8.9,0,85.86372470606095,45.743927207795885,0,842.8896298168868,560.78,0.6056159034793354,57,6,0.048098749053675595,0,Bajo,40.54193678450795
REGU_0628,29.45382012102085,4.001680524957469,1058.917129660373,23.291311803043943,8,Online,Laptops,Regular,23.291311803043943,8.9,0,88.24309413836441,42.27941947545722,0,1838.2307385170648,1212.31,0.8378390174308338,77,5,0.10261328640402251,0,Bajo,188.62689724812938
REGU_0629,41.21273490428096,3.999822854057391,1205.6901391603062,16.514476312714656,2,Tienda,Smartphones,Regular,16.514476312714656,10.0,0,100.47417826335884,22.289323812640244,0,1659.2784369697094,1486.2,0.9195072980995905,78,4,0.03495694830490818,0,Bajo,58.003310544598975
REGU_0630,31.415863243460905,6.063422499185078,728.6176058386416,13.183727977448855,9,App,Gaming,Regular,13.183727977448855,9.3,0,60.7181338198868,7.836016366791533,0,741.5047543377486,-1647.2400000000002,-1.128258128810209,43,9,0.04551138239898038,0,Bajo,33.74690642532728
REGU_0631,44.09773867052812,4.43982041602934,1147.6860018099587,5.237834458974209,7,App,Accesorios,Regular,5.237834458974209,6.6,0,95.6405001508299,46.210943679699206,0,332.24786272196366,-776.28,-0.44127352532918546,50,6,0.05198291537554767,0,Bajo,17.271212531582414
REGU_0632,37.97901801923117,3.945277505107948,612.570340918284,17.948164802347026,7,Online,Accesorios,Regular,17.948164802347026,7.8,1,51.047528409857,36.676767780256064,0,716.458925544878,127.30999999999999,0.7222852604107568,49,4,0.06278560291418483,0,Bajo,44.98330560358423
REGU_0633,42.70254873773323,4.42535761826031,719.2319009211055,13.652531221480068,6,Tienda,Accesorios,Regular,13.652531221480068,8.6,2,59.93599174342546,38.820009288121405,0,706.9595411739459,-198.06999999999988,-0.6358549489122245,49,6,0.038581302468076666,0,Bajo,27.275419890724706
REGU_0634,38.09475006713262,6.4668468435747215,1228.618132636985,20.620363053062807,9,App,Accesorios,Regular,20.620363053062807,8.7,0,102.3848443864154,45.71391990889797,0,1843.8992742615667,-3319.6200000000003,-4.771988032428887,53,7,0.021155504514412036,0,Bajo,39.00861942076165
REGU_0635,36.96137295940973,5.193274432033872,896.0423111409614,20.68928887984686,6,App,Smartphones,Regular,20.68928887984686,8.1,0,74.67019259508011,35.67307610219331,0,1255.6564455403172,668.0600000000001,0.7524951034932075,48,5,0.05501834347744689,0,Bajo,69.08413761040727
REGU_0636,42.21757037624173,5.066931388700973,683.1588479351807,9.933821522078476,8,Online,Accesorios,Regular,9.933821522078476,5.2,0,56.92990399459839,38.98988436402252,0,292.846295556352,278.65999999999997,0.61942420263895,58,6,0.06823152923686868,0,Bajo,19.98135057716192
REGU_0637,35.01760845730533,2.093314765727757,644.6428753952309,13.554972232280663,7,Tienda,Smartphones,Regular,13.554972232280663,7.8,0,53.72023961626925,53.72611664208709,0,568.307559009911,219.32000000000002,0.30905482376596655,85,3,0.05425758874258306,0,Bajo,30.834997816061
REGU_0638,37.55169429017173,3.364954176429816,1017.2354906873176,23.440477718067815,7,Online,Gaming,Regular,23.440477718067815,6.9,0,84.76962422394314,44.12745531921873,0,1377.1446637318625,423.98,0.5210167353523422,47,5,0.05708776492974937,0,Bajo,78.6181108373833
REGU_0639,57.67138945100302,5.017054863197742,1056.5391399115465,10.098058742582626,5,Online,Smartphones,Regular,10.098058742582626,7.6,0,88.04492832596219,69.9321507709962,0,671.880221940176,1556.24,0.7259720127971497,63,7,0.05057160059935887,0,Bajo,33.97805823456718
REGU_0640,46.72801714245799,5.820546663578588,1209.131067601531,28.10712531996276,5,Online,Gaming,Regular,28.10712531996276,5.5,0,100.76092230012758,56.27439833625902,0,1557.9018351186153,97.97000000000003,0.14622719223907582,74,7,0.03898368276367953,0,Bajo,60.73275091721827
REGU_0641,35.636489411245364,4.703750073697004,1004.9709076233678,15.185990984681338,6,Online,Smartphones,Regular,15.185990984681338,5.7,0,83.74757563528065,37.67490484475938,0,728.6337827235657,-1369.22,-7.23639736683215,47,4,0.032250400891513625,0,Bajo,23.498731595935027
REGU_0642,36.242408608444805,5.194847806394386,896.3241793283423,22.338468319337768,9,Online,Smartphones,Regular,22.338468319337768,9.6,0,74.6936816106952,25.16049729783076,0,1596.7615110851038,-455.07000000000016,-0.17706867279908794,55,5,0.07570956447184278,0,Bajo,120.89011856965477
REGU_0643,24.06652529755874,4.49843433994802,520.0931203336161,13.3622028831551,11,Online,Gaming,Regular,13.3622028831551,7.8,0,43.34109336113468,17.071637301798823,0,452.1265142726665,-588.12,-0.8902680225473993,43,5,0.12088341789291865,0,Bajo,54.65459836529139
REGU_0644,44.352398172533725,6.0904881725731945,1089.6121209682403,14.411169000768632,4,Online,Accesorios,Regular,14.411169000768632,9.5,0,90.8010100806867,36.36836559806232,0,1245.3519499924294,-722.5200000000001,-0.5059979342644354,51,8,0.0686069417426123,0,Bajo,85.43978868217923
REGU_0645,20.51144717470755,6.603374027637968,532.6773675138828,18.560933288135185,7,App,Accesorios,Regular,18.560933288135185,8.5,0,44.3897806261569,16.23971041366118,0,700.5396253501006,-1928.72,-3.9932968226171406,46,7,0.08480174037728588,0,Bajo,59.406979432940346
REGU_0646,37.36874282317133,5.064681327455973,1128.472925523282,8.69735188528034,6,Online,Laptops,Regular,8.69735188528034,6.9,0,94.03941046027352,34.60599753166024,0,563.8987720642904,395.65000000000003,0.12010410253791488,54,6,0.034017923712589,0,Bajo,19.182665409705642
REGU_0647,56.23029403083997,1.975728305599172,1065.696846632077,21.278259592602176,10,Online,Smartphones,Regular,21.278259592602176,6.4,1,88.80807055267309,57.38544284841012,0,1200.375136684558,525.8900000000001,0.3808511576399104,58,3,0.0706598589410303,0,Bajo,84.81833783445083
REGU_0648,18.768118232184207,4.889869278967843,419.38937579367655,14.485238160363451,5,Online,Accesorios,Regular,14.485238160363451,9.3,1,34.949114649473046,16.411119703433283,0,469.0011041903373,-120.25999999999999,-0.7717651875006006,61,6,0.12454435466962223,0,Bajo,58.411439860725814
REGU_0649,19.660423833815987,3.2744499539549508,672.5697929266914,13.81701947981576,12,Online,Smartphones,Regular,13.81701947981576,5.8,0,56.04748274389095,29.435023045841863,0,449.9476467582671,190.22000000000003,0.18583888422592695,57,3,0.04977376471351361,0,Bajo,22.39558830314512
REGU_0650,29.97358813269789,5.185451700530541,1040.8933498073152,20.07940592107869,5,Tienda,Accesorios,Regular,20.07940592107869,9.8,0,86.74111248394293,32.55685002058458,0,1711.2771015159085,434.34000000000003,0.5701162774617625,44,5,0.05456805351926989,0,Bajo,93.38106046182115
REGU_0651,45.30801719564819,5.074773877764359,880.5953252158705,15.176360963226518,3,App,Laptops,Regular,15.176360963226518,5.9,0,73.3829437679892,47.63447055067439,0,653.7997884095412,-527.63,-0.8819385092449252,55,6,0.03456675332769733,0,Bajo,22.59973601165332
REGU_0652,26.649523153007543,4.131489440207118,637.8453408489561,11.58818439904374,9,Online,Accesorios,Regular,11.58818439904374,5.2,0,53.15377840407968,24.630469916933254,0,319.5161975296801,-117.73999999999998,-0.1981791741480898,66,4,0.07951956209581368,0,Bajo,25.407788110079665
REGU_0653,34.58513329417017,4.233110813195709,874.4126084170623,19.208161278825376,8,Online,Smartphones,Regular,19.208161278825376,7.7,2,72.86771736808852,25.03162224827574,0,1077.4446164592562,912.8000000000001,0.6730970075915004,56,6,0.05715296649218407,0,Bajo,61.57915606167999
REGU_0654,23.862948619264703,6.659503540221497,810.6816034090325,3.7005391304701223,11,Online,Gaming,Regular,3.7005391304701223,7.6,0,67.55680028408604,20.7225480931968,1,190.41348273383008,-117.00000000000003,-0.13208853063035833,43,6,0.5533918597986605,1,Medio,105.37327134081436
REGU_0655,30.337915194573768,6.238335612304348,1190.2733643080207,6.634579937471299,8,Online,Smartphones,Regular,6.634579937471299,10.0,0,99.1894470256684,40.36418678381845,0,658.0803152453718,-229.91000000000003,-0.593052115241202,53,8,0.05309208167995098,0,Bajo,34.93885384897517
REGU_0656,15.267506705154329,8.0398631204169,700.1073719283221,15.670920711450531,9,Online,Smartphones,Regular,15.670920711450531,8.5,0,58.34228099402685,19.907065570977537,0,773.6267805230325,-3036.01,-5.958317457237334,43,8,0.02019434592832415,0,Bajo,15.62288682529782
REGU_0657,49.05342877685085,5.161287500646198,630.3160362951859,8.870538682800271,5,Online,Laptops,Regular,8.870538682800271,9.3,1,52.52633635793216,30.488448701521047,0,432.7589390467541,-1362.3,-7.091542214725151,56,6,0.036854155889455384,0,Bajo,15.948965402184397
REGU_0658,33.856118622916185,4.155561902885791,1023.9013109108118,20.54288140159136,8,Online,Smartphones,Regular,20.54288140159136,8.1,0,85.32510924256765,45.75339016916731,1,1412.204182559621,1268.07,0.8080740039800679,50,6,0.1767587187394093,0,Bajo,249.61940190767345
REGU_0659,32.10724133041063,4.3489499685146,1088.406852339558,17.101549087426022,13,App,Gaming,Regular,17.101549087426022,7.3,0,90.70057102829652,18.82500441902618,0,1126.868673597614,-859.51,-1.3966792945501196,56,6,0.037141030802218415,0,Bajo,41.85306411614399
REGU_0660,24.938976563742784,5.627868999404715,473.3617057872993,11.928226060596447,4,Online,Accesorios,Regular,11.928226060596447,8.5,0,39.44680881560827,9.705597498538998,1,398.4774385909641,-2169.97,-5.393835664622283,45,7,0.34320256039351155,0,Medio,136.75847718346714
REGU_0661,42.152977929589845,3.574843146281526,645.4559832981703,16.981598410039314,14,Tienda,Laptops,Regular,16.981598410039314,4.6,0,53.78799860818086,28.902357613430613,0,423.0503915873286,-1302.1599999999999,-4.341646800756208,50,3,0.039116729489515285,0,Bajo,16.548347728155047
REGU_0662,43.85653435269886,4.573898059754008,953.7390352080052,12.840240850420326,8,App,Accesorios,Regular,12.840240850420326,10.0,0,79.47825293400042,39.18341415210509,0,1020.5199100431914,-132.2,-0.10583666589854157,58,4,0.030102052667605825,0,Bajo,30.719744080460508
REGU_0663,34.60845797708772,1.3067613149224302,816.0782204641084,17.373268228786728,6,Tienda,Gaming,Regular,17.373268228786728,10.0,2,68.00651837200904,37.92762180319646,1,1181.4954849828257,403.62,0.9720630027455325,96,2,0.8747648820286372,1,Alto,1033.5307585383691
REGU_0664,43.74132839593544,5.1499753352221225,889.334995293465,14.478141975768988,10,App,Gaming,Regular,14.478141975768988,9.5,1,74.11124960778875,42.533706648837246,0,1024.0166539042789,-1174.96,-1.5569000601194356,48,5,0.05692213197730578,0,Bajo,58.289211120498415
REGU_0665,62.99619701903226,6.943891792360626,953.1439424000786,19.33697246498988,5,Tienda,Smartphones,Regular,19.33697246498988,7.0,4,79.42866186667321,74.13879954666915,1,1078.4799395456998,-2712.9,-3.987596545189411,53,6,0.19933152566527254,0,Bajo,214.97505174903526
REGU_0666,26.36130765532713,4.846689843572874,1008.1064248993424,14.755021494171546,6,Tienda,Laptops,Regular,14.755021494171546,6.1,0,84.00886874161186,49.15451033399047,0,760.4507288081136,-3913.2900000000004,-5.460512449158634,59,5,0.016131124460729597,0,Bajo,12.26692535265621
REGU_0667,40.731065834636055,3.6241075367340687,858.2214574819222,15.15794503076289,8,Online,Smartphones,Regular,15.15794503076289,9.8,1,71.51845479016019,44.47783265895251,0,1063.1188608416926,80.85000000000002,0.21590909329090147,75,4,0.07059423459171395,0,Bajo,75.05006226113414
REGU_0668,38.70766879417797,6.696009815995834,889.9909209998358,1.9828842071430584,7,Tienda,Laptops,Regular,1.9828842071430584,7.5,0,74.16591008331964,44.37170506126132,0,109.9043515491045,128.25000000000003,-0.11605147564766378,51,7,0.0715172906363546,0,Bajo,7.860061451937396
REGU_0669,34.406401144120984,4.622331989110431,897.5900016452094,18.042458243390392,10,Online,Accesorios,Regular,18.042458243390392,5.0,0,74.79916680376745,26.90800472636104,0,670.5907030432215,-1994.79,-1.513930738245656,53,6,0.024765207106921778,0,Bajo,16.60731764484166
REGU_0670,36.06520023025346,5.496993878091211,705.5778654868511,13.46371732465553,10,Online,Smartphones,Regular,13.46371732465553,6.9,2,58.79815545723759,28.15578801741897,0,548.1451487648072,-582.15,-1.5239063178678969,47,5,0.045668340987767966,0,Bajo,25.032879564582014
REGU_0671,30.52328786741588,3.1268380539875054,510.1626278040928,17.420639600196147,10,Online,Gaming,Regular,17.420639600196147,7.7,0,42.513552317007736,37.66749246157441,0,568.4923282831188,-434.9799999999999,-0.7177535695919822,59,4,0.13574798881079278,0,Bajo,77.17169021879835
REGU_0672,50.77333489347391,4.989824540001018,1080.1566525687294,17.798214359507835,10,Tienda,Laptops,Regular,17.798214359507835,10.0,0,90.01305438072745,43.05602302958696,0,1602.071637022223,-898.3799999999999,-1.5886770779983257,43,4,0.04404663794009091,0,Bajo,70.5658693500066
REGU_0673,52.806681845213134,4.296303925808807,824.2091202384108,9.931970788227655,10,Tienda,Laptops,Regular,9.931970788227655,7.0,0,68.68409335320091,53.5014712467646,0,475.42433090317655,306.09000000000003,0.3248740441739575,46,5,0.03146307614438748,0,Bajo,14.958311924101114
REGU_0674,44.48987745505288,4.561868818789,1505.0281212672471,15.166102329116152,6,Online,Accesorios,Regular,15.166102329116152,10.0,0,125.41901010560396,26.06897362446996,0,1902.1175412780424,127.9299999999999,-0.043031879703402776,43,4,0.031283798038571405,0,Bajo,59.505461006966286
REGU_0675,36.23687650308905,4.597921756158064,701.2922521576816,13.87113363642099,7,App,Laptops,Regular,13.87113363642099,7.7,1,58.44102101314013,34.343675199053635,0,627.1426651537389,-182.71000000000004,-0.5075475043352885,43,5,0.034490427899721544,0,Bajo,21.630418875324242
REGU_0676,42.611675195964,7.29603675038356,628.8759303619694,10.41870197789865,6,Online,Laptops,Regular,10.41870197789865,8.4,0,52.40632753016411,39.51083346011177,0,456.1300893326337,-3544.66,-7.248261526774102,56,8,0.019175848862203533,0,Bajo,8.74668165454598
REGU_0677,24.23742054278753,4.893906650718488,966.3712148643028,11.221615806355508,2,Online,Smartphones,Regular,11.221615806355508,7.9,1,80.53093457202525,22.76976337633361,0,716.9650249479943,175.59999999999997,0.4563206944497588,43,4,0.05687988430642013,0,Bajo,40.780887670791536
REGU_0678,21.88541222894866,4.195721234839251,900.4134160204856,15.319752375429058,8,Tienda,Smartphones,Regular,15.319752375429058,6.5,0,75.03445133504046,31.525506805046756,0,743.2949527262351,719.6800000000001,0.6711144057557659,54,6,0.04651269460205135,0,Bajo,34.572651135401564
REGU_0679,27.807731539364035,6.853147663635201,973.7569713180184,23.641646902831667,10,Tienda,Laptops,Regular,23.641646902831667,6.1,0,81.14641427650152,34.28384877705813,0,1168.8066538475025,-3010.9399999999996,-4.372171589498703,51,7,0.026103755730996735,0,Bajo,30.51024338879886
REGU_0680,43.17598229847426,4.726953182550079,1118.1317398470835,16.238226331061302,13,Online,Gaming,Regular,16.238226331061302,9.3,0,93.17764498725695,39.82203398902882,0,1411.5065210073828,-1213.2,-0.843726053267036,43,4,0.05816972566714695,0,Bajo,82.10694710438845
REGU_0681,27.12758290111214,6.667447211211577,1350.9665168169663,18.39690686505953,11,Online,Smartphones,Regular,18.39690686505953,6.2,0,112.58054306808052,19.60688243849956,0,1283.8881859711523,541.19,0.4538312170580975,73,6,0.030360965062300637,0,Bajo,38.9800843581707
REGU_0682,40.70365153792011,4.541769573421045,1154.6741347068353,19.57089422715149,9,Tienda,Accesorios,Regular,19.57089422715149,8.9,1,96.22284455890292,40.280064532467726,0,1676.2452101697115,562.74,0.43475565884739065,44,6,0.04338240558302849,0,Bajo,72.71954956419127
REGU_0683,52.09340593888728,4.65565974049442,1128.5709940253437,20.7273349327967,8,Tienda,Gaming,Regular,20.7273349327967,5.5,1,94.04758283544533,50.332182161233504,0,1075.8765487058924,254.66999999999996,0.7284896136294438,51,5,0.03732085294839966,0,Bajo,40.15263046488435
REGU_0684,54.44928900090734,4.417185125925435,538.7573308562514,16.58823561861442,7,Tienda,Smartphones,Regular,16.58823561861442,7.5,0,44.89644423802096,48.97551344156652,0,561.2316559619002,-1093.85,-2.109785887718622,47,6,0.09716992198203915,0,Bajo,54.53483622366848
REGU_0685,24.08749702965104,5.917613909996606,670.6362477764528,19.62457334609272,7,Online,Smartphones,Regular,19.62457334609272,9.2,0,55.886353981371066,31.104282243487237,0,1013.3766966275816,298.51,0.5619618610193691,46,6,0.05895148231985488,0,Bajo,59.74005841459382
REGU_0686,55.26127848208866,3.658444819185972,1179.5393538720184,20.715361968558348,6,Tienda,Laptops,Regular,20.715361968558348,6.1,0,98.29494615600152,44.51175218428908,0,1246.5512847482437,-1469.96,-1.1423267473596248,48,5,0.03603149934168193,0,Bajo,44.915111795779104
REGU_0687,51.291058511322106,6.329763203113288,678.0805763171854,16.25940180046428,9,Tienda,Gaming,Regular,16.25940180046428,6.4,0,56.50671469309879,41.39566207075694,0,588.0999557210356,-135.35000000000002,-0.7572087840274604,52,6,0.04195685610314258,0,Bajo,24.674825216452014
REGU_0688,31.540924760074244,3.763108401042976,623.7438535923244,16.7040781248636,9,Online,Accesorios,Regular,16.7040781248636,6.2,0,51.97865446602703,42.19042146364576,0,535.71353828543,213.64000000000001,0.8663047258345689,74,3,0.03964627007464294,0,Bajo,21.239043621506728
REGU_0689,33.55228359044198,4.475171976315496,904.7981387281934,11.426679415795038,5,App,Laptops,Regular,11.426679415795038,7.8,0,75.39984489401611,42.411850497332864,0,674.2164856522196,338.62,0.41465097709891097,46,6,0.13555816383211888,0,Bajo,91.39554882035901
REGU_0690,60.27933857811288,2.614152855237565,542.8105677652654,21.399858516667443,8,App,Smartphones,Regular,21.399858516667443,7.2,2,45.23421398043879,51.261723808253066,1,698.5443082264084,-1199.8200000000002,-2.9764169820583892,61,2,0.755044692840325,1,Alto,527.4321726401658
REGU_0691,38.044202651577166,3.027876709534365,916.2524430057348,11.411804311947296,5,Online,Gaming,Regular,11.411804311947296,8.7,0,76.35437025047788,45.36537732406919,0,757.9631868083449,467.71999999999997,0.9279474508142805,43,4,0.051046316491393164,0,Bajo,38.69122872264373
REGU_0692,47.65648589052374,4.642812742482538,868.4639592009702,11.485646124191904,5,Tienda,Laptops,Regular,11.485646124191904,8.9,0,72.37199660008085,56.97065577187527,0,743.5182400287347,263.13,0.27288616493201695,46,4,0.03390324094676871,0,Bajo,25.207678040011608
REGU_0693,48.73597981098487,4.847974534424282,636.0458039394184,10.75856402752676,5,Online,Laptops,Regular,10.75856402752676,7.5,0,53.003816994951535,35.05408050433131,0,426.39236257059366,147.27999999999997,-0.3205308805553404,54,4,0.04876619873159561,0,Bajo,20.79353469075214
REGU_0694,22.352724521728035,6.090159467429279,780.1786882588785,13.98304663566635,12,Online,Accesorios,Regular,13.98304663566635,8.9,0,65.01489068823987,15.357164743970516,0,806.9635624924949,-2546.37,-2.02692962001413,48,10,0.02121278150731057,0,Bajo,17.117941735514254
REGU_0695,39.24740953252378,3.030196656430296,811.6186579116111,17.394119550039065,8,Online,Smartphones,Regular,17.394119550039065,7.5,0,67.63488815930093,24.18264308165634,0,884.7512043172709,-795.5699999999999,-0.8883177895057023,51,3,0.10630312875841978,0,Bajo,94.05182119170581
REGU_0696,37.11055312229926,2.293719335454562,728.1335670049469,11.587294466561836,4,Online,Gaming,Regular,11.587294466561836,4.3,0,60.67779725041225,26.97529299133465,1,300.1609765287438,-817.5,-1.160431186844943,49,6,0.7276332212796827,1,Alto,218.40709825406506
REGU_0697,23.40834890466156,3.781745792410505,784.1654191219245,8.124253039798486,9,Tienda,Smartphones,Regular,8.124253039798486,8.0,1,65.34711826016037,34.018100299757734,0,425.9914116632999,-530.03,-3.675149077797809,46,4,0.0834890763667217,0,Bajo,35.56562949992483
REGU_0698,37.24140351604878,3.0550868626874417,1117.6555150212002,13.154389645805797,7,Online,Smartphones,Regular,13.154389645805797,7.7,0,93.13795958510002,65.71680125810423,0,937.9728372625538,514.3600000000001,0.2055086418136048,43,5,0.06130284108881638,0,Bajo,57.50039978833256
REGU_0699,47.352771417623856,4.292637944965196,1130.5763709456849,16.03548090171181,6,App,Laptops,Regular,16.03548090171181,6.8,0,94.21469757880708,49.93086497621877,0,1024.5098683326346,-1246.6,-1.013025577087531,65,5,0.025344819656243425,0,Bajo,25.96601784893232
REGU_0700,27.703056253374243,7.511366199324576,915.870336160096,17.246957735300466,10,Online,Gaming,Regular,17.246957735300466,7.4,1,76.32252801334134,23.41917616206776,0,980.5520746547712,-442.27,-0.5870127761389748,48,7,0.06307721838930241,0,Bajo,61.85049735508257
REGU_0701,21.46890858549484,8.672880482261085,599.0959472320474,19.746315871411547,4,Tienda,Accesorios,Regular,19.746315871411547,7.5,2,49.92466226933728,20.400824385860027,1,737.3694081589022,-1874.7299999999998,-4.7383602218121466,56,8,0.5675543428625258,1,Medio,418.4972098945553
REGU_0702,33.66969705654514,5.259768247301773,1090.0785862826197,21.41157478244247,6,Tienda,Laptops,Regular,21.41157478244247,9.0,0,90.8398821902183,19.841578665819444,0,1744.3110601571466,-66.84000000000002,-0.2359271144671142,47,5,0.053280266833408585,0,Bajo,92.93735872563859
REGU_0703,45.39033870000544,6.60303103048836,1031.4211313027067,17.94081654706011,13,Online,Smartphones,Regular,17.94081654706011,5.6,0,85.95176094189223,36.1020952117932,0,857.7691004310777,-2990.1800000000003,-2.92230336460288,46,6,0.019319864446715747,0,Bajo,16.57198274690973
REGU_0704,37.04074067006982,3.175594943252697,740.6568844160378,5.341677098239094,6,Tienda,Smartphones,Regular,5.341677098239094,3.2,2,61.72140703466982,37.03505017839044,0,105.66761804244236,-1102.25,-6.017814815570705,59,4,0.05491960681107481,0,Bajo,5.803224035553768
REGU_0705,44.11250599267343,3.818672796555168,1296.8125639916957,17.11251813246269,6,App,Accesorios,Regular,17.11251813246269,7.4,0,108.06771366597464,43.498565224980005,0,1368.1702935196358,700.4499999999999,0.8295964613958122,44,3,0.05879235081926704,0,Bajo,80.437947877106
REGU_0706,49.22859691506977,2.8959305649534057,450.7572786073417,13.060225933246318,5,Online,Gaming,Regular,13.060225933246318,5.4,0,37.56310655061181,73.4865171815289,0,264.2620904874264,-485.6,-2.4734707336188504,102,2,0.1355649830958984,0,Bajo,35.82468582981473
REGU_0707,30.699344381872155,6.709706324375729,579.1879205255314,16.74892633787642,7,App,Laptops,Regular,16.74892633787642,7.4,0,48.26566004379428,32.12417482285405,0,599.023630495977,-2853.53,-9.024492318705695,54,7,0.023544397371983473,0,Bajo,14.10365039160548
REGU_0708,71.34911589769459,6.772702857647799,1458.1262447552886,13.719419997003511,10,App,Gaming,Regular,13.719419997003511,5.9,6,121.51052039627405,72.96640903705399,1,980.128363222094,-1262.01,-0.743308239224585,49,8,0.7822340933103826,1,Alto,766.6898215328241
REGU_0709,46.656678673130514,5.665108531313329,1149.9777381227009,17.67064059397337,6,Online,Gaming,Regular,17.67064059397337,9.1,0,95.83147817689174,50.32982609378903,0,1536.8628459485951,902.13,0.8867143960402313,66,5,0.02842670118448842,0,Bajo,43.68794088332317
REGU_0710,33.87782604378252,4.481607664894321,1045.5132589398847,26.32307015378916,6,Online,Accesorios,Regular,26.32307015378916,6.7,0,87.12610491165707,43.50960770872518,0,1529.2740047952188,-48.33000000000003,-0.09846762177386467,44,4,0.03567821650666878,0,Bajo,54.56176904110425
REGU_0711,22.48486085829515,5.553578072884952,854.2501963791356,17.170342435915884,9,Tienda,Accesorios,Regular,17.170342435915884,8.0,0,71.18751636492796,24.47083391535055,0,976.8839832623684,-116.48000000000002,0.026549494906480398,59,5,0.05079561642062753,0,Bajo,49.621424101249985
REGU_0712,30.55064882349896,4.814274360224892,700.4935984187603,13.655995512712924,7,Tienda,Laptops,Regular,13.655995512712924,9.5,2,58.37446653489669,31.361223193055636,0,755.9624913745824,-295.04999999999995,-0.3092376731873881,62,6,0.04295061727809805,0,Bajo,32.469055643627186
REGU_0713,44.62183148241263,2.757100909997863,964.8849840577484,16.493483311606333,4,Tienda,Smartphones,Regular,16.493483311606333,9.9,1,80.40708200481238,55.31448481525982,0,1307.3149629436764,929.69,0.83401755544346,44,3,0.05661417534684504,0,Bajo,74.01255854564752
REGU_0714,57.83490759438756,4.567524695389771,1380.5907965129566,18.58025567631532,5,Online,Gaming,Regular,18.58025567631532,7.0,1,115.04923304274638,57.42723772512445,0,1498.2513717750917,51.55000000000001,0.11297067663058935,51,4,0.027627983630021773,0,Bajo,41.3936643730599
REGU_0715,18.17353891595825,5.005982840766684,1227.3450417541103,14.652829657603352,5,Online,Accesorios,Regular,14.652829657603352,10.0,1,102.2787534795092,22.18634577765519,0,1498.6731523272545,866.79,0.8850621929375775,50,5,0.03543810335399278,0,Bajo,53.110134066027406
REGU_0716,50.74819303219951,2.626510665115172,755.7432625329593,15.581037622349,8,Online,Accesorios,Regular,15.581037622349,10.0,1,62.978605211079945,52.74409173464902,0,981.2720171969014,-881.3,-0.5927923537200329,84,4,0.05587120955196309,0,Bajo,54.82485450028561
REGU_0717,46.5411221784242,6.444881564883557,1036.9885331516973,16.55043454176266,6,Online,Gaming,Regular,16.55043454176266,8.8,0,86.41571109597477,32.04173843358167,0,1256.5183437275573,-1561.7900000000002,-1.8658983712545507,47,7,0.040567262580685284,0,Bajo,50.97350958744359
REGU_0718,27.69300884485155,3.576275673761195,657.1884642406703,24.578752823482738,7,Tienda,Accesorios,Regular,24.578752823482738,9.1,0,54.7657053533892,25.940933322847275,0,1223.6616531448824,-344.37,-1.0181002759213447,52,4,0.1189589215418149,0,Bajo,145.56547059018956
REGU_0719,27.93971573041232,3.6681812216957344,1027.6406209260697,16.09619458745169,5,Tienda,Smartphones,Regular,16.09619458745169,8.4,0,85.6367184105058,6.764558749493904,0,1164.579478359516,651.2,0.7653878370127103,46,3,0.09381226798143272,0,Bajo,109.25184210954005
REGU_0720,41.952507794794734,6.321978617721303,786.0082779359027,18.510780182713063,9,Tienda,Accesorios,Regular,18.510780182713063,9.5,0,65.50068982799189,24.300803790863284,0,1151.8736216401408,-4656.22,-7.7309141849140035,55,6,0.029351482808290755,0,Bajo,33.8091988028942
REGU_0721,63.42001450880525,6.28407214216327,528.9989955509589,11.45485548842514,6,App,Laptops,Regular,11.45485548842514,6.8,0,44.08324962924657,77.66015947465617,0,344.9326191971768,-1013.91,-2.822868249523482,52,7,0.20901282720862435,0,Bajo,72.09534193487774
REGU_0722,51.63255628745053,4.176244830840542,922.0511636254192,18.3752045451636,8,App,Gaming,Regular,18.3752045451636,5.5,0,76.83759696878494,49.39794541758116,0,782.3934040535477,-2305.06,-2.19004513522174,45,5,0.04085011220290052,0,Bajo,31.9608583423967
REGU_0723,36.06550186781363,2.6287348136863717,727.3499002869661,12.705894636624478,12,Online,Smartphones,Regular,12.705894636624478,8.4,0,60.612491690580505,50.71556432963117,0,650.1206195182654,557.23,0.899123517935088,43,2,0.05723038055074561,0,Bajo,37.206650458916826
REGU_0724,1.0,5.401494556886643,789.1883525767428,15.805303032064508,3,Online,Smartphones,Regular,15.805303032064508,7.9,0,65.7656960480619,1.0,0,825.6511860545213,-2488.79,-2.7121549058986365,44,7,0.061353567200854726,0,Bajo,50.65664552806148
REGU_0725,40.75036643931249,5.998474985875866,803.1419964277513,9.475652066072456,12,App,Smartphones,Regular,9.475652066072456,9.5,0,66.9284997023126,59.392054536777565,0,599.8169424356664,-1712.5,-3.3931875587837754,45,6,0.042676609910085886,0,Bajo,25.598153669787376
REGU_0726,8.25583778689576,7.843131510180795,353.76340474412643,8.69544432161592,12,Online,Smartphones,Regular,8.69544432161592,10.0,1,29.480283728677204,6.26346590944274,0,256.3441657481524,-1796.0900000000001,-4.254163378549185,51,7,0.05741135897955796,0,Bajo,14.717066922082484
REGU_0727,30.61063105637592,4.892621460659181,729.0192625429137,15.715424685139972,11,Online,Smartphones,Regular,15.715424685139972,5.2,0,60.75160521190947,43.95471115273975,0,496.7990704251904,-349.1,-0.24950215712102447,48,7,0.04545041208136136,0,Bajo,22.579722472462166
REGU_0728,42.224654691614944,5.719993778208533,806.7509521832378,12.113838466166438,8,App,Accesorios,Regular,12.113838466166438,6.8,0,67.22924601526982,33.041966614850026,0,555.8865905297366,-59.150000000000006,-0.3077351197795513,43,7,0.0481163959219656,0,Bajo,26.74725927764038
REGU_0729,29.04552949110191,5.070404447622842,810.9588576445001,15.74380366667848,11,Online,Laptops,Regular,15.74380366667848,5.8,0,67.57990480370835,31.956507366419487,0,617.815452686147,-393.2299999999999,-0.4771231081308767,44,7,0.03684908704397305,0,Bajo,22.765935393143444
REGU_0730,34.71504005267473,5.4833021462484375,666.7610341946516,16.623977932522994,9,Tienda,Gaming,Regular,16.623977932522994,6.1,0,55.56341951622097,27.51644201346894,0,567.5666561218052,19.61000000000005,0.22984584130934843,54,6,0.040261578243190016,0,Bajo,22.851129333673782
REGU_0731,12.115713367162098,4.943630612826614,892.5490741710566,10.18834616277458,4,Tienda,Accesorios,Regular,10.18834616277458,8.6,0,74.37908951425472,10.435427569792582,0,649.4236459046857,-1141.5800000000002,-2.0080473238789573,44,5,0.07362209999302156,0,Bajo,47.8119325966274
REGU_0732,39.417466705675615,8.80321912802891,971.965743335807,13.664959993927711,11,Online,Laptops,Regular,13.664959993927711,7.3,0,80.99714527798392,26.80925204355764,0,806.2371985797935,-2740.2,-2.645072969464506,43,10,0.01836652018387875,0,Bajo,14.807771780709636
REGU_0733,36.42891881869531,1.4619817869794889,617.0989203470012,11.248556654129809,10,Online,Gaming,Regular,11.248556654129809,8.8,3,51.42491002891677,35.584290420202606,1,507.45322446834194,460.17,0.9066138660677345,76,2,0.6244565703155522,1,Medio,316.88250014706887
REGU_0734,33.05002682797221,3.78908298551131,1336.3063523428434,20.511472814102557,15,Online,Laptops,Regular,20.511472814102557,8.3,0,111.35886269523697,25.028174335509902,0,1890.8504885503887,573.08,0.30056046135720116,52,4,0.0739753285920239,0,Bajo,139.87628620890393
REGU_0735,32.8410964303817,4.602110325320344,1115.180956114747,16.170306554471566,5,Online,Accesorios,Regular,16.170306554471566,9.4,0,92.93174634289558,30.23460738504978,0,1410.269210253079,-291.03,-0.6850733737893777,49,4,0.03879446650201793,0,Bajo,54.710641635990356
REGU_0736,23.74823835912016,6.778501759588098,794.6711787043184,20.650870530196165,10,Tienda,Smartphones,Regular,20.650870530196165,3.2,0,66.22259822535987,27.55602023888394,0,439.3016434833817,-1766.1399999999999,-1.7586061799479886,45,8,0.03185049248855529,0,Bajo,13.991973695977443
REGU_0737,41.14605343144629,2.500665798742074,408.7785477719861,6.951136498323056,5,Online,Accesorios,Regular,6.951136498323056,6.3,1,34.064878980998834,18.56026257335821,0,149.7507378840768,-250.78000000000003,-0.5514881126547544,51,2,0.22178697520679921,0,Bajo,33.21276319029563
REGU_0738,43.503133255724194,5.437262132744142,1185.928469306481,20.065963369735734,7,App,Gaming,Regular,20.065963369735734,8.1,1,98.82737244220677,28.390686421725377,0,1609.9785434910475,-3579.2500000000005,-3.9226641827534534,54,7,0.021155504514412036,0,Bajo,34.05990834493137
REGU_0739,41.40776956902397,2.332695908651229,890.7869877194554,14.329011553572736,12,Online,Accesorios,Regular,14.329011553572736,7.5,0,74.23224897662128,23.532175806379197,0,793.4982856127814,-2516.12,-4.526726537240016,75,2,0.045156152309595216,0,Bajo,35.831329442533445
REGU_0740,65.25236751234361,7.0464281806206905,297.3517492943297,14.134936547257468,4,App,Laptops,Regular,14.134936547257468,4.4,4,24.77931244119414,44.25835644776376,0,153.96171902089543,-4843.71,-18.090078494147424,61,7,0.03578403304748089,0,Bajo,5.509371241490689
REGU_0741,24.67404470725445,4.983180517726566,960.3906981583888,16.144701075822738,8,Tienda,Accesorios,Regular,16.144701075822738,9.3,0,80.03255817986573,28.329254077412998,0,1195.319503404223,-38.569999999999965,-0.2824146222457278,55,4,0.04535044842107493,0,Bajo,54.20827548583812
REGU_0742,28.933634026248683,6.427899460638281,1387.956362996458,11.114687334184858,9,Online,Smartphones,Regular,11.114687334184858,9.4,0,115.66303024970485,17.75724498666489,0,1209.0883328126545,188.08000000000007,0.17881988979189778,49,7,0.06142308600526375,0,Bajo,74.26593665431264
REGU_0743,49.07874909552197,5.001313379360931,551.3218988642952,18.14377157263923,5,Online,Gaming,Regular,18.14377157263923,7.1,1,45.943491572024605,44.90188653668872,0,595.5276503843255,-161.09000000000003,-0.5154552062769371,77,6,0.0923889884866693,0,Bajo,55.02019723485066
REGU_0744,32.79698375636191,8.509406228984629,611.7197504989691,18.363556302043214,6,Online,Accesorios,Regular,18.363556302043214,8.9,0,50.97664587491409,23.40777893879995,0,837.6979839110954,231.36999999999998,0.3446229866327954,47,9,0.051703414177892426,0,Bajo,43.31184581814083
REGU_0745,50.0066869581248,5.441037439416372,1033.6176762646212,16.19489209031881,5,App,Accesorios,Regular,16.19489209031881,9.2,1,86.1348063553851,48.99720118120758,0,1280.855652786998,-1725.76,-1.9427277658473814,55,7,0.02985498653203592,0,Bajo,38.2399282634379
REGU_0746,34.337177057339886,2.2204602012867207,1224.4741341833314,5.028062125294127,7,Online,Laptops,Regular,5.028062125294127,3.6,2,102.03951118194428,42.2089768783223,0,184.89471384408617,579.09,0.9633196925840903,66,2,0.08131636694853925,0,Bajo,15.034966397790871
REGU_0747,53.71018748578822,4.926835603249074,638.4016253652094,9.290069646536594,8,Online,Smartphones,Regular,9.290069646536594,10.0,1,53.200135447100784,32.28660317861764,0,494.2329635087465,-1769.0300000000002,-3.9967452192854056,77,5,0.035537610846569506,0,Bajo,17.56385872472062
REGU_0748,53.19594566426715,4.516986714719327,727.4420682102342,9.46521367209574,5,App,Gaming,Regular,9.46521367209574,7.9,0,60.62017235085285,50.80829051147889,0,450.6268231427975,-1681.3799999999999,-3.8079196083723255,48,4,0.04126980728799831,0,Bajo,18.59728214990615
REGU_0749,50.02590844359332,4.815546580048446,858.3205828559917,13.265680060376948,15,Tienda,Accesorios,Regular,13.265680060376948,10.0,1,71.52671523799931,40.68359963825401,0,948.8505201169876,-1924.15,-4.40251640200825,50,4,0.032500473606851134,0,Bajo,30.838091285909126
REGU_0750,38.541486035634094,5.687720935702076,1135.73626572003,10.478142510501478,5,App,Accesorios,Regular,10.478142510501478,5.7,2,94.64468881000248,41.39710274751227,0,570.1209393732952,-719.51,-1.0967446695324028,54,5,0.038847183393564653,0,Bajo,22.147592688345753
REGU_0751,22.276208119627498,2.58455276673326,1022.9933000166964,15.134147654624076,13,Online,Accesorios,Regular,15.134147654624076,10.0,0,85.24944166805803,21.9872826707068,0,1290.1776376786522,46.38999999999996,0.2642737656734008,50,2,0.09142708693631532,0,Bajo,117.95718304333607
REGU_0752,47.464106157157495,4.701038791599471,1109.9654336436286,17.67367328018777,4,Tienda,Gaming,Regular,17.67367328018777,7.6,0,92.49711947030238,38.25508727159964,0,1248.905018146739,-0.21999999999997044,-0.19484389321971868,49,6,0.03932684206403745,0,Bajo,49.11549040164063
REGU_0753,30.6794987140106,6.400643112874878,1112.712545003068,16.074001878585694,12,Online,Smartphones,Regular,16.074001878585694,10.0,0,92.72604541692232,50.034545240527024,0,1490.478628225432,-2219.3100000000004,-3.26158763856134,57,6,0.024624779030844954,0,Bajo,36.70270687024817
REGU_0754,56.45228877269707,2.0873758376522376,1099.8589199436042,15.88667121084147,6,Online,Gaming,Regular,15.88667121084147,10.0,0,91.65490999530034,33.11912812873587,0,1456.091419954604,1018.9399999999998,0.8643508922285983,80,2,0.028807753142847524,0,Bajo,41.946722179470555
REGU_0755,31.272449121957436,4.741410950286153,553.6884973175356,16.78238552334746,15,Online,Gaming,Regular,16.78238552334746,10.0,0,46.14070810979464,48.270762808642345,0,774.3511518188183,-412.61,-1.658077819144611,47,6,0.06544034530872016,0,Bajo,50.673806765228655
REGU_0756,52.06668299214061,7.92320234787588,994.7992370568354,10.091013377969926,8,Tienda,Gaming,Regular,10.091013377969926,9.2,1,82.89993642140296,62.08138706304512,1,768.9324894270427,373.11,0.3733875334859853,61,9,0.14156609807863552,0,Bajo,108.8547722140781
REGU_0757,32.79213607876443,5.758308315354812,697.9966942073305,11.154188406789247,13,Online,Accesorios,Regular,11.154188406789247,10.0,0,58.16639118394421,19.84569427193594,0,648.7988862087187,-290.19,-0.5985420492729956,44,5,0.059252566783605076,0,Bajo,38.4429993342107
REGU_0758,21.33932681972836,6.63688544147174,888.4723715355468,9.39685816830586,5,App,Laptops,Regular,9.39685816830586,8.4,0,74.0393642946289,19.645803304749386,0,582.1624243821467,-2785.88,-2.2037375688303755,45,8,0.02214736180757001,0,Bajo,12.89336184356352
REGU_0759,22.96922180002933,7.03999290584367,1445.4003506628376,23.721049112960305,5,Online,Laptops,Regular,23.721049112960305,4.4,1,120.45002922190314,17.88832091946441,0,1254.6345069479353,-1004.2900000000002,-1.5934933279202,45,8,0.042664643529135945,0,Bajo,53.528533998286896
REGU_0760,18.78122891693272,6.726045045044785,1067.259898361866,20.514203553667723,8,Tienda,Gaming,Regular,20.514203553667723,9.3,0,88.93832486348884,7.304307301155795,1,1696.463530692254,-2055.4100000000003,-2.8258627440293975,54,7,0.3333928513270018,0,Medio,565.5888136697632
REGU_0761,60.65938779750506,2.5231192353649705,989.1055051051668,14.247761268742574,10,App,Smartphones,Regular,14.247761268742574,7.3,2,82.42545875876391,61.29373116076047,0,857.1022685228239,825.46,0.5534444244695875,65,4,0.12898688387273458,0,Bajo,110.55495077701086
REGU_0762,42.98669099527305,5.43999680635734,1004.8157501119996,22.589346565011404,6,Online,Gaming,Regular,22.589346565011404,10.0,0,83.73464584266662,40.2551378270556,0,1891.5109344384875,-1367.77,-2.4552192014798973,58,7,0.03725070715296298,0,Bajo,70.46011989539545
REGU_0763,33.15429466542757,5.478240565369296,678.7065804160638,21.344038281584787,7,App,Accesorios,Regular,21.344038281584787,10.0,0,56.558881701338656,26.08831066497017,0,1207.1949361969976,-1267.66,-3.514844814312247,44,6,0.06458262504979487,0,Bajo,77.96381792642173
REGU_0764,45.74525507592085,7.270834531556097,635.0779498358283,16.47024650859537,12,Tienda,Gaming,Regular,16.47024650859537,9.0,0,52.92316248631903,46.0832945110742,0,781.9414051178853,-601.5699999999999,-1.2344205166089393,45,8,0.05126241465821213,0,Bajo,40.084204547578075
REGU_0765,55.191771128159566,4.486632304779812,1575.809451267372,15.122398349259552,7,Online,Laptops,Regular,15.122398349259552,5.9,0,131.317454272281,65.6207201377974,0,1178.5126946992473,-422.95000000000016,-0.09680639125429247,52,6,0.021389019375938064,0,Bajo,25.20723086171118
REGU_0766,53.30714501066083,4.0384942962144565,1300.393452667878,9.972090564572824,4,Tienda,Gaming,Regular,9.972090564572824,5.1,1,108.3661210556565,47.72210814677735,0,553.6922544595694,1116.06,0.8496751253644992,66,4,0.03960424381085093,0,Bajo,21.9285630417965
REGU_0767,37.04531598465636,6.090305785617404,1088.5357316281872,11.92788237776079,11,Online,Smartphones,Regular,11.92788237776079,7.5,0,90.7113109690156,35.42574518192621,0,809.3025051339363,-1449.8100000000002,-1.4476535994761042,45,6,0.05121077358581844,0,Bajo,41.44500735284968
REGU_0768,44.3787257555793,5.334334606326853,1197.423437648953,20.440890068783567,12,Online,Gaming,Regular,20.440890068783567,8.8,0,99.78528647074609,60.0591852005394,0,1787.08589215748,-998.8200000000002,-0.8441425731203097,50,6,0.0618092341312665,0,Bajo,110.45841032104497
REGU_0769,60.88659064937285,5.054905484844618,1403.5632069250687,9.1480820094783,7,Tienda,Gaming,Regular,9.1480820094783,5.5,1,116.96360057708904,63.85530758995359,0,588.0908404643737,652.52,0.6543803194621252,61,6,0.04254727979392394,0,Bajo,25.021665533481595
REGU_0770,29.40895597506112,6.293137980722211,1497.884189915607,15.404755111981952,3,App,Laptops,Regular,15.404755111981952,8.3,0,124.82368249296724,15.660792784498684,0,1597.3811861412778,-2589.59,-2.069620748218146,62,10,0.015092156416154289,0,Bajo,24.107926717466235
REGU_0771,37.91655955584379,5.245383671549414,774.8989538329597,11.925860247754942,4,Tienda,Gaming,Regular,11.925860247754942,9.9,0,64.57491281941331,55.9154172008002,0,765.7343598506393,-1098.3400000000001,-1.6806073440319647,48,5,0.054523296586060234,0,Bajo,41.75036160827338
REGU_0772,37.62381758002796,3.709748462237562,1113.9957115948218,13.3334265264237,3,Tienda,Gaming,Regular,13.3334265264237,8.5,0,92.83297596623515,33.487842785221794,0,1050.8339866091676,652.3000000000001,0.9673018462222882,52,3,0.31642518515521656,0,Medio,332.51033878020024
REGU_0773,25.631740674710517,6.866153774235085,395.67130383482777,16.764765424068763,3,Tienda,Smartphones,Regular,16.764765424068763,7.8,2,32.97260865290232,31.75048561507332,0,428.9351201430715,-2074.75,-5.614307847615521,47,6,0.07323767993649977,0,Bajo,31.414213042562345
REGU_0774,33.06791787194478,6.42836538933336,1086.571319427898,13.759203110024504,5,Online,Laptops,Regular,13.759203110024504,7.6,0,90.54760995232483,32.28433606580968,0,941.4153945972372,-535.38,-0.6384013742136012,43,6,0.04064637229262424,0,Bajo,38.26512061080705
REGU_0775,34.49278401878249,4.720777671551526,637.8341438093432,18.92741294914788,6,Online,Smartphones,Regular,18.92741294914788,7.7,0,53.15284531744527,34.265161801771626,0,773.8122147827976,-111.77000000000004,-0.8760427830584285,47,4,0.049786289349788675,0,Bajo,38.52523882757718
REGU_0776,37.617210565352416,5.20768202446399,847.9009176159882,7.460161103146222,6,Online,Laptops,Regular,7.460161103146222,8.0,0,70.65840980133235,33.12714384901121,1,422.32761411718514,-566.8700000000001,-1.3061456568677456,49,5,0.05876880598273676,0,Bajo,24.81968961520497
REGU_0777,46.248151737148405,2.705461344497518,869.9296925097445,8.969530268609402,11,Online,Gaming,Regular,8.969530268609402,6.6,1,72.49414104247872,56.4318004579896,0,430.3805368211363,331.11,0.24495703238405153,44,3,0.07912112661236806,0,Bajo,34.05219294532406
REGU_0778,21.680472371509563,5.43262092283923,744.5189595145662,9.946397082617,11,App,Laptops,Regular,9.946397082617,5.9,0,62.04324662621385,1.3708137284289317,0,364.38864191381447,321.73999999999995,0.5076142263256045,47,5,0.02918145278965139,0,Bajo,10.633389951093163
REGU_0779,42.84671132325229,2.7093188069963663,1479.432500752141,8.877215298874551,10,Online,Laptops,Regular,8.877215298874551,6.2,0,123.28604172934509,30.979745459013905,0,682.1814360650768,800.1300000000001,0.5944890294508921,81,2,0.03833262280804195,0,Bajo,26.149803675330975
REGU_0780,30.56473926517431,6.197240382886217,643.27885163701,14.04143935252619,10,Online,Smartphones,Regular,14.04143935252619,10.0,1,53.606570969750834,23.932293043334997,0,752.7134151686474,-436.6099999999999,-1.2483925755636285,46,7,0.05214044319751493,0,Bajo,39.246811067608334
REGU_0781,31.010320969860885,5.509955539353859,696.5239667517574,18.631361129385745,5,Tienda,Laptops,Regular,18.631361129385745,10.0,2,58.04366389597978,20.14168872806034,0,1081.4324633186884,357.78,0.6528922191270259,52,6,0.04508034329726098,0,Bajo,48.751346699209066
REGU_0782,27.56198603326915,5.7535140926655854,1182.3814120989118,15.928583917502149,5,Online,Accesorios,Regular,15.928583917502149,5.0,0,98.531784341576,19.361296273346746,0,781.7125975844341,574.1000000000001,0.5266190450507472,44,6,0.03735458493708729,0,Bajo,29.200549622858883
REGU_0783,35.14083643666323,5.791157977789995,547.2493080287081,10.400509147769233,4,App,Laptops,Regular,10.400509147769233,10.0,1,45.60410900239234,40.723819470805,0,474.30595285524674,-1844.23,-3.1746474563174822,50,6,0.03592836193456098,0,Bajo,17.041035941900123
REGU_0784,51.94995167904552,4.795446950531256,770.2338590550067,14.676769883573888,9,Tienda,Accesorios,Regular,14.676769883573888,7.1,0,64.18615492125056,50.34951855346153,0,667.0091560954663,-1948.2800000000002,-5.456640582000337,44,4,0.0479425581324837,0,Bajo,31.978125241005788
REGU_0785,44.66287829485288,4.945329019612943,803.2572534948843,16.65981964283277,10,Tienda,Gaming,Regular,16.65981964283277,9.2,0,66.93810445790702,52.8584635470421,0,1023.8378477495256,-157.79999999999995,-0.04454570305011105,50,6,0.048591922142729296,0,Bajo,49.75024898462448
REGU_0786,40.3936363419095,5.619002978215263,875.5493151166727,15.240422242172071,9,App,Accesorios,Regular,15.240422242172071,6.9,1,72.96244292638939,55.66672894385934,0,769.4402826655074,-1130.09,-0.7969297732866727,52,8,0.04648233718748981,0,Bajo,35.76538266449558
REGU_0787,24.224696172317238,4.970478868507596,856.7353330840211,9.574292284188337,8,Tienda,Gaming,Regular,9.574292284188337,7.2,0,71.39461109033509,31.970202455834613,0,493.4217723245063,-988.2900000000001,-1.0038182025283884,49,5,0.08198888923691976,0,Bajo,40.45510303819859
REGU_0788,40.74310844536244,3.960610748345928,832.2936513563186,12.161875926600938,7,Online,Smartphones,Regular,12.161875926600938,5.9,0,69.35780427969321,39.95139368420687,0,497.48019447420313,-1273.97,-3.7368942730891885,61,3,0.050077949100903435,0,Bajo,24.912787857586686
REGU_0789,47.354803085873016,4.443403956648721,822.9337134791699,11.26107447817009,7,Online,Accesorios,Regular,11.26107447817009,10.0,0,68.57780945659749,51.34423078313868,0,772.2598198405016,-1321.34,-1.7707205959609935,57,8,0.03341800185955166,0,Bajo,25.807380095486913
REGU_0790,22.46584500322552,6.536992695847333,789.7413178977716,11.458811813954606,7,Online,Gaming,Regular,11.458811813954606,6.9,0,65.81177649148097,23.16452089000406,0,517.4110133056935,-15.55000000000004,-1.4030683604926775,45,7,0.0562556983714538,0,Bajo,29.107317898593358
REGU_0791,36.12353433746367,4.124457645857114,693.099214206654,12.348340496263823,9,Tienda,Gaming,Regular,12.348340496263823,9.1,0,57.758267850554496,32.83188607504593,0,652.3813916705067,766.18,0.8449694129601284,64,5,0.041502415046361436,0,Bajo,27.075403285632248
REGU_0792,29.808311960844964,2.3039843476951667,790.1623006303009,8.7398331087983,7,App,Gaming,Regular,8.7398331087983,6.0,0,65.84685838585841,15.672368381571928,0,344.3749568776382,168.79000000000002,0.31722509891480766,56,2,0.08814186306726128,0,Bajo,30.3538502929028
REGU_0793,34.71658424697853,6.824248665173381,1059.488065744939,14.99242748525977,4,Online,Smartphones,Regular,14.99242748525977,9.6,0,88.29067214541158,37.5262475788281,0,1267.5952234173735,195.75,-0.1561561642715788,45,7,0.042249837732469944,0,Bajo,53.55569249983802
REGU_0794,64.943628430032,5.048726647528837,667.9566419787476,16.9899465123213,9,Online,Laptops,Regular,16.9899465123213,8.2,1,55.66305349822897,78.06256578571283,0,772.1272430149908,-3107.24,-7.429362297899187,59,5,0.025814129808079754,0,Bajo,19.931792879543714
REGU_0795,24.125382485687663,6.9598311016017504,525.3873578999373,18.92142376631876,7,App,Accesorios,Regular,18.92142376631876,6.6,0,43.78227982499478,24.91561086083621,0,550.4554590390358,-1319.84,-3.517452862051351,49,6,0.11974153496702522,0,Bajo,65.91238159631261
REGU_0796,32.6929472934268,3.858962828022024,1260.7523825404176,15.316705435417717,7,Online,Gaming,Regular,15.316705435417717,4.9,0,105.0626985450348,30.925127573937505,0,787.7530904014654,1075.64,0.7376431551694365,55,5,0.033740691076153594,0,Bajo,26.57933366752114
REGU_0797,59.911449333169706,4.656042368701252,1344.7584252730005,17.53232530964044,11,Online,Smartphones,Regular,17.53232530964044,10.0,2,112.06320210608337,61.19832624433368,0,1964.7285145638373,-577.0300000000001,-1.3247540048189612,49,5,0.06419824254935219,0,Bajo,126.13211772159767
REGU_0798,45.150141856718335,5.704470328700487,638.5939126034223,11.659136414042228,12,Online,Smartphones,Regular,11.659136414042228,7.1,0,53.216159383618525,60.18415854478594,0,439.5140232014476,154.39000000000004,0.2608234983270982,49,7,0.05167586858531923,0,Bajo,22.712268904362954
REGU_0799,49.98441527249646,5.255744461178428,1272.971475466144,29.416056481688443,10,Online,Laptops,Regular,29.416056481688443,8.9,0,106.08095628884534,80.46864106961999,0,2768.97487755718,539.8500000000001,-0.5215814578967941,60,6,0.0380740148409266,0,Bajo,105.425990582265
REGU_0800,20.463675782731265,4.944115286381925,1066.7254006192293,11.396364354250505,11,Tienda,Smartphones,Regular,11.396364354250505,6.4,0,88.89378338493577,14.7954367086763,0,646.782329806422,-222.08999999999995,-1.2899662945266117,50,4,0.05210834039195182,0,Bajo,33.70275380105269
REGU_0801,39.503233388519575,7.577680123354144,1340.0096497145887,8.913780531864328,7,Tienda,Accesorios,Regular,8.913780531864328,9.8,0,111.66747080954906,33.54381286608368,0,975.2585951631286,601.22,0.11970239594010239,43,9,0.05622119464450188,0,Bajo,54.83020330738971
REGU_0802,37.124166348932654,3.1613180156724656,961.4529837253172,20.77955862972116,5,Online,Accesorios,Regular,20.77955862972116,9.8,0,80.12108197710977,51.95834272856942,0,1635.878156595871,1566.79,0.6730594388537848,86,5,0.04366498077482029,0,Bajo,71.43058825770716
REGU_0803,57.26142287642416,5.567339428147266,1069.8776407353257,17.698273871725352,11,Online,Gaming,Regular,17.698273871725352,8.4,0,89.15647006127715,55.05307131696215,0,1324.0429438978338,695.86,0.7693216679128587,58,6,0.030325296743442122,0,Bajo,40.1519951747625
REGU_0804,57.38677880824676,5.097499108745383,732.9985911223378,14.02385927648054,7,App,Accesorios,Regular,14.02385927648054,8.5,1,61.08321592686148,54.00012350693838,0,727.5337666754426,-2429.65,-4.105824511657192,61,5,0.031217683597223718,0,Bajo,22.711918934370352
REGU_0805,35.80711951429877,4.3523772119136925,1076.0125844338154,18.837379589070924,9,Tienda,Gaming,Regular,18.837379589070924,8.4,0,89.66771536948461,29.37283849890578,0,1417.8732330216571,-2812.38,-4.153378079655873,47,6,0.01972337876596057,0,Bajo,27.965250817003213
REGU_0806,42.81431727856617,5.065824555516414,852.0787054598343,6.012959000566266,8,App,Laptops,Regular,6.012959000566266,6.8,0,71.00655878831952,42.476991334709325,1,288.3686251162232,-2210.96,-3.797979732465554,50,7,0.04969219385984835,0,Bajo,14.329669622373297
REGU_0807,11.386038522889042,3.3301005968113864,1235.2998537271003,17.42959169729558,5,App,Accesorios,Regular,17.42959169729558,8.8,0,102.94165447725838,10.99047220328038,0,1574.5743980081293,-874.22,-0.7975818244351597,47,4,0.07147289511649638,0,Bajo,112.53939080195545
REGU_0808,30.79411029609763,3.3724375087466285,1066.758324387116,15.897436383517578,14,Tienda,Laptops,Regular,15.897436383517578,7.6,2,88.89652703225966,33.75450516457326,0,1079.806195172505,-100.37,-0.6041875558108442,63,5,0.04261541198981197,0,Bajo,46.01638587642761
REGU_0809,41.884825786758384,4.727331150829839,844.6344256594506,18.562897233050307,6,App,Accesorios,Regular,18.562897233050307,5.8,0,70.38620213828754,19.23881696940192,0,762.2049341078084,-106.17999999999992,-0.10493349686306214,55,4,0.04062794372255093,0,Bajo,30.966819167982678
REGU_0810,29.468305923428744,5.104869256246822,789.9029425706883,15.108048479366191,12,Online,Laptops,Regular,15.108048479366191,6.4,0,65.82524521422403,37.04109953054402,0,633.5168908321044,153.43000000000004,0.26661154057714287,44,6,0.031842061298515655,0,Bajo,20.17248367152092
REGU_0811,16.910013000778996,6.487780550761786,906.3222405175064,8.768298531895631,6,Online,Smartphones,Regular,8.768298531895631,7.4,1,75.52685337645887,15.576096555397648,0,487.404868947786,-3304.0699999999997,-3.201149515127952,46,8,0.03139243332678614,0,Bajo,15.300824851594307
REGU_0812,42.09269624313955,7.013890890763768,1044.7583430280365,21.024904912698965,11,Tienda,Accesorios,Regular,21.024904912698965,6.1,1,87.06319525233636,23.873519225765925,0,1111.4594142358296,-140.1,-0.1801048258889652,58,7,0.044733693549158064,0,Bajo,49.719684828752335
REGU_0813,44.9233527313136,6.839156878001102,1081.4860451562,19.64194339568085,10,App,Accesorios,Regular,19.64194339568085,6.9,0,90.12383709635,46.89833074381326,0,1213.1380626326136,-1666.68,-1.8439688442137168,54,8,0.03656155992505536,0,Bajo,44.35421997430786
REGU_0814,44.89155293222701,4.380263589142436,835.8573550223153,12.9612769384937,7,App,Gaming,Regular,12.9612769384937,7.0,0,69.65477958519294,48.851283614590784,0,630.7093206836078,-459.59,-0.8119320399337538,47,4,0.031964770085347746,0,Bajo,20.160478426337384
REGU_0815,24.379656412846412,5.157613956812442,573.7335357740737,9.96018882543181,15,Tienda,Gaming,Regular,9.96018882543181,8.7,0,47.81112798117281,23.04933063975689,0,414.9660189057647,-1734.09,-2.734513402369513,49,6,0.04708758982331123,0,Bajo,19.539749688847063
REGU_0816,62.73545437783235,5.319597831468083,665.259404350527,22.06936386465004,8,App,Smartphones,Regular,22.06936386465004,7.1,0,55.43828369587725,76.81337319917802,1,863.6674802127609,279.87,0.5484286187665296,46,7,0.5313900704814585,1,Medio,458.94432318280263
REGU_0817,19.80153405266034,6.75093607607567,244.95779443982724,19.170277259246845,8,Tienda,Accesorios,Regular,19.170277259246845,6.5,2,20.41314953665227,24.622696628427526,0,253.72336128252465,-1504.2800000000002,-7.564807801642451,51,6,0.08283404168280144,0,Bajo,21.016931484377135
REGU_0818,26.138166329828067,5.982371066975366,720.2244176225743,17.81723954395039,6,Online,Smartphones,Regular,17.81723954395039,7.5,1,60.01870146854785,46.89595644467607,0,807.1202279055875,400.32,0.7234822943667811,46,7,0.0495181795239072,0,Bajo,39.967124342805775
REGU_0819,34.24676690607907,3.721869673819559,988.7867546706176,16.528251264884453,4,App,Accesorios,Regular,16.528251264884453,6.0,0,82.39889622255147,29.909889301290697,0,819.2277306164987,920.97,0.8317846342674852,61,4,0.04165793407002468,0,Bajo,34.12733479035804
REGU_0820,41.055719850632926,5.127646845972753,753.7037749066395,10.809368420103771,1,Online,Accesorios,Regular,10.809368420103771,6.4,0,62.80864790888663,33.375610343161746,0,432.6614534734496,-124.82999999999993,-0.34936947854670525,52,6,0.05710516061502494,0,Bajo,24.70720179253148
REGU_0821,16.358526396040816,6.507243724224855,573.6802059596398,17.007693178596025,9,Tienda,Laptops,Regular,17.007693178596025,6.2,0,47.806683829969984,16.095770707412,1,503.3200729723486,-1079.52,-2.5142507514932055,45,7,0.348579684536261,0,Medio,175.44715225746913
REGU_0822,50.8318222236996,5.156069637907355,527.8393163578371,11.952297655825816,7,Online,Gaming,Regular,11.952297655825816,8.8,1,43.986609696486425,43.134346564528336,0,462.4348270373241,119.60999999999997,0.41348463842190264,45,6,0.09155295340324997,0,Bajo,42.337274171788096
REGU_0823,27.50108045092304,4.673348713184057,1157.3873050562886,19.63354236504857,11,Online,Gaming,Regular,19.63354236504857,8.3,0,96.44894208802404,38.31711518593367,0,1565.1226839892108,39.89000000000004,-0.5051014146051032,47,7,0.04581117364093845,0,Bajo,71.70010704560137
REGU_0824,25.403583172316008,6.085467235111917,1119.9912907718442,19.78810047696833,6,Online,Smartphones,Regular,19.78810047696833,10.0,0,93.33260756432036,13.770700014970798,0,1846.7089817993876,533.59,0.43014175925354275,49,7,0.060284628773687586,0,Bajo,111.32816542081066
REGU_0825,36.00304838461373,5.896040719599499,1188.040055881031,18.141473595438036,11,Online,Accesorios,Regular,18.141473595438036,8.9,0,99.00333799008592,46.351902595153504,0,1593.621358430912,203.76999999999992,0.3654952450544403,45,5,0.04633399456143222,0,Bajo,73.83884335452011
REGU_0826,52.563018908563365,3.7602342560485247,632.4865871903901,11.886376652602362,4,Online,Laptops,Regular,11.886376652602362,6.4,0,52.70721559919917,48.17627197378689,0,400.4538988908979,59.470000000000056,0.00810218000423768,71,4,0.04449514894496202,0,Bajo,17.81825587674126
REGU_0827,35.135434677923826,5.047623136435689,820.8307232415078,6.84132300111143,2,Online,Smartphones,Regular,6.84132300111143,9.2,0,68.40256027012565,18.78954120169651,0,428.2767047543368,83.40000000000002,0.031244854262382955,45,6,0.057422328240186456,0,Bajo,24.59264551802895
REGU_0828,40.75202539329595,6.762992516224815,716.3723308487635,22.303284179203807,4,App,Accesorios,Regular,22.303284179203807,6.5,0,59.69769423739695,45.18850584521117,0,864.9348507648853,429.18,0.6686359954178351,43,9,0.043248575126752585,0,Bajo,37.407199873051674
REGU_0829,42.19494353376504,3.709239010242034,798.8297874681473,4.564653771452418,4,Tienda,Laptops,Regular,4.564653771452418,4.5,0,66.56914895567894,26.791058324304267,0,137.7184900142061,-1325.29,-2.1250611285987655,56,3,0.05672602843177151,0,Bajo,7.812222980126497
REGU_0830,28.81014681590591,4.332553074761165,1481.9214150309554,18.8478562422522,8,Tienda,Accesorios,Regular,18.8478562422522,8.6,2,123.49345125257962,19.035539836333182,0,2003.623705553841,8.389999999999986,0.058497935154152435,60,5,0.029929585886653967,0,Bajo,59.96762777990956
REGU_0831,23.37904743548,4.53294613809351,1028.8328676611063,20.00691572830324,6,Tienda,Accesorios,Regular,20.00691572830324,7.5,0,85.7360723050922,23.71696754289782,0,1287.5573380399364,522.03,0.11591696015223207,44,6,0.049109730003635055,0,Bajo,63.23159323534035
REGU_0832,44.95878308557201,5.319011024212677,1259.5019919172178,12.965247920863684,4,Online,Gaming,Regular,12.965247920863684,8.5,0,104.95849932643482,40.17740038239132,0,1153.1807390060892,-309.23,-0.37900299206837035,52,5,0.0418574327006186,0,Bajo,48.269185174597
REGU_0833,35.82804200884474,3.773627619833464,686.2448111557039,11.39860711706034,6,Tienda,Laptops,Regular,11.39860711706034,9.4,0,57.18706759630866,24.111407665425062,0,614.827011442133,-2736.58,-3.320797577057275,48,6,0.030743935783718115,0,Bajo,18.90220215787226
REGU_0834,36.053853378245485,1.843873434484652,743.7593745476325,18.17965219342458,10,Online,Accesorios,Regular,18.17965219342458,8.3,1,61.97994787896938,48.627560739357605,0,938.0608468892914,392.85,0.8892032593933907,66,1,0.05767360079392496,0,Bajo,54.10134680390416
REGU_0835,31.723411009818108,1.0,968.838799963916,20.78923425729787,6,Online,Gaming,Regular,20.78923425729787,5.9,1,80.73656666365966,23.394807479775817,0,985.6379075396296,2732.88,0.8073873536833597,50,3,0.09245011034406357,0,Bajo,91.12233331133069
REGU_0836,31.193721570214304,4.20451812198951,926.5108599762316,6.461569794315775,8,Tienda,Smartphones,Regular,6.461569794315775,7.5,0,77.20923833135262,19.435991875656995,0,373.072755170849,423.2700000000001,0.6671669939507714,48,5,0.0853635788239466,0,Bajo,31.8468255430937
REGU_0837,37.03622109029301,5.300592177314528,1311.2125718149518,17.897889235569235,5,Online,Gaming,Regular,17.897889235569235,8.4,0,109.26771431791263,18.57099840215912,0,1645.8519297742257,1150.48,0.8508639659216616,53,7,0.031267400253040666,0,Bajo,51.46151104549009
REGU_0838,44.582836811258346,4.546728648949127,1334.062056389936,11.296520312306836,9,Tienda,Smartphones,Regular,11.296520312306836,10.0,0,111.17183803249468,43.76939042852403,0,1255.8549264905616,767.6,0.6440779899428409,45,4,0.03131896593162476,0,Bajo,39.33207765782102
REGU_0839,35.0524430189956,4.256953059815082,1006.2973061992566,21.861849154681508,9,Online,Laptops,Regular,21.861849154681508,8.7,0,83.85810884993805,31.360268019990052,0,1588.059619255822,1024.24,0.8358511668688646,44,6,0.035707193623006915,0,Bajo,56.70515230964628
REGU_0840,53.21725076474165,6.381198279133928,1119.2351834125616,9.839713433063071,9,Online,Laptops,Regular,9.839713433063071,8.7,0,93.26959861771348,59.00335605020024,0,794.6153577479971,-1451.27,-0.9135750704044131,44,7,0.04125097241464101,0,Bajo,32.77865620271273
REGU_0841,23.855164213606585,3.8736494510662727,1080.3987900881268,20.761068315343344,10,Online,Laptops,Regular,20.761068315343344,8.8,0,90.0332325073439,19.99838577517132,0,1641.6631944785038,706.61,0.07549050653419069,48,6,0.06237727703011325,0,Bajo,102.4024798721263
REGU_0842,18.28223178142153,6.845917001362586,729.8127180427227,12.985995233779844,5,Tienda,Accesorios,Regular,12.985995233779844,9.2,1,60.81772650356023,9.29201074914976,0,723.3961427465711,-609.8,-1.366263171895715,53,6,0.04934987802591349,0,Bajo,35.69951140895959
REGU_0843,26.556362670689246,6.11331494363975,1090.5230655206544,16.950860964400427,10,Tienda,Gaming,Regular,16.950860964400427,9.6,0,90.8769221267212,17.640831944624335,0,1476.5562368489411,308.79,0.7021635590471655,66,6,0.03620768652707842,0,Bajo,53.46268536342902
REGU_0844,26.06589872437092,4.995787237894259,1386.9304477259798,8.13371891818594,8,Tienda,Laptops,Regular,8.13371891818594,7.4,0,115.57753731049831,33.01002557478336,0,699.6905368621289,-2054.13,-1.444652520055384,44,7,0.0393373583504153,0,Bajo,27.523977382940025
REGU_0845,28.277567691917252,3.679389046120399,934.3929656312172,16.15299009446955,2,App,Laptops,Regular,16.15299009446955,7.6,0,77.86608046926811,29.096240973108262,0,950.0513988250136,-778.1,-1.2525128888739943,47,4,0.0631422743034765,0,Bajo,59.98840602701057
REGU_0846,38.46624978721563,7.377794518085472,1122.461490954795,12.896168502936398,14,Online,Gaming,Regular,12.896168502936398,7.6,1,93.53845757956624,40.178939168771166,0,921.4192743563272,-38.12000000000003,-0.20824976840484438,44,7,0.05378594124661401,0,Bajo,49.55940295402713
REGU_0847,23.924277219510877,5.140859722490674,1025.0437623211303,5.10335152501799,5,Tienda,Gaming,Regular,5.10335152501799,5.6,1,85.42031352676086,36.478442525477234,0,245.9767531712421,-54.74000000000001,0.024527237567723847,47,5,0.05490148667447283,0,Bajo,13.504489436461041
REGU_0848,39.95396534835755,3.9308693154381738,1054.2915074557095,14.446736585237256,7,Online,Laptops,Regular,14.446736585237256,7.5,0,87.85762562130913,43.55074860540919,0,952.6277106103056,147.39999999999998,0.31596202038502874,47,4,0.06145589625883462,0,Bajo,58.544589756558075
REGU_0849,38.98066335947946,6.017911488605286,1019.502321221625,9.59296076019362,10,App,Laptops,Regular,9.59296076019362,10.0,0,84.95852676846876,59.5209053432813,0,815.00381353378,-2490.04,-2.570133903766828,56,6,0.017809872963618766,0,Bajo,14.515114383901457
REGU_0850,39.32546812916966,6.921280404654379,1030.5200948452457,26.28698379041044,10,App,Smartphones,Regular,26.28698379041044,5.7,0,85.87667457043712,25.784361841701458,0,1297.5261868697285,-514.2,-0.954234743963575,61,7,0.054786903444747986,0,Bajo,71.08744191706384
REGU_0851,36.008122291092214,3.8161301076707046,1060.4772305410506,15.850051094901048,14,Online,Smartphones,Regular,15.850051094901048,9.2,2,88.37310254508755,47.45392524472175,0,1295.6317270656632,-554.2600000000002,-0.48034288509727097,46,5,0.08384422407994666,0,Bajo,108.63123684918175
REGU_0852,51.96348746670167,6.981749839392633,901.5963279239392,2.0852173966169616,7,Online,Gaming,Regular,2.0852173966169616,8.9,1,75.13302732699493,40.86228851642368,0,138.91250150526798,-447.55,-0.9487148778127198,46,7,0.06783275651118736,0,Bajo,9.422817890966792
REGU_0853,34.64590881657114,7.195153481391492,986.752708403216,20.68529430022761,7,Tienda,Accesorios,Regular,20.68529430022761,9.2,1,82.22939236693466,22.72199496494254,1,1567.7833538849577,-2377.8100000000004,-3.622959890205931,43,9,0.13469303423416829,0,Bajo,211.1694969565858
REGU_0854,57.36557839882347,5.3801669736327336,656.0682345743869,15.72981754208846,7,Online,Laptops,Regular,15.72981754208846,8.8,2,54.67235288119891,66.34104045585373,0,753.2560552634004,458.99,0.8341128127635563,45,6,0.035744532210894846,0,Bajo,26.924785330414203
REGU_0855,35.10648150622895,7.635911325608216,745.9894997528372,13.643643402715218,9,Online,Accesorios,Regular,13.643643402715218,5.7,1,62.16579164606977,42.96141156525675,0,480.9260164754401,-1437.5699999999997,-2.245442931408061,45,8,0.04269620086515971,0,Bajo,20.5337138007165
REGU_0856,48.45421747604362,4.269861080208964,1043.688468300627,16.687121379451327,9,Online,Accesorios,Regular,16.687121379451327,7.4,0,86.97403902505225,51.54906842432597,1,1075.487529268595,-2154.88,-2.157707003127589,47,7,0.5341561604458674,1,Medio,574.4782892415252
REGU_0857,26.88874802235408,6.983822694247492,735.1404533011723,22.08417041069401,5,App,Smartphones,Regular,22.08417041069401,9.0,0,61.26170444176436,35.713372844927164,0,1216.0833012478415,-1855.84,-3.9324078409520453,49,7,0.03735967498348654,0,Bajo,45.43247688746471
REGU_0858,27.26629075741541,3.774444603525803,999.0609625588488,15.435725013582974,7,Online,Laptops,Regular,15.435725013582974,10.0,1,83.2550802132374,3.542940947454394,0,1285.1025241553257,641.22,0.36693191819343707,49,4,0.11514450983561451,0,Bajo,147.97250023237595
REGU_0859,34.44747518753949,3.0402010375067,809.9445930587831,19.0844895565328,7,App,Smartphones,Regular,19.0844895565328,6.1,0,67.49538275489859,40.29737234278052,0,788.2823729519102,-1185.3700000000003,-0.938547228226138,51,5,0.06474871469424266,0,Bajo,51.04027046476383
REGU_0860,46.79244857714608,3.5578875297772856,844.0403485547118,12.14631198228813,5,App,Laptops,Regular,12.14631198228813,10.0,0,70.33669571289265,48.96087464352696,0,854.3314499320622,-1439.5200000000002,-3.2659905806715988,63,3,0.031179329687495635,0,Bajo,26.63748193982794
REGU_0861,24.60115334689404,5.523518402942119,1771.4309284204603,18.47583008809128,5,Tienda,Gaming,Regular,18.47583008809128,8.0,1,147.61924403503838,3.325931744319675,0,2176.81863468642,218.48000000000013,-0.5706188307761317,44,6,0.04077666754766997,0,Bajo,88.76340977818099
REGU_0862,47.13882348607902,5.368172931281874,931.3122657280442,7.52456374016533,10,Online,Laptops,Regular,7.52456374016533,10.0,0,77.60935547733702,43.56704959241275,0,583.9765421223717,-1001.7700000000002,-1.2051439238569472,65,6,0.05683151936142528,0,Bajo,33.188274160245754
REGU_0863,31.947506995681252,6.1052556861577685,987.0143534727036,11.784247949386724,10,Online,Smartphones,Regular,11.784247949386724,7.7,0,82.2511961227253,35.37978316186468,0,743.6450891983212,-1520.17,-3.799797822516978,54,6,0.04026792092805138,0,Bajo,29.945041650371714
REGU_0864,28.49340915857013,4.179217846796278,922.8047166610544,21.198392062402828,6,Tienda,Laptops,Regular,21.198392062402828,10.0,0,76.90039305508786,17.9543764448755,0,1630.1646817346325,1147.4299999999998,0.5415648379228395,69,6,0.04377042765929065,0,Bajo,71.3530052745963
REGU_0865,40.97977304543885,6.046710703600482,983.4082982971836,9.262547924631123,9,Online,Laptops,Regular,9.262547924631123,5.0,0,81.95069152476529,41.79226344451891,0,383.12418107097466,50.749999999999986,0.3882046967031285,43,6,0.04866122939040412,0,Bajo,18.64329366010542
REGU_0866,43.12617467273418,6.486475795763446,1185.5733072008327,19.768760327929,9,Online,Gaming,Regular,19.768760327929,5.9,1,98.7977756000694,65.06249459802116,0,1151.178581484408,-172.86000000000007,-0.4856475300715359,43,6,0.04480222945736104,0,Bajo,51.57536695406383
REGU_0867,48.41158929924749,5.752778074039837,1221.715872430459,6.417512114280671,4,App,Smartphones,Regular,6.417512114280671,7.7,0,101.80965603587158,39.99050566520823,0,506.28919962742594,-1082.17,-0.9412731582044344,59,7,0.06011548302657089,0,Bajo,30.435819786738683
REGU_0868,33.30077555931755,3.614303252869225,613.3536242574875,17.876209429724952,13,Online,Gaming,Regular,17.876209429724952,8.9,0,51.11280202145729,44.410820237336345,0,809.3607789349699,-218.08,-0.24451677889945866,53,3,0.06414385961861216,0,Bajo,51.9155241848153
REGU_0869,34.06510344402418,6.415552451599762,1326.6321590780667,11.370409570031107,8,Online,Laptops,Regular,11.370409570031107,8.8,0,110.55267992317222,47.95484925843084,0,1100.3776762422872,-246.51999999999992,-0.4341663014492143,54,8,0.04410916967955305,0,Bajo,48.53674563296334
REGU_0870,46.195105369391406,7.74441187566842,913.1062089007016,14.21555212320411,9,App,Smartphones,Regular,14.21555212320411,8.6,0,76.09218407505846,32.67370489016962,0,932.701373489238,-655.71,-1.0096543018050372,57,8,0.048439356215237504,0,Bajo,45.17945407288648
REGU_0871,28.29420449915846,6.003446722577273,770.36432330524,24.16059803788651,6,Online,Gaming,Regular,24.16059803788651,8.1,0,64.19702694210334,30.2626837648098,0,1259.4306095550548,-1279.22,-2.438450863601735,50,7,0.04735443524050088,0,Bajo,59.6396252400794
REGU_0872,18.54059493148149,4.519481729256864,584.0490216885984,16.449360983035653,6,Online,Gaming,Regular,16.449360983035653,6.4,1,48.6707518073832,15.411310037261355,0,514.2148195463132,-1571.52,-7.028113761571114,58,4,0.0514123368391884,0,Bajo,26.436985510217532
REGU_0873,19.08955893530623,2.985920502743308,1070.5126820750777,18.34790286740153,10,Online,Smartphones,Regular,18.34790286740153,7.4,0,89.20939017292312,6.172071938077849,0,1210.7483638813464,989.9200000000001,0.8924693906251308,49,5,0.15585845796458309,0,Bajo,188.70537297768857
REGU_0874,41.81068892493683,3.6084622057519127,996.903342854207,19.78045531591611,6,Online,Laptops,Regular,19.78045531591611,6.9,0,83.07527857118392,44.3477488595074,0,1132.115204982257,-256.5799999999999,-0.025133514414659126,47,6,0.04968810022068076,0,Bajo,56.252653766514925
REGU_0875,25.54028882270044,3.694755263330147,280.00387850888285,13.53216581704557,10,Tienda,Gaming,Regular,13.53216581704557,10.0,3,23.333656542406903,54.40702782665839,0,315.75490944984045,36.89,0.320052599758162,48,3,0.08044882786560527,0,Bajo,25.402112358049994
REGU_0876,43.33679425871291,5.073480805279914,1141.3755027195075,15.65578257139327,10,App,Smartphones,Regular,15.65578257139327,6.7,1,95.11462522662563,39.75974210721491,0,1004.969674494982,1051.45,0.5980416479733605,48,6,0.03635571861064926,0,Bajo,36.53639469817535
REGU_0877,19.81977286023844,4.787785694801604,962.4109408918796,13.911740546074666,7,App,Smartphones,Regular,13.911740546074666,8.4,0,80.20091174098998,27.71325558863096,0,938.625247001812,493.6700000000001,0.5216969862207498,43,7,0.0461461179589633,0,Bajo,43.313911367406675
REGU_0878,26.126074963733767,6.290416136938006,652.19734381987,9.48208444747396,6,Online,Accesorios,Regular,9.48208444747396,8.8,0,54.34977865165583,14.248473109243038,0,454.99343256356497,-267.25,-1.3817221657150855,52,7,0.08213202628419104,0,Bajo,37.36953256244502
REGU_0879,42.4912298520899,6.71732243554721,1082.96350511845,14.806426155267449,10,Tienda,Smartphones,Regular,14.806426155267449,6.7,0,90.24695875987084,32.63361390023182,1,901.2337677137024,-1669.07,-1.9614279548240294,51,7,0.33644331744260025,0,Medio,303.2140786008918
REGU_0880,41.26076260635924,6.632495124078357,1383.9702248725448,17.985410579674745,4,Online,Gaming,Regular,17.985410579674745,9.6,0,115.33085207271206,49.34792893355535,0,1990.051722273371,-2754.02,-2.7351002570778036,50,7,0.02323204264827516,0,Bajo,46.23296648412839
REGU_0881,11.538966632982202,3.6235760163405017,1305.0677713168657,15.935344689883,6,Tienda,Smartphones,Regular,15.935344689883,9.8,0,108.7556476097388,1.3450196324616197,0,1695.2554272496818,-913.1799999999998,-1.8834820449272336,47,5,0.0821872350759505,0,Bajo,139.3283563131505
REGU_0882,20.597596466029287,4.748480650339091,1229.480670419179,19.04773649787782,3,Online,Gaming,Regular,19.04773649787782,8.6,0,102.4567225349316,11.456156785115237,0,1670.533878587089,1015.84,0.7214987048740763,48,6,0.042947244247895575,0,Bajo,71.74482650806404
REGU_0883,33.22413502972576,7.56464487749686,1240.7473989193345,14.234597477592986,4,Tienda,Gaming,Regular,14.234597477592986,7.3,0,103.3956165766112,31.92834782537989,0,1079.9671656531098,-813.85,-1.4829436359067565,56,9,0.048140851926125,0,Bajo,51.99053940678327
REGU_0884,39.541031101859225,5.255543851381377,776.5786527008152,12.065868482298542,4,App,Smartphones,Regular,12.065868482298542,10.0,0,64.71488772506792,37.12386167767263,1,780.841324137386,-1030.75,-0.7792154969433887,47,7,0.05735382353105425,0,Bajo,44.78423551033036
REGU_0885,24.496734817099977,3.106321397503008,982.6687249731548,18.584609761927556,10,Online,Laptops,Regular,18.584609761927556,6.6,1,81.88906041442957,29.049250907905417,0,997.1859329470032,394.58000000000004,0.36260017803501693,66,4,0.04278995982988443,0,Bajo,42.669546013728095
REGU_0886,25.012248031585976,3.6129787724736544,1396.150263853467,18.9987630283394,6,App,Gaming,Regular,18.9987630283394,9.4,0,116.34585532112229,28.24229414059025,0,2080.586354742637,99.08000000000004,0.045190009200623237,49,4,0.05768652018756664,0,Bajo,120.02178675483682
REGU_0887,45.09297846327699,6.8430920828433806,1204.2663859925383,15.62779261236789,6,App,Smartphones,Regular,15.62779261236789,6.8,0,100.35553216604484,36.61456672205593,0,1067.2765855217565,-1697.6200000000001,-2.471082238902809,45,6,0.034162782521467684,0,Bajo,36.461137881434375
REGU_0888,26.38259637087889,8.986882839777698,1019.9721400859136,7.900227639944712,7,Tienda,Accesorios,Regular,7.900227639944712,6.9,0,84.9976783404928,35.16383302611152,0,466.5449565947627,-231.87000000000006,-0.5100689927522218,50,10,0.055074379643042744,0,Bajo,25.69467406004686
REGU_0889,43.850336761598456,5.412873031352547,553.9181055379007,22.121417071369287,8,Online,Smartphones,Regular,22.121417071369287,4.9,0,46.1598421281584,39.60579132607912,0,500.42293020293175,-1803.44,-4.092317318071079,48,5,0.046056001484673724,0,Bajo,23.047479216391
REGU_0890,49.83704938167503,4.326453645711614,937.4287078356268,16.078076208010465,12,Online,Gaming,Regular,16.078076208010465,6.6,0,78.11905898630225,56.62905372599459,0,829.1622233833381,-718.7700000000001,-0.467224386762852,61,6,0.031036201879976903,0,Bajo,25.734046156175786
REGU_0891,25.83814850343649,2.4004793172629912,955.524830887734,8.804883698450684,3,Online,Laptops,Regular,8.804883698450684,6.8,0,79.6270692406445,19.92441338594448,0,474.4007728826079,1391.1499999999999,0.691058649267925,57,4,0.08091358117947259,0,Bajo,38.38546544824143
REGU_0892,46.54786229038503,4.448784196697521,1406.4729447907132,20.386536448125145,2,Tienda,Accesorios,Regular,20.386536448125145,10.0,1,117.20607873255943,36.46284715501975,0,2389.425996023148,-547.2,-0.8742842269567362,83,4,0.026898110657539522,0,Bajo,64.27104484903222
REGU_0893,34.85890329927343,5.267436411688488,940.1650110181598,23.96530495905241,10,Tienda,Smartphones,Regular,23.96530495905241,9.9,1,78.34708425151332,36.56119108155605,0,1850.6672740681688,-49.229999999999976,-0.22100856538300154,59,5,0.0515814830980887,0,Bajo,95.46016271753314
REGU_0894,63.547606662252335,4.891032037932361,1402.515427634833,16.71795240256498,3,App,Laptops,Regular,16.71795240256498,4.5,4,116.87628563623608,52.66264393168022,0,881.1567092736178,-528.9899999999999,-0.22104148495752063,65,7,0.07048542494324841,0,Bajo,62.10870509474535
REGU_0895,28.98871355364102,3.6157805750263488,1376.615613936702,12.294094227332696,8,App,Gaming,Regular,12.294094227332696,10.0,1,114.71796782805848,28.290249553642543,0,1410.3535060462718,-246.64000000000004,-0.18659251200592664,48,3,0.05111376984364086,0,Bajo,72.08848450622109
REGU_0896,50.52680952244697,2.360103784389245,1399.421632615717,11.818005094722649,8,Online,Accesorios,Regular,11.818005094722649,7.5,0,116.61846938464308,49.70503846868525,0,1029.7064630968243,513.88,0.48129045470826287,67,3,0.05716871463278048,0,Bajo,58.86699494431206
REGU_0897,27.64095422419914,4.491637181486249,1312.5850646897657,9.389247192567929,12,Online,Smartphones,Regular,9.389247192567929,7.5,0,109.38208872414714,36.56414985769933,0,769.7502487618591,-2270.3199999999997,-2.007551360788593,54,7,0.027873398792983735,0,Bajo,21.455555654737733
REGU_0898,21.135143950588244,4.223837510867715,643.4910198281566,12.102588462514138,5,Online,Accesorios,Regular,12.102588462514138,10.0,1,53.62425165234638,27.590615234526453,0,648.9922493586421,-10.54000000000002,-0.41325629044404905,45,5,0.05492675376612798,0,Bajo,35.64703747664767
REGU_0899,38.553603078627255,4.117770312019147,1312.6998665771848,9.414291193976936,10,Online,Gaming,Regular,9.414291193976936,9.4,0,109.39165554809874,22.74132429730988,0,965.6526265328991,-2173.25,-2.266193023338799,58,4,0.03347700290636574,0,Bajo,32.32715578498157
REGU_0900,32.622109056294434,4.838187926885771,618.8413713811506,13.778350779937554,10,Online,Accesorios,Regular,13.778350779937554,10.0,0,51.57011428176255,25.41512231341908,0,710.5511243355918,-2840.27,-7.087159787786331,44,5,0.027005639199007034,0,Bajo,19.18888729625578
REGU_0901,47.55978033010136,3.857108233918576,753.9746566245981,6.684722425597403,7,Tienda,Smartphones,Regular,6.684722425597403,5.9,0,62.83122138538317,56.96487559612248,0,246.8975037078289,341.06,0.4658435052260724,69,4,0.06281680783741656,0,Bajo,15.50931304595253
REGU_0902,35.59157930791289,3.052389261659251,772.7433367892984,18.44368003217293,6,Tienda,Laptops,Regular,18.44368003217293,7.8,0,64.39527806577486,50.47162428897065,0,924.9391285134363,276.37,0.682158081146888,62,3,0.04627400953628554,0,Bajo,42.80064205331439
REGU_0903,48.866357316289495,4.8812882911312485,799.5827057231396,15.344987805812424,9,App,Accesorios,Regular,15.344987805812424,7.8,0,66.63189214359497,38.541100784564165,0,793.1655069639609,88.94,-0.11862330299711177,50,4,0.043141813103354666,0,Bajo,34.21859806146676
REGU_0904,44.99139700137769,8.148421358463768,984.5090887997346,21.798100029915798,7,Online,Accesorios,Regular,21.798100029915798,7.5,0,82.04242406664456,45.62503956511002,0,1332.8957577340063,-2115.4700000000003,-2.231623793342389,44,9,0.042933706866735206,0,Bajo,57.22615574646674
REGU_0905,17.302657505139262,4.7532282023057455,735.7069065270736,17.459072005439815,7,Online,Smartphones,Regular,17.459072005439815,10.0,0,61.30890887725613,22.82677395609107,0,1069.193745809251,218.18,0.3135750000294447,54,4,0.04166962059057459,0,Bajo,44.552897725686734
REGU_0906,20.51326512824804,7.173992911927526,1359.0280604538189,16.646678314360457,9,App,Gaming,Regular,16.646678314360457,7.4,0,113.25233837115157,11.89307166499771,0,1395.6744874832154,-748.1100000000001,-3.382823619419434,49,8,0.06917329737574238,0,Bajo,96.5434063624133
REGU_0907,40.20478872833623,5.918362702171664,722.2051037141003,10.420940979122378,7,Online,Smartphones,Regular,10.420940979122378,8.7,1,60.183758642841696,51.19156758180394,0,542.519911593095,-2447.62,-3.74495661573018,53,9,0.03504362402310673,0,Bajo,19.01186380691752
REGU_0908,34.33738508392555,8.108451682140128,1000.6397792399752,18.846790207738216,4,Online,Smartphones,Regular,18.846790207738216,7.4,0,83.38664826999793,44.95570994546252,0,1165.076896453368,-2623.4700000000003,-5.84429166694675,43,9,0.027114475787055458,0,Bajo,31.590449298942563
REGU_0909,45.84479341158092,7.094887343783372,1387.045114517315,19.78963432668119,8,Tienda,Accesorios,Regular,19.78963432668119,10.0,0,115.58709287644292,55.26895845454364,1,2287.4263009089414,-2490.04,-3.402499425309254,46,8,0.4278337453134185,0,Medio,978.638161446291
REGU_0910,41.200166230071765,4.654339983189716,1421.0792109941276,16.756676755329032,3,Tienda,Laptops,Regular,16.756676755329032,9.4,0,118.42326758284396,57.56117374316667,0,1864.9299190157535,1077.96,0.8098818898245266,50,5,0.025121579016171198,0,Bajo,46.849984320176006
REGU_0911,38.14202384685844,5.05772829251139,796.9015538196714,15.615968306823987,12,Tienda,Laptops,Regular,15.615968306823987,7.9,2,66.40846281830595,39.49554221406255,0,817.0964299960049,-1172.49,-1.574476996795179,49,6,0.04636710282870541,0,Bajo,37.88639419059285
REGU_0912,44.35501095395644,6.493333694952815,1173.6034589836668,16.348946599469414,8,Tienda,Smartphones,Regular,16.348946599469414,8.2,0,97.80028824863888,30.59081270603104,0,1313.1573586576212,423.8,0.3128659869223124,45,7,0.04629129258647992,0,Bajo,60.78775150170909
REGU_0913,50.854533512930914,2.5791478167815125,1323.066127368765,13.73179773053749,6,Online,Smartphones,Regular,13.73179773053749,6.8,0,110.25551061406372,70.27576547746925,0,1025.4552729214738,237.31000000000006,0.45237232886635287,92,2,0.04745144500890411,0,Bajo,48.65933449212407
REGU_0914,35.93950917808125,4.444765627596271,1111.9695579299416,18.821529561764493,10,App,Smartphones,Regular,18.821529561764493,5.3,0,92.66412982749512,39.01817525688675,0,928.1300121695411,-1369.21,-0.6001080850889295,58,6,0.023561236475438233,0,Bajo,21.867890696677925
REGU_0915,31.725400366884468,3.7408732840104233,977.5517198085312,6.882064571825808,14,Online,Smartphones,Regular,6.882064571825808,6.9,0,81.46264331737758,44.468536597313474,0,388.33047716441513,559.4300000000001,0.8181099316515512,69,3,0.07611179124822326,0,Bajo,29.556528213260894
REGU_0916,20.48396977502706,6.268921887154059,981.3664946146346,7.82951337001765,9,Online,Gaming,Regular,7.82951337001765,5.3,0,81.78054121788621,18.193540322242526,0,338.8759865967162,-1044.85,-1.9566597431739225,46,7,0.07670877404816864,0,Bajo,25.994761486197728
REGU_0917,24.598170456870257,5.124740125098945,1239.3223105885093,3.722395138341559,9,Online,Gaming,Regular,3.722395138341559,6.6,0,103.27685921570912,16.43273332080427,0,255.0804111943544,699.0,0.696447116256403,49,5,0.06745516952833074,0,Bajo,17.20649238047149
REGU_0918,48.40150170689594,5.458889536413283,1083.6619780480414,20.314248659012748,3,App,Smartphones,Regular,20.314248659012748,7.9,0,90.3051648373368,32.19676501351101,0,1440.652992108846,597.7,0.521874998430904,60,5,0.04634412243265322,0,Bajo,66.76579864926056
REGU_0919,11.194853486563469,4.219686479818878,974.2165081189688,24.22699840625189,11,App,Accesorios,Regular,24.22699840625189,7.9,0,81.18470900991407,8.867509309421303,0,1553.8502772089228,-1842.19,-1.0615261028117142,46,7,0.03360497485816758,0,Bajo,52.217099498962575
REGU_0920,27.819779106850078,3.911820849966362,844.1121844504731,16.18842214018551,13,Online,Laptops,Regular,16.18842214018551,8.3,1,70.34268203753943,34.472831730173844,0,940.50214985304,-1261.3500000000001,-1.5435213710616804,64,3,0.041786570971074674,0,Bajo,39.300359833282364
REGU_0921,20.675285068690904,5.036031541624767,737.4132255064425,13.005718014445527,7,Tienda,Accesorios,Regular,13.005718014445527,5.1,1,61.45110212553687,14.42043511836126,0,405.1330297068755,222.35000000000008,0.07139338005337832,46,8,0.04124863238053334,0,Bajo,16.7111834075906
REGU_0922,29.36927534505626,5.222000252289393,514.4414038106265,14.256068247141693,7,Online,Gaming,Regular,14.256068247141693,9.1,0,42.87011698421888,34.165547394012776,0,553.380170048127,-962.04,-2.111330648875632,44,5,0.11303098293865682,0,Bajo,62.54910455930085
REGU_0923,22.15094748393797,6.449139283034481,1090.0702234197383,5.068546940647895,9,Tienda,Laptops,Regular,5.068546940647895,6.8,1,90.8391852849782,45.26124121534468,0,314.79853604967354,421.94999999999993,0.45002101036815567,43,9,0.05526393897291374,0,Bajo,17.397007085011744
REGU_0924,32.073522595672095,2.5071837293589723,838.8951126511371,16.27453514758532,7,App,Gaming,Regular,16.27453514758532,9.8,1,69.90792605426142,43.90077873395181,0,1110.607311956244,-2265.78,-1.455162464648645,51,5,0.05137170232052735,0,Bajo,57.05378822481723
REGU_0925,39.98177279515803,5.339782310362502,1217.2401452461672,10.665707089159822,13,Tienda,Accesorios,Regular,10.665707089159822,10.0,0,101.43667877051394,31.740773852286026,0,1081.893903863498,-1489.66,-1.063860551768703,56,5,0.03789111733127552,0,Bajo,40.994168851283526
REGU_0926,39.56064679986203,5.519390288910082,1116.1325738964388,10.372984309300154,5,Online,Accesorios,Regular,10.372984309300154,6.1,1,93.01104782470324,29.10939195719338,0,584.7389955011986,-973.4200000000001,-0.3939070001218137,52,7,0.05633732639979039,0,Bajo,32.942631648236585
REGU_0927,43.363167619553096,1.371836799395869,977.7720878262082,9.775374826888742,15,Tienda,Accesorios,Regular,9.775374826888742,10.0,1,81.48100731885069,61.885246500139296,0,796.4591703344738,1043.2199999999998,0.9165070169255272,47,2,0.09088867473020915,0,Bajo,72.38911846842223
REGU_0928,46.268532431233446,3.680760785855079,1055.4865712459457,17.78592407933896,2,Online,Smartphones,Regular,17.78592407933896,8.1,0,87.95721427049546,38.92705785821343,0,1264.3576142673846,835.36,0.5462100340255948,69,3,0.05079656059416721,0,Bajo,64.2250181658299
REGU_0929,46.9754518657106,4.395027849017438,1252.9099064122918,9.83678650938971,10,Tienda,Smartphones,Regular,9.83678650938971,8.3,0,104.40915886769098,58.88534982785155,0,856.4395143512183,218.83999999999992,-0.8240472651115893,77,4,0.04242977761023257,0,Bajo,36.33853813053778
REGU_0930,30.166914742349743,3.556440730877367,1246.2928471241937,11.281099601789483,9,App,Accesorios,Regular,11.281099601789483,10.0,0,103.85773726034948,10.89061515935406,0,1171.6294784504853,1418.8,0.9538033714104225,64,4,0.05254393663114857,0,Bajo,61.56202507088795
REGU_0931,43.008263413456135,5.271668433334145,1200.467603385272,15.000802537035424,8,App,Accesorios,Regular,15.000802537035424,7.1,1,100.03896694877268,30.232469371954217,0,1061.7459322855134,-427.46000000000015,-0.5542878949509376,65,6,0.039052339661201106,0,Bajo,41.4636627815125
REGU_0932,57.81348566048968,4.20110901969074,689.4248484711316,14.52537345509054,7,App,Gaming,Regular,14.52537345509054,6.5,0,57.45207070592763,64.95822577965774,0,543.2080203462027,289.9000000000001,0.6154650111101883,58,4,0.04256146122433465,0,Bajo,23.119727094712495
REGU_0933,12.6618396720896,3.8528475652212,1010.6157429306776,16.618775336157466,14,Online,Smartphones,Regular,16.618775336157466,6.9,0,84.21797857755648,1.0,0,971.282822871376,670.6000000000001,0.5106501713221078,52,7,0.10137564567200388,0,Bajo,98.46442329871232
REGU_0934,50.64274270908459,4.666629841892367,768.5413249964855,18.752121964186163,5,Online,Laptops,Regular,18.752121964186163,8.9,0,64.04511041637379,50.53278056470938,0,1067.4811056114424,475.16999999999996,0.5019426312298289,53,4,0.029992571651142743,0,Bajo,32.01650354629226
REGU_0935,43.05231213666619,5.495224924087908,1270.934858425352,15.234392716516556,6,App,Laptops,Regular,15.234392716516556,6.2,0,105.91123820211268,54.73068677818559,0,1000.11243784952,7.140000000000001,-0.020812965221357376,58,7,0.030159124756876078,0,Bajo,30.162515784007148
REGU_0936,67.6514170812248,4.370080447646889,508.2045071631126,6.292107869678226,7,Tienda,Laptops,Regular,6.292107869678226,10.0,3,42.35037559692605,64.6967753049561,0,266.4731315772471,-1892.5800000000002,-4.486712827545315,65,4,0.05955291198252986,0,Bajo,15.869250950528896
REGU_0937,45.2593358126738,5.801702802602767,1031.70805237088,19.32679354525035,9,App,Gaming,Regular,19.32679354525035,9.9,0,85.97567103090667,26.846464196686508,0,1643.87774659003,-359.01,-0.3537298790986243,50,6,0.05613767729586835,0,Bajo,92.28347845193035
REGU_0938,39.2242775111553,7.302780517801352,1183.2340822420913,10.388618213181989,6,App,Smartphones,Regular,10.388618213181989,7.3,0,98.60284018684094,22.45773476941065,0,752.2060465199351,-1288.1399999999999,-2.6644004932653007,47,8,0.06464759443631371,0,Bajo,48.62831142796369
REGU_0939,41.85539663797156,2.567821063171668,762.4352980770658,17.941183972575296,4,Online,Smartphones,Regular,17.941183972575296,6.9,0,63.536274839755485,43.07191494562417,0,786.2234286463056,942.5799999999999,0.9049016634172004,55,3,0.04909082991265147,0,Bajo,38.59636060901746
REGU_0940,34.24683969663791,7.332587919689235,730.5050638809104,12.534310367028818,9,Online,Laptops,Regular,12.534310367028818,8.2,0,60.87542199007586,18.974875619663017,0,627.1779510074698,-2049.0899999999997,-2.700618783746557,49,9,0.032776256939344765,0,Bajo,20.556545668912612
REGU_0941,30.699266203663715,2.157748448626684,1735.1057275255594,14.25207342341312,9,Online,Accesorios,Regular,14.25207342341312,9.2,0,144.5921439604633,26.92706439412712,0,1897.851339816773,3122.34,0.9758510322726581,49,2,0.03900625196434605,0,Bajo,74.02806755176479
REGU_0942,28.105605351794797,6.074890478268715,1424.545193808078,10.760132429972668,7,Online,Laptops,Regular,10.760132429972668,8.9,1,118.7120994840065,34.66112272998889,0,1140.266808751836,494.56,0.2939292017928935,52,7,0.05384181835677823,0,Bajo,61.394038395079534
REGU_0943,37.36383259987294,4.300864393647335,1274.307588377947,11.038660070181432,7,Tienda,Laptops,Regular,11.038660070181432,10.0,0,106.19229903149558,28.772032821670955,0,1172.2206910797368,81.62,0.16021554477754713,46,4,0.03381616078703494,0,Bajo,39.640003367441594
REGU_0944,42.13863805279711,5.675869949723943,921.6575261701386,9.991525495317948,1,Tienda,Gaming,Regular,9.991525495317948,6.7,0,76.80479384751155,49.88177851540362,0,514.8136443043786,171.57000000000002,0.17947860051570708,51,5,0.04962077360716337,0,Bajo,25.5454512939063
REGU_0945,42.32283207205596,7.461128387409136,1072.5492854615711,15.002809277346053,10,Tienda,Gaming,Regular,15.002809277346053,8.8,0,89.37910712179762,40.52696260862169,0,1184.5800821830378,-2202.93,-4.390213424896775,46,8,0.040094184914849416,0,Bajo,47.49477286149423
REGU_0946,22.186974774044742,3.9090022145344063,863.8701041259438,14.662342874386916,8,App,Gaming,Regular,14.662342874386916,8.3,0,71.98917534382865,30.90147929034657,0,874.4296104476296,-1759.78,-3.2847209976446226,55,4,0.040473181154184,0,Bajo,35.39094803022946
REGU_0947,37.54759541192572,5.360871136589888,874.0193380961568,10.451739870834809,7,App,Laptops,Regular,10.451739870834809,7.9,0,72.8349448413464,33.27872988238872,0,603.788701839914,784.1200000000001,0.8450650141649128,65,6,0.04046096688010948,0,Bajo,24.429874667729056
REGU_0948,42.105683771023415,6.419929923675866,1023.1310326342618,16.763706147934656,9,Online,Accesorios,Regular,16.763706147934656,7.2,0,85.26091938618849,49.768755840389176,0,1028.8007793172922,468.2900000000001,0.5195365453227119,59,6,0.040528932550336925,0,Bajo,41.696197392684596
REGU_0949,40.03478379185964,4.119816788793383,750.5836577381392,22.235351508673567,2,Online,Gaming,Regular,22.235351508673567,5.5,0,62.54863814484494,41.19260606397656,0,767.4611054526212,475.63,0.7172844855179025,77,4,0.05891016955515195,0,Bajo,45.21126384919826
REGU_0950,15.38872349888506,4.802974143251211,1077.044859454918,11.394192693204992,4,Tienda,Smartphones,Regular,11.394192693204992,6.3,1,89.75373828790983,2.885177026593924,0,643.4049690576558,452.97,0.5340582381077469,44,5,0.044327484508693955,0,Bajo,28.52052379871995
REGU_0951,36.13011763008371,6.110500133834719,896.3743582939452,17.75563302043478,7,Online,Gaming,Regular,17.75563302043478,6.2,0,74.6978631911621,32.7468178747566,0,819.05795691503,228.02999999999994,0.20412884649482482,44,9,0.03862948914129871,0,Bajo,31.63979045274346
REGU_0952,39.331799012334216,6.687906427135033,1183.7089307532235,9.80059650673794,6,Online,Accesorios,Regular,9.80059650673794,8.5,0,98.64241089610198,39.32193808860792,1,820.8230057126865,-411.3100000000001,-0.42647656412526685,43,8,0.06265656966200019,0,Bajo,51.42995383760932
REGU_0953,33.54429594332503,6.392108009991033,710.0374244459263,13.87540230222324,7,Online,Accesorios,Regular,13.87540230222324,10.0,0,59.169785370493855,35.70485889838241,0,821.0045761518055,-1651.21,-1.9456926350031902,47,8,0.037542181659572106,0,Bajo,30.822302941231083
REGU_0954,22.999704315725875,5.694948688898432,945.4541551771616,16.226881308895422,7,App,Smartphones,Regular,16.226881308895422,9.5,0,78.78784626476347,4.915870424310153,0,1210.891552944866,582.02,0.6170814825930482,43,5,0.050729746468110314,0,Bajo,61.428221481269425
REGU_0955,39.77007134109173,2.8540212294181417,1162.1240172250152,8.820418123816983,8,Online,Laptops,Regular,8.820418123816983,8.3,0,96.8436681020846,8.02363381001107,1,709.4185620805407,-820.66,-0.4616990080786098,59,5,0.5497899343948777,1,Medio,390.0311847047689
REGU_0956,27.28820326435634,4.195962615652731,1250.2673645262712,13.31926700751744,6,Tienda,Laptops,Regular,13.31926700751744,5.5,0,104.18894704385592,24.59742799195456,0,765.6186407430838,-978.4699999999999,-0.5210659667012203,48,5,0.04921056148874099,0,Bajo,37.676523197213825
REGU_0957,39.133339332206965,6.771832451330901,925.9639280188776,18.770939805162016,8,Online,Smartphones,Regular,18.770939805162016,6.2,0,77.1636606682398,52.900956871109024,0,900.9115805765678,-1407.6,-0.8688741635848398,58,8,0.03821796819950234,0,Bajo,34.43101013703866
REGU_0958,46.62530510571763,1.8162226991208037,991.7210477262796,17.58457577301231,6,Tienda,Gaming,Regular,17.58457577301231,5.6,1,82.64342064385663,47.55346051366476,0,811.6495191286192,262.49,0.8470424989512408,56,1,0.04984763463832536,0,Bajo,40.45880868389588
REGU_0959,27.85820266080262,5.493756533397502,723.0625123609733,9.78378295412808,6,App,Accesorios,Regular,9.78378295412808,8.3,0,60.25520936341445,22.161625662096046,0,490.6870199322295,-258.47,-0.6878311022881193,46,7,0.07319857830087949,0,Bajo,35.91759224973451
REGU_0960,43.52840603924716,4.1660751106707945,1067.3718995726751,15.72485012965952,8,Online,Accesorios,Regular,15.72485012965952,6.6,0,88.94765829772292,42.65800403287589,0,926.2440094206268,-121.64000000000001,-0.06552998288223472,66,4,0.037847095394083985,0,Bajo,35.05564538274128
REGU_0961,28.551123453154236,6.161938452912726,1026.490006109459,21.479988353198948,9,Tienda,Gaming,Regular,21.479988353198948,8.0,0,85.54083384245492,22.002383476887008,0,1478.1324177467568,-925.0100000000002,-1.0191000529985732,54,8,0.05703648947037697,0,Bajo,84.30748408063575
REGU_0962,53.78510796493781,5.619243940369504,1106.308467116768,18.38358623675163,3,Tienda,Laptops,Regular,18.38358623675163,9.4,1,92.19237225973067,45.10753254555149,0,1596.5672643819505,-1865.4499999999998,-2.4662024033672814,54,7,0.021557705151642584,0,Bajo,34.418326340310685
REGU_0963,44.05176762543869,6.94925115050988,962.1371361702588,6.69204880829162,9,Online,Accesorios,Regular,6.69204880829162,6.8,0,80.17809468085491,58.68311276951471,0,364.8363364771545,-1066.9499999999998,-3.3816576631933635,43,7,0.07200905998611519,0,Bajo,26.271521638497923
REGU_0964,52.43852086392425,5.840868111242361,1117.8498812585262,16.92072667708398,10,App,Laptops,Regular,16.92072667708398,10.0,0,93.15415677154384,35.95698671848757,0,1576.236025565525,-1519.72,-2.213666949737493,61,5,0.02360587574676139,0,Bajo,37.208431767068795
REGU_0965,49.94741974661857,5.699596623871418,527.6897692543249,10.65315874884369,5,Online,Gaming,Regular,10.65315874884369,8.8,0,43.97414743786041,51.64287350022126,0,412.8539655711992,-2232.51,-4.10950143180393,57,7,0.0820431075537317,0,Bajo,33.87182230134254
REGU_0966,57.597655565437066,5.825715406761135,1432.7272467967673,16.19054162627107,3,Online,Accesorios,Regular,16.19054162627107,6.8,0,119.39393723306394,53.59404090936608,0,1308.981435972077,246.52,0.23253223676914,76,5,0.030557107214975305,0,Bajo,39.99868608141109
REGU_0967,38.15918585090476,4.995581883001107,685.2854977855013,4.094123811671613,10,Online,Accesorios,Regular,4.094123811671613,8.9,0,57.10712481545844,52.841560473349816,0,209.0395031185276,198.91000000000003,0.052407266883395476,60,5,0.06496741198962573,0,Bajo,13.580755521208035
REGU_0968,27.0751652054284,6.085833375724151,944.1569864634458,15.40994109331666,7,Online,Smartphones,Regular,15.40994109331666,10.0,0,78.67974887195382,19.413450071535745,0,1212.4502953537565,-1139.76,-1.700414960130458,46,7,0.05605216283536252,0,Bajo,67.96046138495214
REGU_0969,39.37311292562418,7.50387041356475,728.9309909098956,12.56389529165889,8,App,Accesorios,Regular,12.56389529165889,7.5,0,60.7442492424913,50.94325304456282,0,569.42702104052,-1871.99,-3.565502530886327,48,7,0.042052332435594066,0,Bajo,23.945734386605963
REGU_0970,22.46336064610533,5.279501551430097,762.2887171921031,13.972286449303864,6,Tienda,Gaming,Regular,13.972286449303864,6.8,0,63.5240597660086,25.05380797906633,0,607.9684478724375,-773.9100000000001,-0.30682908891208943,43,7,0.0531961459331745,0,Bajo,32.34157827578778
REGU_0971,38.507552151368,5.93601369816923,952.5563685631864,17.438076836389534,13,Online,Smartphones,Regular,17.438076836389534,7.6,0,79.37969738026554,45.76373059515407,0,1052.6848568230932,-1752.23,-1.3033670089723721,49,9,0.034638597071268956,0,Bajo,36.463526598521575
REGU_0972,41.67956190539762,4.002298509820292,761.074221208693,10.123259815515084,7,Online,Accesorios,Regular,10.123259815515084,7.5,0,63.42285176739108,54.844618141082,1,479.7296770481148,-1150.93,-1.3367132276467073,48,7,0.33765375895926864,0,Medio,161.98252873961195
REGU_0973,26.277327401543456,6.567811373048376,1253.7210075457583,10.376440597994142,7,App,Gaming,Regular,10.376440597994142,4.9,0,104.4767506288132,21.37217101640478,0,535.1563295124873,-1323.04,-1.3495395634245089,49,7,0.05649783249925522,0,Bajo,30.235172665712742
REGU_0974,36.11417382543442,5.309194952346611,659.2364329366396,9.195116371759264,8,Online,Laptops,Regular,9.195116371759264,6.7,0,54.93636941138664,26.24171360935584,1,338.7775873239457,24.779999999999973,-0.5691232099044381,52,7,0.10413022003784111,0,Bajo,35.2769847119314
REGU_0975,34.99841976527674,7.687673410420039,1374.9356855496603,17.817021802240262,7,Tienda,Smartphones,Regular,17.817021802240262,9.0,0,114.57797379580504,16.4491406448395,0,1830.062677691728,229.42999999999984,-0.3965388582062323,43,8,0.04718728369425998,0,Bajo,86.35568675051663
REGU_0976,73.59224201625403,3.6881379108381456,1081.1372960163578,17.01099901194226,10,App,Smartphones,Regular,17.01099901194226,10.0,1,90.0947746680298,69.96654877825496,0,1532.602122859016,-998.48,-1.075167523083614,63,3,0.11743612551994402,0,Bajo,179.98285527220406
REGU_0977,42.634829941163886,5.521045105274187,1611.971053389272,17.269679442018873,6,Online,Smartphones,Regular,17.269679442018873,10.0,0,134.33092111577267,38.30720403517,0,2319.851946820518,-1848.1200000000001,-1.1370739665367253,44,6,0.028202864648178252,0,Bajo,65.42647045999189
REGU_0978,41.9359849248136,6.541886421241468,921.0592910685048,13.219548090400078,12,Online,Smartphones,Regular,13.219548090400078,8.8,0,76.75494092237541,26.098477200188235,0,891.0807776843432,-96.07999999999998,0.14405281750774104,43,6,0.05473645196142369,0,Bajo,48.774600181467115
REGU_0979,24.77968610694501,4.699140750662402,629.2127386458274,9.350644917336666,2,Online,Accesorios,Regular,9.350644917336666,7.3,0,52.43439488715228,16.707651137153192,0,357.7764114227369,483.88,0.8650421525628212,50,4,0.05359824853996428,0,Bajo,19.176189021172366
REGU_0980,46.61268916008388,2.932469035293266,876.701811149239,13.284286065851065,9,Online,Accesorios,Regular,13.284286065851065,8.9,0,73.05848426243658,34.017825831042686,0,865.0722052021434,221.2,0.2700169683631067,73,3,0.064257892401547,0,Bajo,55.58771668144832
REGU_0981,33.10733065916119,6.208905686730276,700.6871913857268,17.333746170601437,4,App,Gaming,Regular,17.333746170601437,5.9,0,58.3905992821439,38.11088478506459,0,600.5203915232635,113.94000000000005,0.3896128296576991,46,6,0.04138164903552809,0,Bajo,24.850524080693607
REGU_0982,22.936640187363,6.71087618845545,860.2346480334032,11.40086374159266,3,Tienda,Smartphones,Regular,11.40086374159266,7.4,0,71.68622066945026,19.51137862325271,0,605.0783569852156,-1080.8500000000001,-5.557345263710301,68,6,0.07033636315673025,0,Bajo,42.55901105518979
REGU_0983,43.70119674439292,5.45563692365139,750.0589680530254,23.56719004525286,11,Tienda,Accesorios,Regular,23.56719004525286,9.1,1,62.50491400441879,41.6809670668766,0,1342.744506509702,-1336.64,-1.9477715131735671,51,6,0.04673451990062718,0,Bajo,62.752519860935486
REGU_0984,23.64217450881157,4.7348482821628455,1457.2720170725786,6.15202983517101,1,Online,Laptops,Regular,6.15202983517101,6.3,0,121.4393347560482,13.455469819923104,0,469.251852892911,641.08,0.6035481951450468,60,5,0.040075932040070046,0,Bajo,18.80570536621325
REGU_0985,40.396741706073335,3.141307964146597,1189.2592075340558,14.008810301737189,8,Tienda,Accesorios,Regular,14.008810301737189,7.9,0,99.10493396117133,30.1495538794306,0,1096.5355148592716,1182.3000000000002,0.7600161483536708,70,3,0.04096701654798319,0,Bajo,44.92178858269105
REGU_0986,54.25904951189163,2.83421080084154,522.7906318696403,14.263592373101776,10,Online,Laptops,Regular,14.263592373101776,6.9,1,43.56588598913669,57.10163154135264,0,426.75796357818814,172.26,0.6224008751458345,62,3,0.09966237703051818,0,Bajo,42.53171306690553
REGU_0987,20.653096061318656,4.0062242805398895,929.4642386067836,24.07324583661539,10,Online,Accesorios,Regular,24.07324583661539,10.0,0,77.45535321723197,30.746722229404057,0,1864.601759360304,-1683.3600000000001,-2.5637689556810574,58,6,0.04828127258599307,0,Bajo,90.02534580799708
REGU_0988,43.78125771263464,4.229406840546774,660.2714314190285,16.223723410267603,10,Online,Accesorios,Regular,16.223723410267603,9.5,1,55.022619284919045,55.84910127135807,0,850.6510637613146,209.58999999999997,0.703619547682028,63,4,0.05504525468306967,0,Bajo,46.8243044511657
REGU_0989,51.29341462469686,3.929747337504208,1044.1264202443567,9.180160693044035,9,Tienda,Gaming,Regular,9.180160693044035,6.7,0,87.01053502036306,59.54601608162342,0,532.7719318760286,406.43,-1.381824405658822,80,3,0.04543043089624487,0,Bajo,24.204058434552795
REGU_0990,54.86616152063007,5.7093136003644425,378.2879473690895,8.341646586045428,7,App,Accesorios,Regular,8.341646586045428,6.9,0,31.52399561409079,48.104546854168255,0,180.87419490980795,-1965.23,-4.028192812399593,46,7,0.07666352863257479,0,Bajo,13.866454020361976
REGU_0991,38.194134382450166,5.1675411951600125,675.5184092332383,16.303530809856376,11,Online,Smartphones,Regular,16.303530809856376,6.7,0,56.29320076943653,47.90590607361962,0,616.6681514923407,371.65,0.6082238663724321,47,6,0.03995192317839787,0,Bajo,24.637078614986617
REGU_0992,47.26276162261927,4.958050911834419,584.3494432067025,17.541548528302254,3,Tienda,Smartphones,Regular,17.541548528302254,8.2,0,48.695786933891874,63.21649959237934,0,702.0066929192445,-1903.5300000000002,-5.9968846078830085,46,4,0.043029080032763296,0,Bajo,30.20670217315766
REGU_0993,19.38144340177585,5.6419500100347095,1388.947635883246,11.784579337728214,7,Tienda,Laptops,Regular,11.784579337728214,6.6,1,115.74563632360385,16.98178141966904,0,902.8697665422084,262.98,0.22480603574770602,45,6,0.034488401739802846,0,Bajo,31.13853522722969
REGU_0994,47.4747122216558,4.25228453651613,976.6726105282196,15.142075634222842,8,Online,Gaming,Regular,15.142075634222842,7.3,0,81.38938421068497,64.65913319739882,0,895.48972415317,-1117.11,-2.1511720614560033,45,6,0.06389589276663016,0,Bajo,57.21811538811017
REGU_0995,10.354046718037075,4.370083640646951,1009.7292167749068,15.29787055490258,6,Online,Accesorios,Regular,15.29787055490258,6.4,1,84.1441013979089,7.725399946697312,0,825.3810774168321,-766.9000000000001,-1.442381563773073,56,4,0.032003098744741006,0,Bajo,26.4147521226116
REGU_0996,18.068388129764617,1.5584277358944458,1484.724464290849,14.975297309866267,8,Online,Accesorios,Regular,14.975297309866267,6.6,2,123.72703869090408,12.13267609543248,0,1220.6376038026626,857.46,0.9476162058218951,86,1,0.031134572285674244,0,Bajo,38.0040297102062
REGU_0997,1.0,4.7729556446363866,231.05664309293127,14.40895777214527,11,App,Smartphones,Regular,14.40895777214527,10.0,0,19.25472025774427,1.0,0,277.4404511083073,-234.67999999999998,-2.3468,59,5,0.038871957462137605,0,Bajo,10.784653413758388
REGU_0998,27.28671022367701,4.595705869032254,1371.372942927351,23.403810012969167,7,Online,Accesorios,Regular,23.403810012969167,5.1,1,114.28107857727925,32.731703856054004,0,1357.5859546185477,827.4,0.6481769387040099,45,5,0.0305258879467609,0,Bajo,41.44151672878222
REGU_0999,19.01877211534529,2.566402254866147,1008.3036400620869,13.22090582330894,8,Online,Laptops,Regular,13.22090582330894,6.7,0,84.02530333850724,15.147093217790731,0,749.0097533210417,732.25,0.8753488449202136,55,3,0.09497927051221614,0,Bajo,71.1403999769675
REGU_1000,23.485800187161225,8.312521679719332,610.1419506624513,16.648867088502147,8,Tienda,Laptops,Regular,16.648867088502147,6.4,0,50.84516255520428,21.898934225580053,0,539.902289938359,-3460.6800000000003,-6.873233667649189,53,9,0.02142302871960106,0,Bajo,11.566342263127844
REGU_1001,49.81348374517629,5.641756790804066,756.646268346246,18.24186388854895,9,Tienda,Gaming,Regular,18.24186388854895,6.5,0,63.0538556955205,54.10666522180007,0,742.2830407071036,-845.1999999999999,-2.183013139401939,55,5,0.04873631652013493,0,Bajo,36.1761412194296
REGU_1002,28.103782313532463,7.692223290037671,1151.2969072222324,9.280623922506887,5,Online,Smartphones,Regular,9.280623922506887,7.2,0,95.94140893518605,15.584185511663632,0,641.8810608736386,-1365.01,-1.1232400128995113,48,7,0.109966937655684,0,Bajo,70.58569460345572
REGU_1003,1.0,6.494280006642958,655.1107445791522,19.259324628608848,10,Online,Gaming,Regular,19.259324628608848,7.6,0,54.592562048262685,1.0,0,799.981138921785,604.4300000000001,0.6905092394425899,44,7,0.027869807164395945,0,Bajo,22.29532007690399
REGU_1004,28.11921096249913,6.704799545259242,1321.2938289848428,14.310575575795957,8,Online,Accesorios,Regular,14.310575575795957,6.3,2,110.10781908207024,29.531491929823925,0,990.561366924361,-512.18,-0.5821530901111225,46,6,0.03937796582213253,0,Bajo,39.00629165147237
REGU_1005,45.32180955047056,4.012051878567455,1004.0763528120792,15.58282828407668,9,Online,Laptops,Regular,15.58282828407668,10.0,0,83.67302940100659,32.574650541740205,0,1303.8624491643852,607.79,0.4373429175411319,70,4,0.04195690831053415,0,Bajo,54.7060372291386
REGU_1006,28.837558968602053,4.145447918726904,1111.881545237915,14.896471388488118,7,Online,Laptops,Regular,14.896471388488118,7.6,0,92.65679543649291,34.86870758824246,0,1045.286522596663,-1116.41,-2.9337522368235955,56,5,0.05975352828625765,0,Bajo,62.459557795223596
REGU_1007,32.85837206702661,5.272288245119971,733.9096243935624,19.60838159738784,5,Online,Accesorios,Regular,19.60838159738784,8.3,0,61.159135366130194,21.03566716410523,0,996.0723149864268,31.979999999999933,0.23948990057797967,49,6,0.06228136594873371,0,Bajo,62.036744361071996
REGU_1008,33.7959872943765,5.667125796172198,683.636506840164,12.191014334240846,5,Online,Smartphones,Regular,12.191014334240846,6.4,0,56.969708903347,27.51196049474676,0,442.56937358697854,-2570.65,-3.719901748369389,52,6,0.023850600350293235,0,Bajo,10.555545256702649
REGU_1009,21.334604756285444,4.019154358652053,643.9437479111049,8.21150636566224,10,Tienda,Laptops,Regular,8.21150636566224,8.4,1,53.66197899259208,33.829751019920515,0,369.9659560002482,-1216.7400000000002,-1.9616362946578343,47,5,0.07329050014661494,0,Bajo,27.114989952478727
REGU_1010,26.94697365434159,5.469057285324085,1603.848391271782,19.13950510649105,7,Tienda,Laptops,Regular,19.13950510649105,6.6,0,133.65403260598185,31.17471597350455,0,1678.7649609926937,-1042.43,-0.4388614900822729,45,6,0.03831646628341566,0,Bajo,64.32434102565615
REGU_1011,42.50347415050482,5.045425454829446,1343.2840055107256,22.726132229424092,10,Online,Laptops,Regular,22.726132229424092,8.9,1,111.94033379256048,49.23834565560678,0,2268.07074775993,-2494.0400000000004,-1.937051189173183,52,7,0.014831360907714178,0,Bajo,33.63857582425669
REGU_1012,27.386242267086885,4.399748543252711,895.4239797859706,18.332321206327297,8,Online,Smartphones,Regular,18.332321206327297,7.7,0,74.61866498216422,12.818133298035036,0,1050.245218873612,57.68999999999998,-0.25429513352293653,54,6,0.04122615397217795,0,Bajo,43.29757110182726
REGU_1013,49.20242533722323,4.835219543292351,655.0901414138291,8.646217725391512,11,Online,Gaming,Regular,8.646217725391512,7.5,0,54.59084511781909,32.67983320733029,0,353.5264385960267,267.1,0.5979313523131699,57,4,0.06076440645534503,0,Bajo,21.481824207559544
REGU_1014,43.257858295741975,5.747933456214501,886.7910793169168,14.080233507817718,8,Online,Accesorios,Regular,14.080233507817718,7.4,1,73.89925660974306,50.32660057561171,0,773.5778356495048,-715.9999999999999,-1.007878471579147,44,7,0.053765902735500186,0,Bajo,41.592110669870024
REGU_1015,38.243984997936,5.670067848906374,969.3996174602696,16.849203453765227,7,Online,Smartphones,Regular,16.849203453765227,7.9,0,80.78330145502245,49.410370075838536,0,1068.633026658012,-2555.11,-4.3145378779552255,61,6,0.017660814497451466,0,Bajo,18.87292964965726
REGU_1016,43.64457578924714,3.261085727797245,469.14068980201984,15.480783949931476,7,Online,Laptops,Regular,15.480783949931476,7.9,0,39.095057483501655,37.58915562183114,0,478.5008150954064,333.57000000000005,0.29151516963505153,47,5,0.17118895266751505,0,Bajo,81.91405338673489
REGU_1017,22.71518665666618,6.525761321255235,702.2848114958213,11.966680296247166,9,App,Gaming,Regular,11.966680296247166,5.5,0,58.52373429131844,25.148032759659976,1,384.0018444548258,-2667.17,-4.333031972839339,48,7,0.5161310335247223,1,Medio,198.1952688538689
REGU_1018,42.45407158734328,3.645157578038602,894.810484051587,12.423771391463902,8,Online,Gaming,Regular,12.423771391463902,8.1,0,74.56754033763225,46.283715434223545,1,746.5450938410196,131.23000000000013,0.04376568537263488,46,5,0.06232588201940281,0,Bajo,46.52908144089939
REGU_1019,34.616793319390275,7.148117905856845,874.9204643586318,9.10781643534662,8,Online,Accesorios,Regular,9.10781643534662,8.5,1,72.91003869655265,38.438730406874726,0,564.1426574400117,-2673.95,-4.009037197500518,59,8,0.02688137149367982,0,Bajo,15.16492835007671
REGU_1020,46.78575640910532,2.0110573688416773,994.0124763808436,11.699214737979592,5,Tienda,Accesorios,Regular,11.699214737979592,7.1,0,82.83437303173697,32.11346891402787,0,689.0472420450607,1213.63,0.5655617914661458,64,4,0.29183536854570324,0,Bajo,201.08835582762066
REGU_1021,21.681926128761116,3.4943182768045453,714.0148391668907,16.617261821301952,12,Online,Gaming,Regular,16.617261821301952,5.5,1,59.5012365972409,10.51368173629688,0,544.0730526095377,37.69000000000004,0.10192670252073491,61,3,0.052486059495925524,0,Bajo,28.556250609394016
REGU_1022,44.94034349028617,4.724261432643495,1235.5089822757654,4.631087307999666,18,Tienda,Accesorios,Regular,4.631087307999666,8.9,1,102.9590818563138,58.38323789398195,0,426.1669926364564,-434.89999999999986,-0.41433791222733873,81,6,0.044873264284957685,0,Bajo,19.123504090101324
REGU_1023,34.56627683335355,2.656647715024604,611.3145851769309,18.752480162628675,9,Online,Laptops,Regular,18.752480162628675,7.4,0,50.942882098077575,33.12555062884845,0,711.4283015037761,-599.8399999999999,-1.7108168492323665,68,2,0.06705399670254325,0,Bajo,47.70411098313015
REGU_1024,25.278908797873004,1.5114683597209897,1069.340968497832,8.533137823749701,6,Online,Gaming,Regular,8.533137823749701,9.5,2,89.11174737481934,27.115164184121625,0,723.6202849302362,0.0,0.0,74,1,0.07598922262461043,0,Bajo,54.987342927247745
REGU_1025,42.53849614155607,5.38760257330195,949.267195373428,17.38562184893955,4,Online,Smartphones,Regular,17.38562184893955,6.0,1,79.10559961445232,47.1909336902538,0,829.942586490636,206.66,0.19200932720310515,49,6,0.04192470154463685,0,Bajo,34.79509523780387
REGU_1026,34.78295531820252,4.313727646213614,838.3982082842904,7.9192933830558365,15,Online,Accesorios,Regular,7.9192933830558365,6.0,1,69.8665173570242,40.30528553877679,0,329.9494148492278,-3191.86,-5.782271651945457,52,6,0.01764969148107376,0,Bajo,5.823505376449688
REGU_1027,47.09352285367576,4.298680178175805,1279.3114850369218,11.544016866265254,10,Tienda,Gaming,Regular,11.544016866265254,6.9,0,106.60929041974347,40.02912471203399,0,845.9169717715392,-103.08000000000004,-0.6191896772606206,67,8,0.028724804876641225,0,Bajo,24.298799955976687
REGU_1028,18.51467528514182,4.107291197161115,995.4771497025056,15.856671779854864,8,Tienda,Laptops,Regular,15.856671779854864,7.3,1,82.95642914187546,22.715920974306453,0,958.6643100206894,-70.57,-0.19908926765925372,50,5,0.08591379362354021,0,Bajo,82.36248768537108
REGU_1029,17.996118323828107,5.872059589008386,556.6632625985651,15.760078889188897,8,App,Smartphones,Regular,15.760078889188897,5.7,0,46.38860521654709,19.71503786524383,0,414.5113070842796,-403.26,-1.332860101099828,46,5,0.07348691950902635,0,Bajo,30.46115905928376
REGU_1030,52.01587379321478,2.5869889128582138,1141.15759032993,23.17405962079212,9,Online,Laptops,Regular,23.17405962079212,7.4,0,95.0964658608275,42.47901573863485,0,1625.468507124939,760.8499999999999,0.9395529760434674,53,4,0.038410656948657335,0,Bajo,62.4353132080222
REGU_1031,26.67564209042715,6.31889585774984,737.2213032914034,8.88887140204023,6,App,Accesorios,Regular,8.88887140204023,6.7,0,61.43510860761695,34.553713702760604,0,365.9741244366673,-1872.97,-3.838528198609869,47,7,0.05081988234027065,0,Bajo,18.598761943455003
REGU_1032,36.74727641422502,5.2341657975727545,1184.8899657307047,23.0429725690342,7,Tienda,Laptops,Regular,23.0429725690342,10.0,0,98.74083047755872,54.547238518574666,0,2275.2822481380417,-2184.7200000000003,-2.8718874817997184,53,5,0.027217159547962617,0,Bajo,61.926719964220155
REGU_1033,31.06332259187888,5.165703133829203,1328.8491873158982,18.82146290710217,8,Online,Laptops,Regular,18.82146290710217,7.9,0,110.73743227632484,25.483241493786668,0,1640.9551019142198,-326.46000000000004,-0.18541730009671104,43,9,0.047645410822315326,0,Bajo,78.18397997167732
REGU_1034,25.023485261522467,6.416484473183245,1287.773314070674,7.336364381167351,8,Online,Accesorios,Regular,7.336364381167351,9.4,1,107.31444283922282,14.37925204434322,0,740.0758909399442,-1436.59,-2.0891821618863387,46,6,0.056839678627509244,0,Bajo,42.06567580099401
REGU_1035,49.6391957064378,6.042057455700569,1238.1342525825814,12.282391235274586,8,App,Accesorios,Regular,12.282391235274586,8.3,0,103.1778543818818,51.41639723162497,0,1048.7293974813442,-182.87000000000006,-0.287350926906707,46,6,0.04726036555391749,0,Bajo,49.56333469210796
REGU_1036,20.53998626929552,5.554308424844132,993.0519929964214,11.339037448428506,6,Online,Smartphones,Regular,11.339037448428506,8.2,0,82.75433274970179,20.58203250396432,1,771.322796718223,77.17999999999998,-0.11578971919393088,54,5,0.1476562052879286,0,Bajo,113.89059721548516
REGU_1037,39.54948359683085,4.200948368667533,955.0074372060868,18.70039182852643,2,Online,Gaming,Regular,18.70039182852643,8.2,0,79.58395310050723,36.99355097294944,0,1215.2170531996485,-652.17,-1.0385360399216863,46,5,0.05886748794690084,0,Bajo,71.53677523209866
REGU_1038,61.43607755326046,2.668081440274918,846.0265626589711,15.87230694375988,5,Online,Accesorios,Regular,15.87230694375988,7.8,1,70.50221355491426,50.30255393861746,0,875.9689445326821,725.76,0.8686783176326317,71,2,0.09593454452628078,0,Bajo,84.03568171290978
REGU_1039,36.67342959235037,6.17369903281201,1117.2688136240913,12.89533217708117,5,Tienda,Laptops,Regular,12.89533217708117,8.7,0,93.10573446867429,39.33838686334784,0,1045.9130248209008,-1718.23,-2.4095718501877985,43,7,0.027152372109776838,0,Bajo,28.399019644399356
REGU_1040,27.426628339207884,5.88740750292309,705.2135220563786,15.739595129013878,8,Online,Laptops,Regular,15.739595129013878,4.5,1,58.76779350469821,14.899295595695207,0,413.6945937397119,-2722.03,-6.69972970849858,51,7,0.04043354476870197,0,Bajo,16.727138876544615
REGU_1041,31.12706536731989,6.060344436377768,1266.8184115795957,13.068814556443163,6,Online,Smartphones,Regular,13.068814556443163,8.8,0,105.5682009649663,47.98882355507229,0,1220.435081305504,-2198.0,-2.5019814666436497,49,8,0.03340213827577658,0,Bajo,40.765141342375074
REGU_1042,38.18212343940537,3.944548446417808,682.3254293039436,7.116593640737366,8,Tienda,Gaming,Regular,7.116593640737366,8.5,0,56.8604524419953,50.45768052636387,0,344.12798373165856,-318.57000000000005,-0.47216786597730614,96,3,0.18991927224317262,0,Bajo,65.35653622882694
REGU_1043,27.508136280820423,5.40462340623788,957.3771478170156,9.099291977691,12,Online,Smartphones,Regular,9.099291977691,9.3,0,79.78142898475129,38.565502171703336,0,674.0335965003233,-2503.04,-2.5895016482942634,46,6,0.023762728774600048,0,Bajo,16.01687753860539
REGU_1044,38.32258449668502,6.051865314192517,1350.7759007975778,19.43629747280748,8,Tienda,Gaming,Regular,19.43629747280748,7.6,1,112.56465839979816,27.374567034959284,0,1667.442888610046,704.49,0.6716708193932266,79,7,0.03162088351190714,0,Bajo,52.72601734349622
REGU_1045,34.36935005695768,6.729991645095334,827.452273442828,19.54045149131069,6,Tienda,Accesorios,Regular,19.54045149131069,7.0,0,68.95435612023566,32.55549339967181,0,947.4258714782392,190.82,0.3516602764861679,45,7,0.050574506810048,0,Bajo,47.915596189091865
REGU_1046,29.870744220393668,5.492606239460632,803.439684432577,24.999070335071103,6,Online,Accesorios,Regular,24.999070335071103,5.8,0,66.95330703604809,17.044949038365644,1,965.7419973438984,-791.0600000000001,-1.61714537212009,51,5,0.20418545934130183,0,Bajo,197.1904733328502
REGU_1047,28.67066653246483,4.152501465135248,770.0045655712469,12.208047812738492,11,Tienda,Accesorios,Regular,12.208047812738492,7.5,0,64.16704713093723,15.513465375507046,1,586.7533605794187,-1615.94,-1.7216324786776027,51,5,0.5050104096567818,1,Medio,296.3165549937056
REGU_1048,40.17432055277574,3.634589416267932,966.8204982645816,19.335357915733702,5,Online,Accesorios,Regular,19.335357915733702,9.9,0,80.5683748553818,37.3868615693406,0,1544.4394569117446,-1979.8200000000002,-1.4705768632264624,43,4,0.04316823654667269,0,Bajo,66.6707278079809
REGU_1049,32.501327484646964,4.195480959565217,811.48890397798,15.891198719525278,5,App,Gaming,Regular,15.891198719525278,6.7,1,67.62407533149833,32.6147068268353,0,718.1087906777574,320.19,0.5996572365246338,58,4,0.04753304742066917,0,Bajo,34.13389920048523
REGU_1050,24.715184843042792,7.510628747001908,1041.88559968482,15.655033860075898,8,Tienda,Accesorios,Regular,15.655033860075898,8.1,1,86.823799973735,9.165392549370791,0,1102.6340303424724,-3333.0800000000004,-3.7411289219297736,45,7,0.042341940313207205,0,Bajo,46.68766430007207
REGU_1051,50.492626792429206,7.852648563052316,666.8481773696865,21.37885910379161,4,Tienda,Accesorios,Regular,21.37885910379161,7.8,0,55.57068144747387,61.23173278762448,0,927.6514399206036,-791.8000000000001,-1.4039373795790848,55,8,0.058717767470100796,0,Bajo,54.46962154256218
REGU_1052,32.06262863930463,5.148437891245728,378.73053439181217,6.778543569081627,9,Online,Smartphones,Regular,6.778543569081627,8.7,1,31.56087786598435,22.04561053781626,0,185.69219529645,-2687.3399999999997,-6.6906013133871065,49,6,0.042573460106235333,0,Bajo,7.9055592684926745
REGU_1053,48.54254933037424,5.166320754339256,1452.227354774032,14.475898170297686,9,Online,Accesorios,Regular,14.475898170297686,10.0,0,121.01894623116932,37.04733549691397,0,1751.857942319138,-2626.78,-1.256574701083082,55,8,0.01763397877738558,0,Bajo,30.89222577585005
REGU_1054,29.464795075775648,4.0287027850359385,674.3217464606645,13.243358195648575,11,Online,Gaming,Regular,13.243358195648575,6.9,1,56.19347887172204,40.00443258207211,0,511.3237764362329,13.170000000000023,0.15379345349768192,80,4,0.03983002856876866,0,Bajo,20.366040623345835
REGU_1055,24.30739379350845,7.340829439875431,1168.7177188273042,17.343876030567547,7,Online,Smartphones,Regular,17.343876030567547,7.1,0,97.39314323560868,23.9853567182639,0,1195.9889378482865,507.7100000000001,0.252811742753446,47,9,0.05158178761640564,0,Bajo,61.69124738366088
REGU_1056,32.861355331995945,3.7213564253861695,910.088859928728,15.506230494119878,8,Online,Smartphones,Regular,15.506230494119878,8.8,0,75.84073832739399,35.75828045393993,0,1031.7295520336686,-88.42999999999992,-0.3541768311713896,53,4,0.0572973976008017,0,Bajo,59.11541835937014
REGU_1057,15.139797271132949,4.869883329132002,1081.3864200475211,11.27814420097709,9,Online,Smartphones,Regular,11.27814420097709,8.6,0,90.11553500396008,14.046282882890068,0,873.3178030890098,-2.840000000000032,0.1499157526099889,54,4,0.051846391116387905,0,Bajo,45.278376387857435
REGU_1058,40.21346108457726,3.3607238466869203,784.3955393726196,15.732279768339756,9,App,Laptops,Regular,15.732279768339756,8.6,0,65.3662949477183,27.96466140621376,0,879.5351419365659,-279.4,-1.3521031082682473,45,3,0.05550948387037368,0,Bajo,48.82254177475463
REGU_1059,37.09241105321964,6.892248486203576,1049.8867102539264,14.250946406271044,16,App,Laptops,Regular,14.250946406271044,9.4,0,87.4905591878272,48.35422937445165,0,1170.8596053611404,-1406.14,-3.8466669449679163,50,6,0.030120787630138764,0,Bajo,35.26721351779099
REGU_1060,14.521417207556087,5.982243756858855,1102.3286980811872,15.280654533065729,4,Tienda,Smartphones,Regular,15.280654533065729,7.5,1,91.86072484009894,1.265519373386386,0,1058.3786412223335,-2855.92,-4.263855135167485,49,6,0.020907835695899588,0,Bajo,22.128406734726006
REGU_1061,39.067152617596136,4.824343915866158,1041.2071972355411,17.69370462837975,10,Online,Laptops,Regular,17.69370462837975,6.3,0,86.76726643629509,36.15587537658237,0,966.3739200309318,-716.69,-0.36477081885285795,43,8,0.03555792704458543,0,Bajo,34.36225334624991
REGU_1062,46.4232430477933,6.950010976346318,1416.241410891349,17.847763434324044,3,Tienda,Smartphones,Regular,17.847763434324044,7.5,1,118.02011757427908,49.26823982519259,0,1578.3323401577463,912.11,0.7057672564076211,49,6,0.0406302533768497,0,Bajo,64.12804289348537
REGU_1063,35.49028065576582,7.549729456928546,1017.1330797321798,9.09471862185117,8,App,Smartphones,Regular,9.09471862185117,6.2,1,84.76108997768165,38.106772099710525,0,480.2522319246479,-3568.5600000000004,-6.166811285576814,50,7,0.02273996878574464,0,Bajo,10.920920763250688
REGU_1064,16.563085865117365,8.989993907148255,614.9130480197755,20.762936217935504,5,Online,Gaming,Regular,20.762936217935504,7.8,0,51.24275400164796,1.0,0,835.1674286765041,-3922.13,-7.617260997938337,48,11,0.023974123008174825,0,Bajo,20.022406667511582
REGU_1065,44.65293165108292,6.626322806212045,951.5665599787684,9.433884717614696,10,Tienda,Accesorios,Regular,9.433884717614696,7.3,0,79.29721333156404,44.0933713164565,0,543.2722860164214,-1956.76,-1.729281859993406,52,6,0.04436421669326597,0,Bajo,24.101849420278487
REGU_1066,9.123985070535497,6.183871229111853,1053.1655098056249,11.369491154687816,7,Online,Laptops,Regular,11.369491154687816,7.6,1,87.76379248380208,19.0447482883394,0,757.5783483753844,692.8699999999999,0.6907168391390975,49,7,0.04361183368337421,0,Bajo,33.039380931472586
REGU_1067,23.52051641470765,4.466483979127932,896.0740055678474,24.75457085636913,7,Online,Laptops,Regular,24.75457085636913,8.3,0,74.67283379732062,39.2544472428088,0,1525.976965365482,-965.0100000000002,-2.9904634773294556,48,6,0.04291915687862271,0,Bajo,65.49364476968574
REGU_1068,26.812129185041982,6.390089947192458,975.0418149713772,12.859469258633649,8,App,Gaming,Regular,12.859469258633649,10.0,1,81.2534845809481,40.596271324946144,0,1044.8766871255652,-1498.0700000000002,-1.2959480689382454,46,7,0.03667038246063809,0,Bajo,38.316027741098964
REGU_1069,37.11173706806738,2.7400338166193694,766.2814833399118,10.784807367809629,9,Online,Gaming,Regular,10.784807367809629,8.2,0,63.85679027832598,39.14153199259725,0,567.4477934071004,1031.22,0.9383758087921794,64,3,0.047756030057917453,0,Bajo,27.099053878248423
REGU_1070,51.34280960779554,6.679477512952786,934.523883141163,10.23214408231024,7,App,Smartphones,Regular,10.23214408231024,7.3,0,77.87699026176358,67.85117909771188,0,578.4508281125725,-557.3500000000001,-0.6631869160378827,52,8,0.07202481721580421,0,Bajo,41.66281516313861
REGU_1071,32.73899783709528,5.62349505880791,1203.9641297482444,7.664830242806406,9,Online,Gaming,Regular,7.664830242806406,8.9,2,100.33034414568704,48.67374733356494,0,688.0453116250112,-602.1099999999999,-0.6082218240437265,43,5,0.06111519271613865,0,Bajo,42.05002181739823
REGU_1072,36.02309067201769,4.697205578850583,1112.6724293714508,15.357967739178177,2,Tienda,Laptops,Regular,15.357967739178177,10.0,0,92.7227024476209,29.252519190574095,0,1424.032272879979,361.31,0.4419494404130145,43,7,0.02736485826420392,0,Bajo,38.96844131101279
REGU_1073,42.502741650477226,6.746713770575009,708.8356027762359,14.174586688145071,9,App,Gaming,Regular,14.174586688145071,9.1,1,59.06963356468632,35.11469733555786,0,757.7747445614283,-2227.7400000000002,-4.591825351287715,49,7,0.0402250883744968,0,Bajo,30.481556067945192
REGU_1074,60.399533998071895,4.219437829746305,753.0340552530432,3.439331025307917,10,App,Gaming,Regular,3.439331025307917,9.2,4,62.7528379377536,65.4673228834283,0,197.6777603608753,-945.55,-2.095960605273908,54,5,0.09595563904320888,0,Bajo,18.968295820058096
REGU_1075,41.92646783033541,6.080729162381432,1084.072515641367,20.125673022787907,11,Tienda,Smartphones,Regular,20.125673022787907,9.0,0,90.33937630344724,59.44072947659234,0,1640.8728549546393,163.35999999999996,0.19846266830408052,56,7,0.04569327924927505,0,Bajo,74.97686157399752
REGU_1076,24.69057535841672,4.66632453343872,832.3931368004589,13.755051642311438,10,App,Gaming,Regular,13.755051642311438,7.5,0,69.36609473337158,1.0,0,713.9163481628415,-1236.13,-3.167281094307742,50,4,0.03196572185450117,0,Bajo,22.820851412754607
REGU_1077,24.206624284883908,2.83566713891346,702.1394289009609,10.601968454180051,11,Tienda,Gaming,Regular,10.601968454180051,8.0,1,58.51161907508007,20.94210591770933,0,494.0137846854973,-294.76,-0.4065636590123035,57,3,0.07622171453951254,0,Bajo,37.654577674882184
REGU_1078,24.195399736762944,4.532892623760258,557.3461663170403,9.185494311499427,9,Online,Smartphones,Regular,9.185494311499427,5.6,0,46.44551385975336,31.04697288628901,0,237.74854216192068,-120.16000000000003,-0.4809593533380774,60,5,0.0660678442739736,0,Bajo,15.70753365991802
REGU_1079,39.97640616780734,3.4864457544972542,1245.587532997234,13.165798411297638,5,App,Laptops,Regular,13.165798411297638,9.4,1,103.79896108310284,53.22681905401205,0,1280.706697155469,183.63,0.8927946324387397,62,4,0.03405754429126767,0,Bajo,43.61772506249552
REGU_1080,47.421570363006346,4.340051968796628,853.6732945549163,11.922977493925536,11,App,Accesorios,Regular,11.922977493925536,6.7,0,71.13944121290969,38.0369727836698,0,566.9386060058607,375.29,0.7480265271207597,70,4,0.028799969501389272,0,Bajo,16.32781456212894
REGU_1081,39.39592980249293,5.781016650620111,1300.0249529569537,11.861686519866518,6,Tienda,Gaming,Regular,11.861686519866518,7.8,0,108.3354127464128,38.16458779929262,0,998.9541439600064,716.26,0.7061990588581729,59,5,0.034597118697839324,0,Bajo,34.56093509228281
REGU_1082,39.930149913265,4.914274131999397,761.5602390634732,10.692724211633646,4,Online,Gaming,Regular,10.692724211633646,8.3,0,63.46335325528944,38.12580894405515,1,566.5638767013877,-2474.71,-5.381099413212531,91,4,0.6667354160904242,1,Medio,377.7482020743035
REGU_1083,18.81538733870189,3.3722314218018274,703.893019868111,16.496435739707696,3,Online,Gaming,Regular,16.496435739707696,8.8,0,58.65775165567592,36.28301946308093,0,851.4905789573979,-1239.08,-2.334656199933162,48,3,0.09606815616108136,0,Bajo,81.80112990896887
REGU_1084,42.67701744930145,3.0248141616225914,581.4392975423737,18.181975833358376,5,Tienda,Gaming,Regular,18.181975833358376,6.3,1,48.45327479519781,23.15193500802853,0,556.6592045273846,318.99,0.4557909697484876,47,4,0.07837921289246952,0,Bajo,43.63051030020461
REGU_1085,33.27770396692452,2.877149103700291,1507.8740838006163,13.23760527206676,5,Tienda,Gaming,Regular,13.23760527206676,7.2,1,125.65617365005136,29.160809891796585,0,1198.5885318422888,420.41999999999996,0.840167865707434,80,2,0.033976361878449275,0,Bajo,40.72367770123283
REGU_1086,17.230392894873994,5.7231399862949015,1174.5230975286602,19.69424398138253,4,Online,Smartphones,Regular,19.69424398138253,9.1,1,97.876924794055,35.90623480717272,1,1751.1490965527591,-1013.74,-1.3394311999520687,46,6,0.09893901690373952,0,Bajo,173.25697006480164
REGU_1087,44.91982156918918,2.8469467594296662,589.0704076012364,12.585996556575251,9,Online,Accesorios,Regular,12.585996556575251,6.8,0,49.08920063343637,59.7596817150404,0,422.9639625077159,-1068.13,-0.6270483293877088,62,3,0.08927799823499012,0,Bajo,37.76137589822829
REGU_1088,32.1561819371271,1.9205002929691983,870.5343908126404,20.57776862538124,5,Online,Laptops,Regular,20.57776862538124,6.6,2,72.54453256772003,40.13940830819652,0,982.0994446085188,436.84000000000003,0.8992362955186398,62,2,0.07213927146358573,0,Bajo,70.8479384388507
REGU_1089,24.08756392836534,7.393969602555897,1182.5092993058202,9.757137658758754,9,Online,Accesorios,Regular,9.757137658758754,8.0,0,98.54244160881836,32.91369842985605,0,765.545053433289,209.62,-0.01634153053846087,46,7,0.06103207374397388,0,Bajo,46.72280215547492
REGU_1090,50.54975811035898,2.279602205803985,695.5342646216884,13.337489952407411,7,App,Laptops,Regular,13.337489952407411,9.0,0,57.961188718474034,40.72380374253245,1,692.9425043799475,334.6,0.3472718038579291,69,3,0.06507442075052598,0,Bajo,45.0928320859439
REGU_1091,36.025727004179565,4.716413118721438,528.3574392296412,11.15838253151686,5,Tienda,Accesorios,Regular,11.15838253151686,7.2,0,44.0297866024701,25.3554308778252,1,351.4834902348812,-1261.0300000000002,-0.952437942703284,49,4,0.6056002958084878,1,Medio,212.85850565804378
REGU_1092,25.97474247084159,6.357301263837128,1131.4530836050178,15.905264842720282,4,Online,Smartphones,Regular,15.905264842720282,9.8,1,94.28775696708482,23.068350160154687,0,1476.5591967492664,-661.5600000000002,-0.21218837556805617,56,6,0.06751655174693712,0,Bajo,99.69218541473775
REGU_1093,37.94491690125608,6.58304832012606,944.4499441411688,14.922264231782126,6,App,Laptops,Regular,14.922264231782126,8.6,0,78.70416201176407,26.945544786455976,0,1012.0254913904196,-1481.07,-1.1318606175273838,55,6,0.0413832412537263,0,Bajo,41.88089506513064
REGU_1094,19.53665846761842,2.876578934611987,1520.402742345923,7.948152113791512,6,Online,Smartphones,Regular,7.948152113791512,6.9,0,126.70022852882693,26.2724450937273,0,690.304720679502,1118.55,0.44862121207816535,44,3,0.07577443853648781,0,Bajo,52.307452628576314
REGU_1095,25.03803053257605,7.949051423696909,1011.8739759795068,12.912263463670074,5,Online,Smartphones,Regular,12.912263463670074,8.0,0,84.32283133162557,36.29743661669525,0,872.9297656425848,-1804.31,-2.8801305802820556,46,7,0.03196912589866665,0,Bajo,27.906801578521367
REGU_1096,42.39739636966846,5.994633046971809,1227.4535913075415,14.442201614340348,9,Online,Smartphones,Regular,14.442201614340348,7.7,0,102.28779927562846,33.407071453967795,0,1138.3799167954608,-2027.82,-3.5541747273318753,55,5,0.025891540433752924,0,Bajo,29.474409644681963
REGU_1097,18.78710649858203,3.7423276236536376,1052.6266978715953,15.04755919970497,9,Online,Laptops,Regular,15.04755919970497,6.3,0,87.71889148929961,10.668422385651883,0,834.9383074659897,403.31000000000006,0.6147241988880605,53,4,0.08354097986683562,0,Bajo,69.75156433406606
REGU_1098,24.53420912552909,5.154917429061418,837.2886504119459,14.26031700198111,3,Tienda,Accesorios,Regular,14.26031700198111,7.6,0,69.7740542009955,25.32136522437873,0,755.452937578758,-1846.5700000000002,-1.058968766288825,53,6,0.062395526036560574,0,Bajo,47.136883436091566
REGU_1099,44.30491441284768,7.317357048063716,830.9317443081554,19.029467301660627,8,App,Laptops,Regular,19.029467301660627,7.9,1,69.24431202567962,31.0382403496928,0,1043.5732814585622,-1506.2700000000002,-2.380883708745869,59,7,0.030299735174034573,0,Bajo,31.619994062892676
REGU_1100,48.53678308867124,3.774517178987184,700.498204742136,19.88734829347589,4,Online,Gaming,Regular,19.88734829347589,6.9,1,58.374850395178,60.161372300456655,0,800.1621005044028,-1328.81,-2.211068917704723,43,6,0.07161798082626666,0,Bajo,57.30599397182958
OCAS_0001,101.11316074545353,2.116796731450112,447.8916975116097,10.483319781159466,1,Tienda,Smartphones,Ocasional,10.483319781159466,6.8,2,37.32430812596748,96.31258905282613,1,265.72150589975286,371.44,0.8395245366665528,140,3,0.8456623503480091,1,Alto,224.71067321719735
OCAS_0002,72.31588665002248,2.252741534709304,288.90651377545663,9.679619014443716,4,Tienda,Smartphones,Ocasional,9.679619014443716,9.3,4,24.075542814621382,71.30271754905432,0,216.06336336947365,-1431.5,-11.0808917548459,94,2,0.18293798047948168,0,Bajo,39.526195350415925
OCAS_0003,39.78941539484978,1.6000300022330916,365.3255323054364,3.315835841352735,3,Online,Accesorios,Ocasional,3.315835841352735,7.4,4,30.443794358786363,43.97215475553392,1,74.21772356564371,-1188.68,-3.2331877206129964,85,2,0.7936241804708122,1,Alto,58.90098004119327
OCAS_0004,91.52616422961935,1.4922090173037164,135.97120711825573,2.786545262624241,3,Online,Laptops,Ocasional,2.786545262624241,5.1,2,11.330933926521311,90.88312248901134,1,16.115937423232133,88.41000000000003,0.17607326528187636,61,3,0.934925439562071,1,Alto,15.067199879370131
OCAS_0005,41.24205475421184,2.202606897813835,331.4587065552003,8.711138225618004,2,Tienda,Smartphones,Ocasional,8.711138225618004,5.7,1,27.621558879600027,48.43141972722122,0,138.25237902908512,-255.44000000000003,-0.15784432018483263,50,4,0.20086232634528922,0,Bajo,27.769694474552715
OCAS_0006,52.54434174378335,1.4651296138946417,318.81661140893414,17.267815586318232,4,Online,Smartphones,Ocasional,17.267815586318232,6.5,2,26.56805095074451,51.31284643577226,0,299.007939203061,240.23000000000002,0.830728266131821,95,1,0.22169804345873131,0,Bajo,66.28947509994592
OCAS_0007,105.78260658921714,2.0832371848312685,524.1698989783108,11.286256498498457,4,Tienda,Accesorios,Ocasional,11.286256498498457,6.3,2,43.68082491485924,117.72109251300724,0,309.03210116826983,629.79,0.9333214300740453,55,3,0.15403837998089723,0,Bajo,47.602804226053024
OCAS_0008,101.75882595857408,2.192019339908434,161.8951912404812,11.92749614301472,1,Online,Accesorios,Ocasional,11.92749614301472,5.7,2,13.491265936706768,117.5678580929817,1,91.41490618600392,-614.8000000000001,-5.262188356164383,58,3,0.5217559475302793,1,Medio,47.696270995470066
OCAS_0009,83.325053236226,2.261250412690444,246.03051116821,9.084845901119891,1,App,Gaming,Ocasional,9.084845901119891,5.4,0,20.502542597350832,84.33969686467984,1,100.58562463933488,243.92000000000004,0.6220122610402185,104,2,0.6246316753365215,1,Medio,62.828967233238245
OCAS_0010,81.79210045667705,2.090868436610734,344.1090134887166,8.28925536023395,2,Online,Smartphones,Ocasional,8.28925536023395,7.0,6,28.675751124059715,91.50013808973004,0,165.7009050353277,383.24999999999994,0.7694063871505232,126,2,0.24326542828653547,0,Bajo,40.309301630885535
OCAS_0011,97.8150578507436,2.7189022933843883,294.1413191369561,3.8401273935317946,3,Online,Laptops,Ocasional,3.8401273935317946,7.5,3,24.51177659474634,113.69001665240872,0,70.98627296102742,-484.54,-2.424285673498908,90,4,0.25443352394455865,0,Bajo,18.061287581164546
OCAS_0012,81.71158377789901,2.798470553198231,371.7494847638728,8.705637662688547,5,Tienda,Smartphones,Ocasional,8.705637662688547,6.8,3,30.979123730322737,78.54511787295456,1,184.43611806882512,-1549.46,-10.034493260140101,67,3,0.7754116571902945,1,Alto,143.01391595749251
OCAS_0013,57.44272737405584,4.845166459501453,348.9793461257608,6.866151818696666,2,App,Accesorios,Ocasional,6.866151818696666,7.5,3,29.08161217714673,63.29932736982054,0,149.13871328236607,301.40000000000003,0.6037744599967588,87,4,0.09999321962204712,0,Bajo,14.912860111393146
OCAS_0014,59.813161384021406,1.3834973080456865,325.51192567485725,5.33276666819141,2,Online,Smartphones,Ocasional,5.33276666819141,6.4,3,27.125993806238103,67.59223319033467,0,93.06662130866836,135.10999999999999,0.7402882033861158,71,1,0.32864376188027905,0,Medio,30.58576453236811
OCAS_0015,97.88824479311856,3.011240136405732,330.1210120782352,13.923969616469972,2,Online,Gaming,Ocasional,13.923969616469972,4.7,3,27.51008433985293,117.92522913979974,0,181.93599813615245,-1538.45,-25.324279835390946,97,3,0.8016536615459369,1,Alto,145.84965907286136
OCAS_0016,55.37248375313742,2.9949445274789563,324.22836359577906,8.897608481571773,5,Tienda,Gaming,Ocasional,8.897608481571773,7.3,1,27.019030299648254,48.02801196580603,0,175.1795622893131,-1503.23,-15.663540689798896,86,2,0.072962511841613,0,Bajo,12.781540887942588
OCAS_0017,40.48572456382509,1.8139206092516111,309.46221319928327,6.13870992663569,3,Tienda,Gaming,Ocasional,6.13870992663569,9.1,1,25.78851776660694,16.535265525188784,1,143.6871859947375,-479.3299999999999,-0.9995285552683121,44,3,0.804495934195956,1,Alto,115.59575692882443
OCAS_0018,97.18205091238636,2.8883991897886228,185.37318187801253,12.52982518670864,4,Online,Smartphones,Ocasional,12.52982518670864,6.7,4,15.447765156501044,114.80647482778345,1,129.60969748216024,-2534.26,-7.718695187178018,48,4,0.9261862578583184,1,Alto,120.04272069315071
OCAS_0019,55.69367322792011,1.6870574690914233,217.15773607877267,10.926689306483649,4,App,Accesorios,Ocasional,10.926689306483649,5.8,2,18.09647800656439,60.25773228931825,0,113.74940579324556,138.38,0.6353200825035328,49,3,0.24800574636167796,0,Bajo,28.21050628195124
OCAS_0020,56.057552756406025,2.2216089623952198,376.9727535949004,16.61967147612637,5,Online,Gaming,Ocasional,16.61967147612637,7.7,0,31.414396132908365,48.85913110627319,0,401.1454151644749,-184.05999999999995,-0.4695161647774684,80,3,0.13715714054445355,0,Bajo,55.019958086477054
OCAS_0021,61.21181499745926,2.042351574587841,439.6542005874781,7.404468815916468,3,App,Smartphones,Ocasional,7.404468815916468,5.1,2,36.6378500489565,66.93159589029565,1,137.70382620404067,135.7800000000001,0.28156204250450567,61,3,0.6859236892113924,1,Medio,94.45431648839998
OCAS_0022,66.93071766002693,2.606669883533772,462.8554102887669,8.165042094235408,6,App,Smartphones,Ocasional,8.165042094235408,3.9,2,38.57128419073057,55.06531746863446,1,123.26844699235018,-1195.37,-1.017595232357137,47,4,0.8635241198242976,1,Alto,106.44527719117727
OCAS_0023,66.27870007022,2.826049376288442,194.3256505408536,10.180563518042163,1,Online,Accesorios,Ocasional,10.180563518042163,6.3,1,16.1938042117378,80.89352603323532,1,103.90009212922952,-1485.45,-10.011866755258973,63,3,0.7108684711604355,1,Alto,73.85929964533379
OCAS_0024,68.26826439118429,1.4548886244611303,116.57037658092,10.684246633775077,2,Online,Smartphones,Ocasional,10.684246633775077,5.6,6,9.71419804841,66.05775222533615,1,57.76326071749244,-595.22,-7.531570289763382,90,1,0.9499270720188046,1,Alto,54.87088512362643
OCAS_0025,76.38699796913451,2.1943220325690014,100.0,3.7235828353361473,2,Tienda,Smartphones,Ocasional,3.7235828353361473,4.3,2,8.333333333333334,79.59083703572223,1,13.298695281444417,-226.26,-0.9771230052296144,64,4,0.9461335449045162,1,Alto,12.582341709237967
OCAS_0026,101.7718443131066,1.894040650248117,360.17861437724883,5.441816958611261,3,App,Laptops,Ocasional,5.441816958611261,4.0,2,30.014884531437403,95.29366209925924,1,64.52079206412635,-529.0,-0.7404418549781653,78,3,0.8612333577064074,1,Alto,55.567458391264466
OCAS_0027,93.78194262856525,2.235947788088109,239.22145980300436,8.728539484044706,1,App,Gaming,Ocasional,8.728539484044706,5.2,2,19.935121650250363,99.5131794629588,1,90.60354390339285,-1478.63,-12.2636642614249,48,2,0.9381271750182827,1,Alto,84.99764668873487
OCAS_0028,58.93952619048201,3.1510263917946,316.3048580865601,1.0,1,Tienda,Smartphones,Ocasional,1.0,9.2,2,26.35873817388001,71.5469289645909,1,24.155083865333697,-111.08999999999997,-0.46608201709492003,83,3,0.6566376335000292,1,Medio,15.861137106327458
OCAS_0029,58.85229566844258,2.820811300565838,229.38677627348437,7.46142363270082,1,Online,Gaming,Ocasional,7.46142363270082,8.3,0,19.115564689457027,54.29895765073184,0,117.89444425487854,121.19000000000003,-0.011764121179009934,93,4,0.3309193015456484,0,Medio,39.01354714893679
OCAS_0030,86.31213055654908,1.5138384650926124,130.3482360003578,12.066844890024012,3,Tienda,Gaming,Ocasional,12.066844890024012,5.3,7,10.862353000029817,91.92212997466076,1,69.59465140475213,-1513.3500000000001,-17.627839254513688,92,1,0.8154625625319675,1,Alto,56.75183277303816
OCAS_0031,87.00573154764257,2.572691703656918,219.4761759543272,9.196733843255194,1,Online,Accesorios,Ocasional,9.196733843255194,7.0,3,18.289681329527266,69.27661792754606,1,118.05317652741914,-115.78999999999998,-0.4242020167090474,67,3,0.7564400725012075,1,Alto,89.30015341139878
OCAS_0032,45.61120261014463,2.371023745970405,356.3168727638806,3.640735586051096,3,Online,Smartphones,Ocasional,3.640735586051096,5.3,1,29.693072730323383,47.90536476625883,0,57.81116909432371,70.78999999999999,0.5911975947887088,75,2,0.5231712392738105,1,Medio,30.245140978945148
OCAS_0033,64.49342363272306,2.1779718898739784,419.8664140591599,13.414602431522352,2,Online,Laptops,Ocasional,13.414602431522352,5.2,1,34.988867838263324,72.23665900159196,1,242.34613532210108,-432.40999999999997,-2.639524390003182,57,3,0.6198160866713349,1,Medio,150.21003321526646
OCAS_0034,101.3669744575449,1.4721528989366828,313.0069681979565,6.261157880378219,4,App,Laptops,Ocasional,6.261157880378219,5.4,1,26.083914016496376,109.10288587611204,1,88.97218949450065,462.75,0.7010589931764664,65,3,0.7679154579088745,1,Alto,68.32311963682463
OCAS_0035,60.32968210992296,1.0368914925016122,571.1302736623663,5.888912496218296,4,Online,Gaming,Ocasional,5.888912496218296,6.7,5,47.59418947186386,68.74498764915029,1,188.85767123934937,0.0,0.0,106,1,0.8781597377436805,1,Alto,165.84720304642929
OCAS_0036,106.50281366881968,2.108446215231942,375.3712070180384,2.1953327748032034,3,Tienda,Smartphones,Ocasional,2.1953327748032034,6.5,5,31.280933918169865,95.8799816010839,1,44.92782586706147,271.54999999999995,0.4472202806021908,121,2,0.7940547680980704,1,Alto,35.67515435001999
OCAS_0037,41.96915655840771,2.7892112030433607,294.44477547466727,8.859938145331006,2,App,Gaming,Ocasional,8.859938145331006,8.1,0,24.537064622888938,65.81856981462968,0,175.93292453441927,-44.17999999999998,-0.04638789396588153,60,3,0.21256039250464898,0,Bajo,37.39637149352695
OCAS_0038,109.3125833878271,1.4867964668198406,181.28092710746503,6.863896757915448,1,App,Gaming,Ocasional,6.863896757915448,8.2,1,15.106743925622087,128.42206776624607,1,85.42089352566406,50.47,0.44025777126718446,150,2,0.9082240793229426,1,Alto,77.58131237728935
OCAS_0039,67.61996867243259,2.491637790120694,413.0919358572063,7.580911953273863,3,Tienda,Accesorios,Ocasional,7.580911953273863,4.8,0,34.42432798810052,71.02795788524689,0,126.26137091672908,-544.4,-1.2908603940417267,107,2,0.3039356123680318,0,Medio,38.37532708800325
OCAS_0040,72.41995125191511,2.0987748305106324,309.472295479228,8.502142151962198,1,Tienda,Smartphones,Ocasional,8.502142151962198,9.3,1,25.78935795660233,62.827646202868735,1,203.07758749218888,-270.72,-0.23365563303113784,44,2,0.6515194263828228,1,Medio,132.3089933141184
OCAS_0041,88.17677996695288,1.4899361136979714,297.7386508363894,1.0,3,App,Smartphones,Ocasional,1.0,9.2,7,24.811554236365783,87.08840203901296,0,22.80103571482456,-128.43999999999994,-0.2279267454633022,67,4,0.274823525390817,0,Bajo,6.266261017710013
OCAS_0042,99.6753709015944,1.0,344.7467743740166,14.724382773314812,3,Online,Laptops,Ocasional,14.724382773314812,6.3,5,28.72889786450138,104.70801936135072,1,264.4326417256281,1182.75,0.8956602178830475,89,2,0.9119600953254228,1,Alto,241.15201715525717
OCAS_0043,30.290276819891343,2.3595013112198475,168.54921283736078,7.447278026670908,1,Tienda,Accesorios,Ocasional,7.447278026670908,6.9,0,14.045767736446733,30.87851318346012,1,72.25734230601262,-1517.68,-18.617271835132485,58,2,0.8261889444673438,1,Alto,59.698217369820114
OCAS_0044,106.46292168774042,1.0,220.77836451484484,5.899722710743468,3,App,Smartphones,Ocasional,5.899722710743468,7.0,2,18.398197042903732,114.02656778969528,0,76.45613898582425,-431.51,-1.3948726554587672,105,2,0.2812997666003576,0,Bajo,21.507094051876866
OCAS_0045,20.58050747570379,2.3152895442966863,317.0965824801757,8.248603624342907,6,Online,Smartphones,Ocasional,8.248603624342907,6.3,1,26.424715206681316,32.22382595254932,0,138.39848621924864,228.87,0.7715951962093623,53,3,0.21397996820220822,0,Bajo,29.614503680428577
OCAS_0046,73.94006479250767,1.8992438672933885,370.7701660804485,10.431684604386575,3,Online,Smartphones,Ocasional,10.431684604386575,5.2,8,30.897513840037377,82.90099428143938,1,168.63068212767823,205.99,0.9033064374671111,112,1,0.8832481003408262,1,Alto,148.9427296484495
OCAS_0047,85.6229900598421,3.341320642209088,400.7500959319258,17.361200863427918,3,Online,Smartphones,Ocasional,17.361200863427918,7.4,0,33.395841327660484,100.39222933577577,1,431.9376517573149,160.65,0.5642139705839905,75,4,0.8682221869536082,1,Alto,375.01785263634196
OCAS_0048,43.43206575992655,1.9090159216258096,493.7060779526703,13.103926940915356,3,Online,Smartphones,Ocasional,13.103926940915356,6.5,1,41.14217316272252,43.02068471847638,1,351.84180257965943,199.59,0.945073156872958,60,1,0.6074669084583421,1,Medio,213.73225207947604
OCAS_0049,53.950586773447455,1.6446660629090286,196.1893073571258,3.4442071732001294,1,Tienda,Accesorios,Ocasional,3.4442071732001294,5.3,1,16.34910894642715,49.38283718088412,1,30.05243443751681,41.330000000000005,0.6520984537709057,57,1,0.8428036487793212,1,Alto,25.328301398640495
OCAS_0050,119.40094093150388,2.0802682726624897,240.4852619194867,7.9357850818277855,1,Tienda,Gaming,Ocasional,7.9357850818277855,6.0,2,20.04043849329056,121.2146532361017,0,95.66435666765408,26.92000000000003,0.1561462308788363,127,3,0.07992462433968363,0,Bajo,7.645937769359761
OCAS_0051,61.35684898409515,1.8535273723109724,156.38534736438694,3.284234391570485,4,Online,Laptops,Ocasional,3.284234391570485,7.5,5,13.03211228036558,68.12146009513943,1,32.02047142143361,66.77000000000001,0.8519841776189869,73,1,0.875601370013556,1,Alto,28.03716864508719
OCAS_0052,90.2297332833719,1.0,201.73569962896096,8.717851274535791,4,Tienda,Laptops,Ocasional,8.717851274535791,4.5,2,16.811308302413412,93.74429590839296,1,65.59284294568623,-993.8100000000002,-1.0552493954049973,78,4,0.8243750444812467,1,Alto,54.07310282100151
OCAS_0053,99.67710854374502,1.4128045768970856,250.2813275395144,12.412368934235506,1,Tienda,Laptops,Ocasional,12.412368934235506,6.2,4,20.85677729495953,102.21512768132824,1,161.33680663980232,558.4,0.8724913443844476,51,4,0.8334294389603366,1,Alto,134.46284424146276
OCAS_0054,66.66225426979054,1.506834033495004,252.31341504721388,11.31446759562501,2,Online,Gaming,Ocasional,11.31446759562501,6.1,3,21.026117920601155,61.31411608986158,1,146.30367225841266,0.0,0.0,61,1,0.40800592113762224,0,Medio,59.692764565610446
OCAS_0055,83.68789495567272,3.9456215801441,284.7072676434198,11.174482990912171,3,Online,Laptops,Ocasional,11.174482990912171,4.4,4,23.72560563695165,61.32206102652143,0,115.79357846835016,-237.27999999999997,-4.7456,44,4,0.148643948055741,0,Bajo,17.21201466303781
OCAS_0056,100.94329748351404,2.6386115957047256,219.3511112590264,12.115763830112368,7,Online,Accesorios,Ocasional,12.115763830112368,5.1,1,18.27925927158553,103.58533410062314,1,112.56367459375129,-62.77999999999995,-0.013862349009368724,64,4,0.8354940915600173,1,Alto,94.04628504736363
OCAS_0057,69.9389206454166,1.097996602330803,436.6931893945025,12.035965907726592,3,App,Smartphones,Ocasional,12.035965907726592,7.2,2,36.391099116208544,70.29774427293867,0,313.63829017493447,1234.0099999999998,0.6117818472482248,48,3,0.8316498825145977,1,Alto,260.83724717606356
OCAS_0058,106.55603392683516,1.4527331502719465,282.6264749573648,12.914703261747873,2,App,Gaming,Ocasional,12.914703261747873,7.5,3,23.552206246447067,121.02886904062622,1,227.10005943471452,-1282.45,-0.7650588678675833,69,5,0.7952186705963523,1,Alto,180.5942073560263
OCAS_0059,47.05264153199481,1.372710772755009,413.6898923362526,5.633416738630217,3,Tienda,Accesorios,Ocasional,5.633416738630217,7.5,0,34.47415769468772,30.24959613630313,0,145.5403077496629,-27.41999999999996,-0.10551835603786638,91,1,0.20474705085993497,0,Bajo,29.798948792990817
OCAS_0060,48.08670755587215,2.024505845778976,300.64566647279287,12.810346203397351,6,Online,Accesorios,Ocasional,12.810346203397351,8.1,1,25.05380553939941,50.81332157197605,0,260.7970871907371,-290.29999999999995,-0.7700647017643929,78,4,0.26412704513227986,0,Bajo,68.88356401879494
OCAS_0061,29.791448649394148,1.8883887773335435,353.2160254105521,9.368477680438628,1,Tienda,Accesorios,Ocasional,9.368477680438628,5.6,3,29.43466878421268,27.73230453676399,0,154.8607536280986,1183.08,0.9519563634014443,57,4,0.1887429282160009,0,Bajo,29.228872105504013
OCAS_0062,69.18081779768916,2.4727630616439105,276.7307145588354,1.7873840012683626,3,Online,Laptops,Ocasional,1.7873840012683626,4.1,3,23.06089287990295,67.06251145563174,1,16.97093373076566,173.45999999999998,0.7197720958210787,71,2,0.8501232541243322,1,Alto,14.427385408726895
OCAS_0063,77.16736428713835,2.594396328751321,463.4921208007897,12.470082195098428,5,App,Laptops,Ocasional,12.470082195098428,5.7,3,38.62434340006581,77.7850775509708,0,273.50249500560017,176.17000000000002,0.33313643118382613,49,4,0.47689185962691333,0,Medio,130.43111345582125
OCAS_0064,66.19154353802573,1.7264956707107,521.4737205692935,10.38199891233238,3,App,Laptops,Ocasional,10.38199891233238,7.2,2,43.456143380774456,70.21358450438368,1,323.7654441440696,184.33999999999997,0.6974122276029054,68,2,0.6976077919338471,1,Medio,225.8612965938257
OCAS_0065,47.40763074614282,2.629182815168638,324.5750864741219,8.340999905171389,4,App,Gaming,Ocasional,8.340999905171389,8.8,2,27.04792387284349,71.17525927423088,0,197.77681540117837,-884.39,-2.9947999698835894,51,4,0.2376724625473914,0,Bajo,47.00610275117891
OCAS_0066,144.43402142096812,1.5831401153646911,291.3957149477823,1.2186192336417596,6,Online,Gaming,Ocasional,1.2186192336417596,8.8,1,24.282976245648527,153.03351476135043,1,25.91829018138606,0.0,0.0,212,1,0.8917192834446902,1,Alto,23.111839148657126
OCAS_0067,68.82855268722868,1.0,413.45788753679176,11.4276210820204,3,Online,Gaming,Ocasional,11.4276210820204,7.8,8,34.45482396139931,72.69296120055172,1,307.94227980716465,0.0,0.0,103,1,0.9007495250545343,1,Alto,277.37886228051406
OCAS_0068,75.10555299396476,1.0,274.0439513596672,10.204222031656585,2,Online,Accesorios,Ocasional,10.204222031656585,7.0,5,22.836995946638933,76.47000012666912,1,162.0283938435436,182.98000000000002,0.940384417720218,127,1,0.9051656975115941,1,Alto,146.66254413007442
OCAS_0069,100.96635718299338,1.0,245.4363112672935,13.53222959432642,4,App,Accesorios,Ocasional,13.53222959432642,7.9,3,20.453025938941124,100.10607098507376,0,217.7988329656928,-389.12,-0.7366060368880454,53,2,0.32566169337889395,0,Medio,70.9287367595544
OCAS_0070,34.3509059084273,1.515831854828607,100.0,11.183085569467805,4,Tienda,Smartphones,Ocasional,11.183085569467805,6.5,3,8.333333333333334,18.81286695067105,0,60.98005922143008,-1527.3600000000001,-21.260579064587976,71,1,0.8410511238454822,1,Alto,51.28734734034783
OCAS_0071,79.70505221057043,3.468003964208951,235.04061249912976,3.6204384572916313,6,Online,Gaming,Ocasional,3.6204384572916313,6.2,2,19.586717708260814,96.17921792087353,1,44.29938880374197,-1748.08,-11.653866666666667,58,3,0.8335140649025873,1,Alto,36.92416363450713
OCAS_0072,71.01584285118899,3.707676441137796,368.231725582655,4.936886866759871,2,Tienda,Smartphones,Ocasional,4.936886866759871,9.5,2,30.685977131887917,71.6865341982146,1,144.64279238009513,-554.88,-0.7614493219846658,58,4,0.4581507746911554,0,Medio,66.26820738243254
OCAS_0073,85.55035898526735,1.826627990890858,504.06775446169706,1.744282940397384,2,Tienda,Laptops,Ocasional,1.744282940397384,6.1,2,42.005646205141424,81.2150823881801,0,44.578744877548,-219.75,-0.37499492797729156,82,3,0.2846258242633807,0,Bajo,12.688262005399057
OCAS_0074,72.89487478893571,2.6527251878955083,231.663393456373,8.853399710052528,6,Online,Smartphones,Ocasional,8.853399710052528,7.4,3,19.30528278803108,78.15416842314556,0,126.4951995632465,-103.10999999999997,-0.5830216559724397,93,3,0.3857719810122043,0,Medio,48.79830372404772
OCAS_0075,104.23049010869074,1.8558670449268853,369.7704336691853,6.763426063404232,3,Tienda,Accesorios,Ocasional,6.763426063404232,7.0,2,30.814202805765444,86.98827816563629,0,146.1927482904602,222.22999999999996,0.4748487717443428,69,2,0.3473512409373255,0,Medio,50.78023253472942
OCAS_0076,65.32042603489631,2.2914531380719234,378.36729822781547,7.7951747039913455,4,App,Gaming,Ocasional,7.7951747039913455,8.1,1,31.53060818565129,51.96421346678578,1,200.30071563634792,459.9,0.6447651114973055,47,4,0.3284340678826627,0,Medio,65.78557883625422
OCAS_0077,112.642221233552,2.609994346838245,246.7260012834864,8.9283047860105,2,Online,Gaming,Ocasional,8.9283047860105,6.2,1,20.5605001069572,116.89878957995953,0,113.36395113205693,132.93,0.3581228657758613,54,5,0.2320272407748206,0,Bajo,26.303524784502766
OCAS_0078,74.03279678277572,3.9675701184669103,373.8732975034558,14.118317804137494,5,Online,Smartphones,Ocasional,14.118317804137494,6.3,2,31.156108125287982,70.19992867202853,1,277.6362069348752,110.8,0.14576039483229655,45,5,0.5091958985268742,1,Medio,141.37121785379696
OCAS_0079,85.63915114706457,2.3154316367689187,364.6340187971987,10.927704981542746,1,App,Gaming,Ocasional,10.927704981542746,6.7,3,30.38616823309989,82.33889770661163,0,222.0924250102521,-337.93999999999994,-0.6588087006742782,91,2,0.34069034468266934,0,Medio,75.66474482815268
OCAS_0080,32.6728355616855,1.6522591563349005,236.8237342321861,4.447394820315553,3,Online,Accesorios,Ocasional,4.447394820315553,6.7,6,19.735311186015508,20.153422518652555,1,58.83548860317914,104.27999999999999,0.5659394334093129,54,2,0.8777767497047672,1,Alto,51.64442395339045
OCAS_0081,27.47313927955036,2.0666357100374464,318.19062959001127,6.685733934988168,4,Online,Gaming,Ocasional,6.685733934988168,10.0,0,26.51588579916761,35.792840508967174,1,177.2781575037657,-377.15,-1.2568088872594427,54,4,0.5638899559001295,1,Medio,99.96537241685465
OCAS_0082,92.33180949602814,2.200098450324752,398.8071920574935,1.0,2,Online,Laptops,Ocasional,1.0,8.6,3,33.23393267145779,72.91595285955135,1,28.698804044785245,-1979.96,-9.706053476608881,65,2,0.7776820939856413,1,Alto,22.31854602443218
OCAS_0083,54.123594370682966,3.2693347049647925,276.1610684156322,3.692242989339461,3,Online,Gaming,Ocasional,3.692242989339461,7.7,1,23.01342236796935,63.39982396284984,0,65.27944142746637,-2533.94,-7.498894372218092,47,5,0.11016972930308194,0,Bajo,7.191818391120362
OCAS_0084,95.78428344238372,4.131738927978233,277.8568264228529,2.331901055624151,4,Tienda,Laptops,Ocasional,2.331901055624151,6.8,1,23.154735535237744,98.5117114110597,1,36.63630690032485,-2542.03,-5.331246055249691,82,5,0.40573331186929557,0,Medio,14.864570133328726
OCAS_0085,22.25230409326334,1.7736440197085126,347.1289881046498,9.435542460684337,4,Online,Gaming,Ocasional,9.435542460684337,5.7,1,28.927415675387483,40.51279948639218,0,156.61917399902856,81.50000000000003,-0.048111328838587875,66,2,0.4079149845494503,0,Medio,63.8873079419614
OCAS_0086,70.25515337418929,1.4218202480350497,117.05379862078188,5.773901168409925,2,Online,Accesorios,Ocasional,5.773901168409925,8.6,2,9.75448321839849,69.51345688999278,1,48.40587621273138,-1491.22,-7.470894843483048,45,2,0.5724889103123739,1,Medio,27.71182732574225
OCAS_0087,62.00436944566152,2.1507520643366056,100.0,5.032242184974097,3,Online,Accesorios,Ocasional,5.032242184974097,6.4,4,8.333333333333334,57.59025891521223,1,26.75688263828594,-609.86,-4.811966056204609,83,3,0.9125596315463186,1,Alto,24.417250961722306
OCAS_0088,55.48010115633775,1.0,355.1626847303944,4.308613680417993,2,Online,Smartphones,Ocasional,4.308613680417993,7.5,4,29.596890394199534,47.797369005017536,0,96.05306246079704,106.46999999999998,0.5710378117457763,118,1,0.7345020288771787,1,Alto,70.5511692573218
OCAS_0089,105.48577707386931,1.4589083975715154,237.77514444561808,11.782756149988622,2,Online,Laptops,Ocasional,11.782756149988622,7.0,1,19.81459537046817,97.48255741043154,1,163.22387149151308,237.22000000000003,0.8289478282139987,56,1,0.8151327614604531,1,Alto,133.0491251051432
OCAS_0090,99.06277629927894,2.637174842369906,238.54235928422747,6.611008627285776,2,Tienda,Laptops,Ocasional,6.611008627285776,10.0,2,19.87852994035229,91.51023813381468,0,131.41713293342758,246.74,0.7516300087476622,128,4,0.4996690045281482,0,Medio,65.66506799078908
OCAS_0091,84.40744447977663,1.8407603077273864,393.8948306855423,10.78263817719644,1,App,Accesorios,Ocasional,10.78263817719644,5.3,3,32.82456922379519,65.03030672971033,0,186.02783690821389,277.45,0.7416620975913591,45,2,0.19495259851579674,0,Bajo,36.26661020152914
OCAS_0092,36.18831374640936,3.0140301301307124,100.0,5.014405506264964,3,Online,Accesorios,Ocasional,5.014405506264964,6.4,2,8.333333333333334,36.59510103272476,0,26.82752865820756,-623.2,-6.231999999999999,50,3,0.15088475995577982,0,Bajo,4.047865221800452
OCAS_0093,81.59665052257363,1.684256233071597,313.4062834385059,12.449307297561052,1,Tienda,Accesorios,Ocasional,12.449307297561052,7.6,3,26.11719028654216,97.28643129018305,0,246.32185843708183,-581.13,-6.240657216494845,70,1,0.1781425183905366,0,Bajo,43.880396196619
OCAS_0094,94.56625115874088,1.344583222214218,321.6409807214732,11.234316257562302,6,Online,Gaming,Ocasional,11.234316257562302,6.6,3,26.80341506012277,89.40865510117972,1,197.51382747087243,0.0,0.0,95,1,0.451323538469656,0,Medio,89.14263951083929
OCAS_0095,53.53534435925035,3.356412655399885,100.0,13.821637928688116,8,App,Laptops,Ocasional,13.821637928688116,7.3,0,8.333333333333334,56.20986973124352,0,83.96984966281107,-178.77999999999997,-0.8938999999999999,52,5,0.1920765327523758,0,Bajo,16.128637578971002
OCAS_0096,81.29998775400469,2.4460152578024923,176.4890845191755,12.684817077859163,4,Online,Accesorios,Ocasional,12.684817077859163,4.2,2,14.707423709931293,84.98512159316545,1,79.14017521662056,-628.3,-6.269169300671671,48,3,0.8796530072794071,1,Alto,69.61589312591948
OCAS_0097,56.57460310536845,3.15101048993869,398.0171728675075,6.238413427552002,1,App,Smartphones,Ocasional,6.238413427552002,8.7,4,33.16809773895896,38.23619296165557,0,179.39208538761417,-1162.87,-1.6810248926039288,63,5,0.1791938902592369,0,Bajo,32.14596566232379
OCAS_0098,106.18866350786176,2.5580403591023457,100.51630571987168,1.0,3,Online,Accesorios,Ocasional,1.0,8.7,2,8.376358809989306,96.58362314372953,0,7.259494711846081,-196.77999999999997,-0.9838999999999999,54,4,0.21366026632197457,0,Bajo,1.5510655734959997
OCAS_0099,101.15282764618937,3.510488703050016,520.9770323364925,12.538884141943456,1,App,Accesorios,Ocasional,12.538884141943456,7.8,1,43.41475269470771,94.43548584793946,0,424.0146615828997,-2535.3,-2.5656435394493506,62,7,0.0840885905373254,0,Bajo,35.65479525966705
OCAS_0100,54.91894403607191,1.0,280.36321513185527,11.538891604630988,2,Tienda,Gaming,Ocasional,11.538891604630988,6.2,0,23.363601260987934,61.76845566645327,0,167.40131856680853,646.98,0.8352562113591214,75,3,0.3472142099497732,0,Medio,58.12411657072472
OCAS_0101,67.61298163683475,2.727009184091544,175.96191752949937,1.0,2,Online,Laptops,Ocasional,1.0,5.6,1,14.66349312745828,78.02102453678293,0,8.264772958894362,141.87,0.49084813103696123,80,4,0.6290081953853509,1,Medio,5.198609924143789
OCAS_0102,66.62921907060606,1.742384680109553,371.0750673511042,2.198106362179153,1,Online,Laptops,Ocasional,2.198106362179153,4.2,4,30.922922279258685,59.72210759732258,0,28.597805364503955,238.76999999999998,0.9154589371980676,134,1,0.9734820378215707,1,Alto,27.839449843461956
OCAS_0103,97.5350522540346,1.0,373.7508629195509,12.576370778165176,2,App,Laptops,Ocasional,12.576370778165176,5.6,1,31.14590524329591,92.61239365107652,0,218.0408596956163,-939.3800000000001,-1.3493741188070447,54,2,0.4537601304488614,0,Medio,98.93824893866473
OCAS_0104,70.714118463048,2.271477609109218,163.24054074760562,4.9010914651697295,2,Tienda,Accesorios,Ocasional,4.9010914651697295,4.6,2,13.603378395633802,66.96088247098655,1,30.70578706988742,1.0499999999999972,0.020999999999999942,96,2,0.7557223792280745,1,Alto,23.205050460525968
OCAS_0105,18.196458610734823,1.0,207.39235711336352,5.753605294492525,3,Online,Accesorios,Ocasional,5.753605294492525,7.0,0,17.282696426113628,1.0,0,69.65335208122045,620.01,0.8432685153191578,65,2,0.21087522301958564,0,Bajo,14.688166154189082
OCAS_0106,73.95155422963616,1.0,241.19352075482743,9.504124246800789,1,Online,Smartphones,Ocasional,9.504124246800789,5.6,2,20.099460062902285,77.36835122177875,0,107.86357196392056,281.84000000000003,0.8935229975709471,62,2,0.4737015634185286,0,Medio,51.09514267521614
OCAS_0107,49.12962778563524,2.295782992827154,286.18638186534184,5.547244742450399,2,Tienda,Smartphones,Ocasional,5.547244742450399,8.0,0,23.848865155445157,45.99867539649073,0,106.26931148139408,-1722.73,-11.149969696969698,67,3,0.18531659838083636,0,Bajo,19.69346731600551
OCAS_0108,76.01902904337298,2.012383488459506,391.6155899134124,8.05352763914735,4,Online,Gaming,Ocasional,8.05352763914735,7.4,2,32.63463249278436,72.56670074193129,1,195.22332578156,436.24999999999994,0.7883503220578585,56,4,0.6535800140794935,1,Medio,127.59406401295753
OCAS_0109,57.116560772633335,2.2017851839354385,465.87015441018434,13.944636948074129,3,Online,Accesorios,Ocasional,13.944636948074129,7.3,2,38.82251286751536,67.72650514744407,0,395.7650176423425,-1269.91,-3.1911479856558715,52,2,0.15960819016556804,0,Bajo,63.16733819673839
OCAS_0110,104.8405696356294,1.1387664091400755,121.16119215160155,9.558318356512707,5,Tienda,Accesorios,Ocasional,9.558318356512707,6.4,1,10.096766012633465,79.43246152802126,1,62.16686666816143,100.03999999999999,0.593038533123151,126,2,0.9128489417797606,1,Alto,56.748958451794635
OCAS_0111,58.69251488763592,1.5744842057093715,178.99332784040934,11.906665980906476,5,App,Accesorios,Ocasional,11.906665980906476,6.0,4,14.916110653367443,48.52871944623124,0,106.18547954113288,-1358.64,-3.828280639307948,74,3,0.21370686555976606,0,Bajo,22.692566000696175
OCAS_0112,79.66600051112441,1.1308383207611366,224.7397457458873,5.092666487713795,1,Online,Laptops,Ocasional,5.092666487713795,5.5,6,18.728312145490605,78.11609284120308,1,52.47108180851866,0.0,0.0,50,1,0.8090562635389068,1,Alto,42.45205739184441
OCAS_0113,105.7621089089588,1.0,463.9340661721727,9.458847092833942,4,Online,Accesorios,Ocasional,9.458847092833942,4.2,7,38.66117218101439,106.79135839361972,1,153.4316459266144,-787.21,-0.983549968498219,94,3,0.9630295446028765,1,Alto,147.75920810437725
OCAS_0114,58.26569770886868,2.0954691032209185,149.08186057162504,7.650890246666715,6,App,Accesorios,Ocasional,7.650890246666715,9.0,3,12.423488380968754,53.96025594664591,0,85.62711148295342,14.54999999999999,-0.046510777363151456,48,4,0.11164965214155204,0,Bajo,9.560237210957645
OCAS_0115,92.5092367411921,1.6820326641722918,223.15490342384663,14.208380030688213,6,Online,Smartphones,Ocasional,14.208380030688213,3.5,2,18.59624195198722,101.01193001108967,1,92.86168186428743,-495.18,-2.7652873178086783,155,1,0.9726527232854365,1,Alto,90.32216775416501
OCAS_0116,53.30489971805135,2.6838383320326087,162.16125041884098,6.857772473974907,2,Online,Gaming,Ocasional,6.857772473974907,9.1,1,13.513437534903415,52.03395186773327,0,83.9473678816945,-2152.83,-11.466224542911055,57,4,0.05963555922473105,0,Bajo,5.006248229069078
OCAS_0117,104.07452200979604,1.5041031435003585,364.8527392127875,5.1300055916623135,1,Online,Accesorios,Ocasional,5.1300055916623135,7.7,2,30.40439493439896,102.22809375866385,1,120.39073328406364,735.4,0.802410509584944,62,4,0.691091380187912,1,Medio,83.20099802711835
OCAS_0118,65.86126033332972,1.6734426611758235,297.3382805489257,4.304315691229406,6,App,Accesorios,Ocasional,4.304315691229406,6.5,3,24.778190045743813,46.89916443982293,1,69.61186965781394,157.39,0.6630576736740109,63,1,0.6854109381957616,1,Medio,47.712736891723324
OCAS_0119,66.83955934629762,2.3434805709290165,419.31432288910736,7.419085416644322,6,Online,Gaming,Ocasional,7.419085416644322,7.3,1,34.94286024075895,77.14584618374208,1,187.99542723507545,761.95,0.5701854426102079,53,6,0.6244786328017117,1,Medio,117.39912737273359
OCAS_0120,109.17264232424915,2.1475466797124856,596.4536018416104,13.783266764156917,4,Online,Laptops,Ocasional,13.783266764156917,6.2,3,49.7044668201342,114.06245190238292,0,427.4035716195907,-34.62000000000006,-0.024766797510729483,85,5,0.09577211979836253,0,Bajo,40.93334606339946
OCAS_0121,37.00914533705937,1.7130888873694965,283.5053218852888,9.337972833381372,3,Tienda,Accesorios,Ocasional,9.337972833381372,5.5,3,23.62544349044073,10.141024834326837,0,120.33681859371548,-1212.5900000000001,-12.220948282639295,70,2,0.6742095538620729,1,Medio,81.13223277725011
OCAS_0122,79.71749405825268,2.3977021258849653,371.5266392057494,4.8888751541656745,2,Online,Accesorios,Ocasional,4.8888751541656745,5.9,2,30.960553267145784,71.23017597427284,0,88.85734161705014,-88.81999999999998,-0.39464041095106167,66,3,0.5001423157904793,1,Medio,44.441316611337186
OCAS_0123,39.33156089888987,1.6152834329491013,279.6914963577549,9.644582790118406,4,App,Accesorios,Ocasional,9.644582790118406,7.8,4,23.30762469647957,45.69088593611841,1,175.5733617885312,118.0,0.46861874970894984,67,2,0.35917940703597123,0,Medio,63.062335978516685
OCAS_0124,69.63073067656445,1.0,253.3832451112662,6.058755118191526,2,Online,Smartphones,Ocasional,6.058755118191526,7.9,2,21.11527042593885,72.96506300006621,0,100.75597728096346,248.10000000000002,0.8352129271166471,104,1,0.29651290755159954,0,Bajo,29.87544777678138
OCAS_0125,121.41680844794286,2.0259412833496038,100.0,8.121074684434475,3,Online,Smartphones,Ocasional,8.121074684434475,5.0,6,8.333333333333334,112.25680654145256,0,34.153779750669536,0.0,0.0,64,2,0.7397803588219531,1,Alto,25.266295439076266
OCAS_0126,43.9856977212595,2.2887395971114635,189.2929314936341,4.384063320385276,1,Online,Gaming,Ocasional,4.384063320385276,4.3,0,15.774410957802838,47.82846225548788,1,29.95503904225801,-825.17,-7.075056918941197,95,2,0.903725844224147,1,Alto,27.071142947231905
OCAS_0127,45.654550072539394,1.0,209.35689703696096,9.582846129667812,1,Online,Accesorios,Ocasional,9.582846129667812,8.1,0,17.446408086413413,40.25441673634352,1,134.73767428461105,-1028.03,-1.173344678846386,57,3,0.7051011496511149,1,Alto,95.00368903939672
OCAS_0128,79.88625033596117,1.0,100.0,8.676507292341364,7,Online,Accesorios,Ocasional,8.676507292341364,8.3,3,8.333333333333334,73.21174558181917,0,60.12534926607013,202.55,0.598747703519879,53,3,0.1818167993036483,0,Bajo,10.931798560570831
OCAS_0129,57.19657470721767,1.720616419667706,319.958809573374,7.881462651665692,4,Tienda,Gaming,Ocasional,7.881462651665692,9.3,0,26.663234131114503,36.61028545895623,0,195.37519288054904,-123.54999999999998,-0.7545959811885421,120,1,0.14562330886404895,0,Bajo,28.45118205721733
OCAS_0130,77.75586925965233,2.135414989063686,277.22285308420584,14.90296860843113,1,Tienda,Accesorios,Ocasional,14.90296860843113,6.5,2,23.10190442368382,80.94970234348061,0,222.8359900697432,-2493.4900000000002,-3.8789451331074396,46,6,0.17175459146066666,0,Bajo,38.27310443716191
OCAS_0131,41.58993941604341,1.2982928492420602,411.6069049155141,10.752432097617076,3,Online,Accesorios,Ocasional,10.752432097617076,8.9,1,34.30057540962618,38.79416803700931,1,327.09401230162064,-490.24,-1.5093330726724201,65,2,0.6208624318283155,1,Medio,203.08038391406512
OCAS_0132,119.9870810564669,1.5091197985259557,349.6524629240554,11.917987559147123,3,Tienda,Smartphones,Ocasional,11.917987559147123,4.3,3,29.13770524367128,120.99057634063485,1,150.18413937032022,96.71,0.6639434299052588,89,1,0.7385582780827694,1,Alto,110.91973936868636
OCAS_0133,70.89621037979454,2.545004985296675,398.7281276403653,11.614285568142405,5,Online,Laptops,Ocasional,11.614285568142405,8.4,3,33.22734397003044,74.52355730837492,1,325.69035235793933,74.24,0.4325416860871592,62,3,0.4737646489652331,0,Medio,154.30057545622222
OCAS_0134,122.06853762184994,2.017289145163653,217.58517780464487,8.315288000010584,2,Online,Smartphones,Ocasional,8.315288000010584,6.2,0,18.132098150387076,122.60110776304866,1,93.359970883943,-136.14,-0.6161440763557151,77,3,0.9449876912368221,1,Alto,88.22402333955424
OCAS_0135,109.68974200485084,1.0,432.9337663066251,17.174708305528462,4,Online,Gaming,Ocasional,17.174708305528462,7.7,0,36.07781385888543,114.01626446259404,1,475.4346429584928,-97.82000000000002,0.12053632138151099,95,4,0.7105066690210776,1,Alto,337.79948450566405
OCAS_0136,81.16909184639793,3.446546952316832,385.5342346872465,10.73320030621972,2,Tienda,Accesorios,Ocasional,10.73320030621972,3.5,3,32.12785289060388,72.89598684028178,1,119.30143893582628,-876.47,-2.3135481038618346,65,4,0.8088103216655683,1,Alto,96.49223520085081
OCAS_0137,58.01451097642773,2.23246427829963,409.7896874037739,14.357787744418832,3,Online,Smartphones,Ocasional,14.357787744418832,10.0,0,34.14914061698116,54.412800546248405,0,490.3061126329274,194.74,0.943782107201706,83,2,0.11463378102739212,0,Bajo,56.20564355195486
OCAS_0138,75.61588880524873,1.077652719670013,213.1542937009558,16.528714096376184,3,App,Smartphones,Ocasional,16.528714096376184,6.4,6,17.762857808412985,74.89266113764009,0,189.2765688257964,-2360.7000000000003,-5.269969969874514,73,3,0.1562327385366677,0,Bajo,29.571196688478235
OCAS_0139,69.7539472497737,2.012726095859113,282.9442704100913,6.925016037985059,4,App,Laptops,Ocasional,6.925016037985059,6.5,3,23.578689200840945,65.89987297762003,0,106.32006857097646,205.67000000000002,0.766648123867107,88,2,0.2719789317851818,0,Bajo,28.916818677261457
OCAS_0140,103.46160644331012,1.1577535093985605,271.454055421262,10.999821864617394,3,Online,Laptops,Ocasional,10.999821864617394,8.9,2,22.621171285105167,116.8028250795785,1,220.5043009213124,-300.56,-0.8043030319248575,129,1,0.8120320179785171,1,Alto,179.0565524500755
OCAS_0141,94.34363542871804,1.0,292.24613887754214,8.998835225629689,7,Online,Gaming,Ocasional,8.998835225629689,5.5,10,24.353844906461845,101.98768210334416,1,121.0992479605688,-314.70000000000005,-0.4994970057314666,87,4,0.8435917185059207,1,Alto,102.15832269683085
OCAS_0142,68.50707864837001,3.194758761391118,307.4333191246189,12.38009974887713,4,Online,Gaming,Ocasional,12.38009974887713,6.0,0,25.61944326038491,70.05503089456758,0,190.5749022607249,-1589.5,-5.380178348295538,58,5,0.3024726201216122,0,Medio,57.64369001622162
OCAS_0143,13.402832632892228,1.0,232.03264211020905,16.4806388314947,3,Tienda,Gaming,Ocasional,16.4806388314947,7.0,1,19.336053509184087,16.66286804998664,0,221.79250276167,984.8799999999999,0.857107659985223,43,3,0.1252724137857503,0,Bajo,27.78448218053709
OCAS_0144,64.46521449801435,1.0,307.4136727729442,8.06614944004618,2,Online,Smartphones,Ocasional,8.06614944004618,5.8,0,25.61780606441202,75.65435062735762,0,119.91352785573312,715.87,0.9051079893412071,45,2,0.2614877239725625,0,Bajo,31.355915472516124
OCAS_0145,34.44148397928773,1.0,197.29209134376012,9.069949634935371,1,Online,Laptops,Ocasional,9.069949634935371,5.6,2,16.441007611980012,43.53018159195423,1,83.84511932135838,-1056.46,-2.932524954481214,55,2,0.7409240162771198,1,Alto,62.12286255281519
OCAS_0146,64.10520234986787,1.5999615325964545,100.0,7.823217060178252,2,Online,Laptops,Ocasional,7.823217060178252,6.9,1,8.333333333333334,70.00207856004226,1,45.22020891845002,33.39999999999999,0.40558591378263503,113,2,0.892123269604487,1,Alto,40.34200063252561
OCAS_0147,65.78948017845059,1.0,488.8388754900556,9.896118112637224,1,Online,Laptops,Ocasional,9.896118112637224,6.6,5,40.73657295750464,73.53142341955585,1,265.9424716987442,652.0,0.6772509586476154,46,3,0.6900332956498972,1,Medio,183.509160199564
OCAS_0148,62.86998394794652,2.364558931679813,284.8642573798086,4.029251268379942,2,Online,Smartphones,Ocasional,4.029251268379942,7.6,4,23.738688114984047,65.59903073367842,1,72.54566738786461,-1478.56,-12.255968169761273,104,2,0.7948534662996793,1,Alto,57.66317518826779
OCAS_0149,44.89782624572008,1.1508216216610978,293.87449485057203,4.136513462979613,3,Online,Smartphones,Ocasional,4.136513462979613,9.2,5,24.48954123754767,45.1165821952617,0,93.10829892007447,86.23999999999998,0.6453157737204429,66,1,0.4298282587504028,0,Medio,40.02057800002762
OCAS_0150,112.27637130542388,3.0842875674975927,228.7511031357634,2.364530660693303,1,Online,Accesorios,Ocasional,2.364530660693303,5.5,3,19.06259192798028,112.73507707107628,0,24.572141566774068,-149.72999999999996,-0.7863501816234013,52,4,0.2713533716309782,0,Bajo,6.667733462337851
OCAS_0151,78.91478763466144,3.579989458832735,343.9572839078169,13.287968012810946,2,Tienda,Laptops,Ocasional,13.287968012810946,4.9,4,28.663106992318077,87.41746210497709,0,185.29893722876213,-1245.03,-2.948484167791662,59,6,0.14905099626892257,0,Bajo,27.618991201519542
OCAS_0152,86.13674912106924,1.761430651189012,333.2927159978517,8.540462691070898,1,Online,Laptops,Ocasional,8.540462691070898,5.1,1,27.77439299982097,83.76068238849379,1,119.9201326155607,283.3,0.8566676746295737,152,1,0.8374368384211957,1,Alto,100.42553672062566
OCAS_0153,53.82382952078467,2.233672334387888,349.47587117011136,8.866750325887972,5,Online,Laptops,Ocasional,8.866750325887972,7.7,4,29.122989264175946,54.93990235487659,0,199.06624990067397,-302.58000000000004,-0.33415746784558037,61,3,0.20882372126992652,0,Bajo,41.56975508350788
OCAS_0154,49.79223458020419,1.4304776576481206,353.354417288742,9.003447037489405,2,Online,Gaming,Ocasional,9.003447037489405,5.7,4,29.446201440728498,56.186728505955,1,150.96272142343946,385.25,0.8725617596608033,100,2,0.44466214569199,0,Medio,67.12740762764874
OCAS_0155,94.74464364656414,2.428771527393999,152.33381059841156,3.3147816178202323,2,Tienda,Laptops,Ocasional,3.3147816178202323,5.7,1,12.694484216534295,81.99402557751556,0,23.961109631131364,0.0,0.0,71,3,0.25030313317138686,0,Bajo,5.997540814935274
OCAS_0156,95.3055327771974,1.0,252.2722327803679,12.16700056338274,4,App,Laptops,Ocasional,12.16700056338274,8.5,2,21.02268606503066,102.3468991995783,1,216.3705336048322,103.27000000000004,-0.5647389579380788,113,2,0.8113143335092838,1,Alto,175.54451526265254
OCAS_0157,96.1511252222352,1.0,396.53060060586427,2.38520646101903,3,Online,Laptops,Ocasional,2.38520646101903,6.9,2,33.04421671715536,102.6775438549281,1,54.18386999618873,0.0,0.0,157,1,0.7968794790954271,1,Alto,43.17801409793722
OCAS_0158,54.76588536266439,1.345587028515835,348.9045017285546,6.418795579480408,1,App,Accesorios,Ocasional,6.418795579480408,8.8,3,29.075375144046216,44.7965247718077,0,164.99329067152243,-90.75999999999996,-0.4618359454508445,52,2,0.26654546859102757,0,Bajo,43.97821397641656
OCAS_0159,77.35288533748077,2.38752870496177,137.81919274299773,9.894860106155704,3,Tienda,Laptops,Ocasional,9.894860106155704,7.1,1,11.484932728583145,71.10052132573799,0,80.41279838816293,-1231.6,-7.249238739888327,50,4,0.3180278561827091,0,Medio,25.573509881039865
OCAS_0160,56.022532103184375,1.0,254.06091714643296,12.772158188813949,3,Online,Laptops,Ocasional,12.772158188813949,9.1,0,21.171743095536083,64.04200744417179,0,244.9854414974816,66.75999999999999,0.15895489188479947,73,2,0.1277821859698471,0,Bajo,31.30477524533629
OCAS_0161,78.28806825195392,1.8596962525432157,425.2388619929864,6.505116518038266,2,Online,Gaming,Ocasional,6.505116518038266,6.9,5,35.43657183274886,89.10842192648899,0,158.94822973759548,286.24,0.8539634237298249,45,1,0.19060719493942216,0,Bajo,30.296676210869922
OCAS_0162,52.61666062058245,1.44026618537203,296.6673004832373,8.872967181459018,1,Tienda,Laptops,Ocasional,8.872967181459018,7.6,2,24.72227504026977,56.87473853095113,0,165.84065000577812,-1332.3700000000001,-2.6477005390016064,47,4,0.3347425685065782,0,Medio,55.51392514573464
OCAS_0163,78.31270242105452,1.0,227.0771415371669,9.022798152192571,6,Tienda,Accesorios,Ocasional,9.022798152192571,1.7,4,18.923095128097245,83.30378548083385,1,29.83157918176049,18.54000000000002,-0.14762772246926642,108,2,0.897083091565063,1,Alto,26.761405278641675
OCAS_0164,90.91745342316844,1.4531474504660893,330.1266892869795,2.837748906400261,2,Online,Smartphones,Ocasional,2.837748906400261,6.4,5,27.510557440581625,97.99077547079942,1,50.298204727530674,239.24999999999997,0.8346415489272632,46,1,0.8725336127311268,1,Alto,43.88687428480218
OCAS_0165,65.32156058373545,1.5994548801529027,196.20714445223533,6.198538342358258,1,Tienda,Gaming,Ocasional,6.198538342358258,9.4,6,16.35059537101961,66.39199496238915,0,95.77511166157092,-1297.3799999999999,-3.165687875046615,58,3,0.24544602766768878,0,Bajo,23.507620706761916
OCAS_0166,38.67780022378466,1.0238899615121149,362.4611687543447,11.187065169974746,1,Online,Smartphones,Ocasional,11.187065169974746,3.3,0,30.205097396195395,54.35814596026568,1,111.71014980127416,200.64000000000001,0.9453448925744441,93,1,0.8675751944675018,1,Alto,96.91695493783418
OCAS_0167,78.53542431427506,2.9709166833571823,250.61319219406732,1.0,4,Tienda,Gaming,Ocasional,1.0,5.3,6,20.884432682838945,62.60771543349284,0,11.15671303084135,25.86999999999999,0.3457631649291632,62,4,0.2725610921727734,0,Bajo,3.0408858887443317
OCAS_0168,73.87592120437834,1.0994617170399126,267.1050553275784,11.924946075256198,4,Tienda,Accesorios,Ocasional,11.924946075256198,5.2,4,22.25875461063153,85.18276423302929,1,138.05981468840133,0.0,0.0,108,1,0.6137235809697952,1,Medio,84.73056385859199
OCAS_0169,57.320283017663485,2.059745311563391,159.8634930537821,14.401589195557175,5,Tienda,Accesorios,Ocasional,14.401589195557175,7.4,3,13.321957754481838,35.68600572720716,0,141.87533932184635,115.44999999999999,0.7089346023948419,45,2,0.3365752303048653,0,Medio,47.75172500683135
OCAS_0170,44.32824705504935,2.851197957262279,172.7809298910305,7.599438757912005,2,Tienda,Laptops,Ocasional,7.599438757912005,7.1,2,14.398410824252542,26.270287312570645,0,77.94727638322705,-166.82999999999998,-0.7309798366237172,71,2,0.22137816567222424,0,Bajo,17.255825064864688
OCAS_0171,76.26066910348608,3.009822312537338,391.0965569915271,7.672350817097567,1,Online,Laptops,Ocasional,7.672350817097567,5.9,2,32.59137974929393,89.54067760964647,0,146.75999611616425,-409.74000000000007,-0.6268930935786958,76,5,0.26676103635815474,0,Bajo,39.14984865986674
OCAS_0172,20.569223782919124,1.9797555879149191,320.21424169931186,6.6861296708666975,3,App,Gaming,Ocasional,6.6861296708666975,7.4,3,26.684520141609323,19.524004343696017,1,131.55861794624124,-316.70000000000005,-0.8905991563018902,44,3,0.6905747863293253,1,Medio,90.85106447800689
OCAS_0173,91.88618241086472,2.710605919229969,175.64675959072167,6.702328391376019,4,Tienda,Laptops,Ocasional,6.702328391376019,7.3,2,14.637229965893471,100.85067296508568,1,71.42574911671205,-203.26999999999998,-0.8875854471367922,61,4,0.7529035334497607,1,Alto,53.77669888926863
OCAS_0174,143.3090533206323,1.0,100.0,9.531609136499403,1,Online,Gaming,Ocasional,9.531609136499403,5.5,2,8.333333333333334,145.85048516409583,1,43.526574285522365,-940.53,-2.700964118457059,62,5,0.9768270920864953,1,Alto,42.517936987813634
OCAS_0175,57.45668790456137,1.7941800878856378,406.9316434804699,2.1089566684094176,3,Online,Accesorios,Ocasional,2.1089566684094176,6.8,1,33.91097029003916,63.80477261074549,1,48.463994723804745,262.95000000000005,0.8472692121797971,90,1,0.5683373978935169,1,Medio,27.543900652852322
OCAS_0176,44.60981608066295,1.3459973600846264,393.3558122937778,12.130900896009916,3,Online,Gaming,Ocasional,12.130900896009916,8.7,1,32.77965102448148,40.2574893423441,0,344.7263343886044,340.07,0.5286889593915401,48,3,0.2993218656991265,0,Bajo,103.18412956481802
OCAS_0177,80.27180896276288,2.836642332559612,222.71125220826207,2.502403006103486,5,Tienda,Smartphones,Ocasional,2.502403006103486,6.5,4,18.55927101735517,74.29007001587121,1,30.29260824685585,-556.51,-4.726600985221675,115,3,0.8733011751585277,1,Alto,26.45457038059612
OCAS_0178,72.50617729194282,3.26166527313191,263.23564637908856,10.331480552338302,1,App,Laptops,Ocasional,10.331480552338302,4.5,0,21.93630386492405,57.40938150150893,0,102.96884040952985,-1034.08,-2.3563200907060327,50,5,0.5340208537930651,1,Medio,54.987508069578986
OCAS_0179,79.22917187071327,2.479119687776613,435.3559964488155,10.410003879235472,4,Tienda,Accesorios,Ocasional,10.410003879235472,5.2,2,36.279666370734624,68.03283366051696,0,196.4909414006286,-565.86,-1.9424985320521175,75,4,0.6331441145323877,1,Medio,124.40708310673628
OCAS_0180,118.34572405823542,1.5765134951777686,100.0,6.134683693718947,6,Online,Laptops,Ocasional,6.134683693718947,6.6,9,8.333333333333334,111.80352370824032,1,33.71724383670194,38.4,0.768,129,1,0.5565583304588914,1,Medio,18.765612937430177
OCAS_0181,57.47341172552032,2.389508760240457,171.81214056357803,4.927223059978071,2,Tienda,Smartphones,Ocasional,4.927223059978071,5.4,2,14.31767838029817,48.43628748137221,1,38.27999824755579,-637.4,-2.77888144820863,64,4,0.7237981972590878,1,Alto,27.70699372266192
OCAS_0182,63.55022983212265,1.891007684570336,431.0628533548813,9.2178500974495,1,Tienda,Gaming,Ocasional,9.2178500974495,7.1,6,35.92190444624011,52.93778959954177,0,235.98534844681015,-72.82,-0.4017276688709084,54,4,0.32122720071955574,0,Medio,75.80491289239778
OCAS_0183,31.8299199323311,2.6572926017897305,100.0,7.977108636380317,2,Tienda,Accesorios,Ocasional,7.977108636380317,5.8,0,8.333333333333334,31.402141519677297,0,38.411108113412624,-798.51,-4.855635397123201,72,3,0.16370931269126635,0,Bajo,6.288256108956705
OCAS_0184,89.03916837183061,1.8159175891077288,219.0466566494272,5.982124321394071,1,App,Laptops,Ocasional,5.982124321394071,5.1,1,18.25388805411893,79.3930767539769,1,55.23328994266399,53.480000000000004,0.40071931664918325,75,1,0.8776617901588352,1,Alto,48.47614812744046
OCAS_0185,43.51093177825646,2.2857543031959517,100.0,7.896922576490971,4,Tienda,Gaming,Ocasional,7.896922576490971,6.9,0,8.333333333333334,29.018899523505283,0,45.308070351510665,-1786.48,-17.864800000000002,44,3,0.4608113112380425,0,Medio,20.878471308345105
OCAS_0186,65.90796819805269,1.6393517680710574,284.93662465147577,17.97959231837458,4,Online,Smartphones,Ocasional,17.97959231837458,6.9,4,23.744718720956318,56.88473339617062,1,294.0982179312813,0.0,0.0,59,1,0.5437047133010188,1,Medio,159.90258726266782
OCAS_0187,72.57573705828395,1.207888886604615,348.0279782246553,5.044569994763225,1,Online,Smartphones,Ocasional,5.044569994763225,5.4,4,29.00233151872128,74.9100015668844,1,79.31289634992172,774.33,0.6881927842163501,64,3,0.7427930642379493,1,Alto,58.91306931334522
OCAS_0188,88.35582118872372,2.090278727547998,380.6095726091602,8.853534217443896,4,Online,Laptops,Ocasional,8.853534217443896,8.1,0,31.717464384096683,89.21531826428576,0,226.59027274607675,-1361.04,-2.023744303378857,110,3,0.17162262785894591,0,Bajo,38.888018055956984
OCAS_0189,34.356435441883114,2.210750214920576,302.24711686198634,7.732963287290683,3,Online,Accesorios,Ocasional,7.732963287290683,10.0,0,25.187259738498863,13.386809031722787,0,193.99619135571544,339.26,0.6909460021708932,47,3,0.2825105352157773,0,Bajo,54.80596784972552
OCAS_0190,90.51537539318817,3.187614003041531,305.334068526505,6.8700550497059165,1,Tienda,Accesorios,Ocasional,6.8700550497059165,8.3,3,25.444505710542085,98.19409520628918,0,145.89148528660576,105.98999999999998,0.4136256797996616,64,3,0.38718094181320817,0,Medio,56.486402675795816
OCAS_0191,53.59747931406923,1.2362321330456618,248.01132580852172,6.032482180742131,5,Online,Smartphones,Ocasional,6.032482180742131,7.1,0,20.66761048404348,38.59764760440582,1,88.96829425647358,-1378.5700000000002,-6.2483343153696245,49,4,0.7480888930279276,1,Alto,66.55619276490825
OCAS_0192,70.37548152019151,1.0,167.7660415085758,10.720971728648491,2,Tienda,Laptops,Ocasional,10.720971728648491,6.6,3,13.980503459047982,71.393707654116,0,98.59575885488954,-1432.8,-8.610576923076923,54,3,0.2626910395900592,0,Bajo,25.900222392761716
OCAS_0193,30.568405032758832,2.3808086400525004,123.18143906066216,15.033088631501112,2,Online,Accesorios,Ocasional,15.033088631501112,8.9,0,10.265119921721848,26.882651773477487,1,136.91147541103402,-194.72999999999996,-1.1855773342836777,72,2,0.8505335489996717,1,Alto,116.44780308012805
OCAS_0194,82.3159721557414,2.212713634370635,296.6933584624117,4.210224012375113,2,App,Smartphones,Ocasional,4.210224012375113,7.4,4,24.72444653853431,67.61786662307463,1,76.68895289308497,114.49999999999999,0.7005200367084735,72,2,0.7385885712028655,1,Alto,56.64158414434749
OCAS_0195,72.42207968361986,2.4292795467418755,301.17719709753896,13.230890827904748,1,Tienda,Accesorios,Ocasional,13.230890827904748,5.0,2,25.09809975812825,68.83911667863305,1,166.49517269620392,1.410000000000025,-0.9267853291291728,53,7,0.8068057624894016,1,Alto,134.3292647579654
OCAS_0196,97.41152300425608,2.592630394617544,144.3352416182645,10.237834675068234,1,Online,Gaming,Ocasional,10.237834675068234,6.2,4,12.02793680152204,104.72936086491468,0,76.27443725184001,-780.28,-4.035388172879145,55,5,0.35252896867329675,0,Medio,26.888948700527248
OCAS_0197,97.5791897998694,1.0,100.0,6.004085027776458,2,Online,Laptops,Ocasional,6.004085027776458,6.2,1,8.333333333333334,68.95937051048635,1,31.2521589941442,-555.69,-4.686993927125506,85,2,0.8897187077653024,1,Alto,27.80563051514575
OCAS_0198,85.25825216363985,1.2566911476937412,422.711230741349,8.806663374285286,3,Online,Accesorios,Ocasional,8.806663374285286,6.7,3,35.22593589511242,77.18323141565939,1,206.9967131971948,-1421.71,-8.010085075215505,80,2,0.7817004183909827,1,Alto,161.80941731180542
OCAS_0199,76.4405690789899,1.802757113939208,349.5497497581765,4.516404718128262,2,Tienda,Laptops,Ocasional,4.516404718128262,7.7,4,29.129145813181378,88.78796175133995,1,101.86629710691422,10.250000000000057,-0.2110928919935503,125,2,0.7014171904964396,1,Alto,71.45077192300737
OCAS_0200,104.9843646270102,1.6774769100816562,418.3781051737613,2.633436093830632,5,Online,Gaming,Ocasional,2.633436093830632,6.7,1,34.86484209781344,106.50359312612058,0,61.31923850075189,134.57999999999998,0.7395318166831519,82,1,0.23345762499575534,0,Bajo,14.315443786933818
OCAS_0201,55.99344000741301,2.6958096465410337,370.46944782305593,10.031519380274483,3,Online,Gaming,Ocasional,10.031519380274483,5.5,4,30.872453985254666,61.27771347000324,0,169.37911389238138,-372.43999999999994,-0.682654651576879,61,4,0.13225863014112818,0,Bajo,22.401849577924494
OCAS_0202,1.0,1.0,364.7129619702295,13.681577979178716,5,Online,Accesorios,Ocasional,13.681577979178716,9.2,4,30.392746830852456,1.0,0,381.4721670420925,-207.30999999999995,-0.2430879730417933,47,2,0.2823501700391855,0,Bajo,107.70873122955139
OCAS_0203,94.60224081031186,2.35854186174475,278.4454782060515,10.349423087012928,2,Online,Smartphones,Ocasional,10.349423087012928,6.8,3,23.203789850504293,94.85746163590694,1,164.1970546713741,-285.13,-1.0018872585346572,73,2,0.6567386869243071,1,Medio,107.8345580817169
OCAS_0204,85.23555528861203,1.698672342552662,222.94897243408116,10.451884487878162,6,Online,Laptops,Ocasional,10.451884487878162,7.7,4,18.579081036173427,79.88815031451351,1,149.98555114542302,161.6,0.9330254041570439,75,1,0.8403986067169946,1,Alto,126.04764821029404
OCAS_0205,65.20015938030713,1.3399904812750507,302.45218446667275,5.846602169956093,9,Online,Gaming,Ocasional,5.846602169956093,7.0,5,25.20434870555606,46.473182910497016,1,103.05175831581934,-1220.99,-3.2283387536024963,84,1,0.7755851492953221,1,Alto,79.92541335852019
OCAS_0206,63.47300064109025,1.0,200.86492681420637,3.193607552673475,4,Tienda,Gaming,Ocasional,3.193607552673475,4.9,2,16.738743901183863,52.33802041182891,1,26.15714744963992,241.77999999999997,0.7141296077907231,83,2,0.8679045349898531,1,Alto,22.701906893940755
OCAS_0207,55.8067714307847,3.1565080373264696,241.1690714462762,10.007577559442488,5,Online,Laptops,Ocasional,10.007577559442488,9.1,2,20.097422620523016,65.30186355338246,0,183.80510458013757,-593.4499999999999,-5.599402554399243,51,4,0.052728333507940095,0,Bajo,9.6917368547633
OCAS_0208,149.64099527588286,2.976010258931517,231.2088784757483,11.036969936964477,7,Tienda,Smartphones,Ocasional,11.036969936964477,6.3,0,19.26740653964569,139.57558971479472,1,133.73017008579586,-1692.45,-8.468818881920992,66,4,0.9041195577710789,1,Alto,120.90806223862091
OCAS_0209,82.17898773740446,1.96726671171628,364.172966058062,4.278364064239132,7,Online,Gaming,Ocasional,4.278364064239132,9.1,6,30.34774717150516,90.36616906866384,0,117.59267947935408,111.91000000000001,0.8353986264556584,72,2,0.47596556700030773,0,Medio,55.970066363476214
OCAS_0210,116.3671983304488,1.6059904875478153,189.08501005362643,7.939226911297383,6,App,Accesorios,Ocasional,7.939226911297383,6.6,4,15.757084171135537,107.46112645411816,1,82.63314932807363,-1388.5300000000002,-5.26003191719836,83,2,0.8196241966754106,1,Alto,67.72812863678159
OCAS_0211,73.43180302550756,2.7488789156620657,581.9975866952639,5.262808082384531,3,App,Smartphones,Ocasional,5.262808082384531,7.6,2,48.49979889127199,93.89910908187464,0,193.90615599056213,-577.13,-1.2635059091806096,52,3,0.28106124461969784,0,Bajo,54.49950554212867
OCAS_0212,103.7653134232396,1.0,587.1811381138216,14.498035716569104,5,Tienda,Accesorios,Ocasional,14.498035716569104,6.1,2,48.931761509485135,102.32253478588892,1,433.4310681649212,621.19,0.3579773566808604,85,2,0.8918438051617059,1,Alto,386.5528131075061
OCAS_0213,86.58612345290156,2.0581515704283464,275.69184428798707,9.381082038449156,3,Online,Gaming,Ocasional,9.381082038449156,4.0,1,22.974320357332257,72.46376551803287,0,85.36755115276762,-470.54,-1.4143819898002554,50,2,0.3205232672791843,0,Medio,27.36228641510797
OCAS_0214,57.6586914218768,1.2984381831532597,202.96324533066525,4.2173973949066506,1,Online,Gaming,Ocasional,4.2173973949066506,4.9,3,16.913603777555437,52.98535711790284,1,35.27115354251315,-537.85,-3.9431818181818183,57,1,0.9335275934384896,1,Alto,32.926595084341756
OCAS_0215,68.80796354758748,2.5211817973660087,300.3995249766609,8.24465953262663,3,Tienda,Smartphones,Ocasional,8.24465953262663,6.8,1,25.03329374805508,65.87823320242381,1,139.32793874619796,372.42,0.7958087888571413,56,4,0.6725300785416273,1,Medio,93.70222958802354
OCAS_0216,126.5197766608132,1.5626638226085603,223.2321183986384,10.644276558313177,2,Tienda,Accesorios,Ocasional,10.644276558313177,5.9,3,18.602676533219867,125.03192315043664,1,116.70982064435552,161.8,0.7677342823250297,77,1,0.7791933660163777,1,Alto,90.9395179950431
OCAS_0217,125.81184152843323,1.1426806770652855,278.8005625146592,4.490391936055938,5,Online,Laptops,Ocasional,4.490391936055938,7.5,1,23.233380209554934,125.65849122584656,1,78.65283929160236,-364.88000000000005,-1.7794917529627767,50,2,0.8963549882332741,1,Alto,70.50086483773784
OCAS_0218,80.29163178705537,3.1132732864741657,267.8594737259898,1.0,1,App,Accesorios,Ocasional,1.0,5.7,2,22.32162281049915,77.31005284122669,1,12.692971262851254,-138.57,-0.5080016823547973,61,4,0.6436027245511732,1,Medio,8.169230887420813
OCAS_0219,91.3660498206126,1.6826430560278345,278.2035498362855,3.3181531628455048,4,Tienda,Accesorios,Ocasional,3.3181531628455048,7.1,6,23.18362915302379,93.76760231553224,1,54.977177444453545,211.78000000000003,0.8208551757138407,75,2,0.9196183902189765,1,Alto,50.558023420251395
OCAS_0220,67.87465937048137,1.0,175.79193106978482,12.698757210624148,1,App,Accesorios,Ocasional,12.698757210624148,8.9,5,14.649327589148736,69.70618713520187,1,165.35389673209966,198.95000000000002,0.9449061980527191,75,1,0.9207491656253891,1,Alto,152.24946244898752
OCAS_0221,88.43413562337062,2.538176390288113,204.60418095786963,7.20988558283514,5,Tienda,Accesorios,Ocasional,7.20988558283514,7.3,3,17.050348413155803,110.52680109532596,0,89.64895651809636,-1493.97,-10.141251366328435,113,3,0.5739705472537282,1,Medio,51.45586063341745
OCAS_0222,67.96045481057668,2.0454578951709683,410.08770964085295,8.760115176308268,3,Tienda,Smartphones,Ocasional,8.760115176308268,5.2,1,34.17397580340441,66.6780839225313,0,156.82446272621016,-332.99,-1.5774615166902615,45,2,0.36063865341274837,0,Medio,56.55696305975818
OCAS_0223,73.17249910839578,1.171699286470719,349.6633778701407,6.740377712327158,2,Tienda,Gaming,Ocasional,6.740377712327158,6.8,2,29.138614822511727,78.95352999489216,0,133.60318774322545,-722.6400000000001,-0.5936087783525409,69,5,0.3922161706664277,0,Medio,52.4013306854757
OCAS_0224,117.9140831778087,1.2633327751413168,375.91535456184926,7.509846181701015,2,App,Laptops,Ocasional,7.509846181701015,7.1,3,31.32627954682077,110.35488164537225,1,166.4211755867726,-596.8,-0.6760286314902579,75,3,0.8198723390348764,1,Alto,136.44411849326113
OCAS_0225,112.80587276663996,1.9704470508260008,100.0,9.552859966364291,3,App,Gaming,Ocasional,9.552859966364291,5.6,6,8.333333333333334,118.80146645169322,1,44.744090833661,10.75,0.18486672398968187,86,1,0.9676845913110668,1,Alto,43.29816725195649
OCAS_0226,64.20309883602904,2.3563687392689783,378.000833850411,11.14951043884151,4,Online,Gaming,Ocasional,11.14951043884151,7.8,3,31.50006948753425,46.01412088940901,0,275.59666712827453,-2643.7000000000003,-3.4798172005061163,46,6,0.11128689307265623,0,Bajo,30.67029682588472
OCAS_0227,86.06883303272761,2.0335344321909004,270.1669021129802,15.74953696471754,5,App,Smartphones,Ocasional,15.74953696471754,8.9,3,22.513908509415018,80.41250858735864,1,316.56945131286705,175.2,0.5851482684562141,62,4,0.6757798400154531,1,Medio,213.93125316198908
OCAS_0228,99.17862979362144,3.001980296785545,272.08285937232046,10.08865795346886,1,Tienda,Smartphones,Ocasional,10.08865795346886,7.7,3,22.67357161436004,100.11498137599976,0,175.51526215098454,-2837.03,-6.9065380343698015,80,3,0.2458768253423681,0,Bajo,43.155135456817575
OCAS_0229,74.86988914495821,2.179690933245323,501.86488665787,9.917464026553295,4,Tienda,Gaming,Ocasional,9.917464026553295,6.5,2,41.82207388815584,89.68525700722591,0,269.44781754203257,-945.6599999999999,-0.9201848408585422,79,2,0.10037217242135761,0,Bajo,27.045062800887397
OCAS_0230,48.18600072514315,1.114827613098051,258.4777127677748,4.082209531901111,2,App,Gaming,Ocasional,4.082209531901111,6.8,4,21.539809397314567,48.52369196871551,1,59.68344465129262,-35.519999999999996,0.11304192087399076,59,4,0.7547937734289336,1,Alto,45.04869239958606
OCAS_0231,107.0527097856628,1.5621696934357017,367.9859005145912,10.54616815230267,5,Online,Accesorios,Ocasional,10.54616815230267,4.7,6,30.66549170954927,123.94876127194962,1,151.5362660854879,213.64999999999998,0.9064488756894357,97,1,0.9596133259531705,1,Alto,145.41622030081967
OCAS_0232,64.04411129909809,2.9029969247557394,250.47969977108696,10.333818502213727,5,Online,Gaming,Ocasional,10.333818502213727,8.8,3,20.873308314257248,67.6953694072852,0,189.47214988484365,100.07999999999998,0.5077811634732716,81,2,0.17064066467241318,0,Bajo,32.33165359326081
OCAS_0233,64.29870539628543,1.3569935085359883,270.4309882122804,7.236575558031724,1,Online,Laptops,Ocasional,7.236575558031724,6.5,6,22.5359156843567,52.21198663844213,0,105.54540062412728,94.76999999999998,0.666596328339312,78,1,0.40040210912787877,0,Medio,42.2606010186475
OCAS_0234,63.63916301826379,3.0016015303533745,212.46673719677196,6.937571026847117,2,Online,Gaming,Ocasional,6.937571026847117,6.6,5,17.70556143306433,63.14663574624097,1,81.42151836510867,2.6000000000000014,0.052000000000000025,50,3,0.1773787835957304,0,Bajo,14.442449886120398
OCAS_0235,111.11777211308444,1.1118722850837313,373.5611819131465,3.918165803164525,4,App,Accesorios,Ocasional,3.918165803164525,7.2,6,31.13009849276221,122.58616202776976,1,87.9239701982489,442.61,0.45517755103907537,54,3,0.9117937721348324,1,Alto,80.16852844813195
OCAS_0236,83.2449218349916,2.2839722048630677,437.6012362421916,11.634223214634606,3,Online,Smartphones,Ocasional,11.634223214634606,8.0,3,36.4667696868493,85.73516060380923,0,339.29061469221654,-490.84000000000003,-0.9655983538064188,55,2,0.31384556315552853,0,Medio,106.48485404146415
OCAS_0237,53.50451364169044,2.491802459284256,216.2418746485682,11.934393292458813,4,Online,Laptops,Ocasional,11.934393292458813,10.0,1,18.020156220714014,51.77140819139798,0,215.05963152954928,-89.19999999999996,-0.45032310177705953,85,2,0.06224962784896275,0,Bajo,13.387382028049498
OCAS_0238,48.59738376879835,2.07668550423956,233.3519173867585,9.36600695870126,1,Tienda,Accesorios,Ocasional,9.36600695870126,8.4,0,19.445993115563205,53.89952253080816,1,153.80647044561888,-1000.7200000000001,-3.799943301542019,72,3,0.7651591537623227,1,Alto,117.68642876933944
OCAS_0239,110.71629451572235,4.701307126901824,193.14258425475504,10.370792323632925,5,Tienda,Gaming,Ocasional,10.370792323632925,9.1,0,16.09521535456292,98.24296544254778,0,151.87485617821358,75.75999999999999,0.21566235408296777,55,6,0.13657594069351678,0,Bajo,20.742451350232088
OCAS_0240,89.1156409126975,1.4645265668201737,284.33390845269406,18.182500783116133,2,Online,Gaming,Ocasional,18.182500783116133,7.8,1,23.69449237105784,97.49877985484746,0,334.91953621814577,170.08,0.9361514751210921,107,3,0.21730040535105596,0,Bajo,72.77815098019074
OCAS_0241,73.31427509143124,1.4030850371693036,273.8047057573999,7.544757790722434,4,App,Laptops,Ocasional,7.544757790722434,4.4,1,22.81705881311666,86.88426218424465,0,76.06251405336697,0.0,0.0,67,1,0.26610595533181236,0,Bajo,20.24068796711062
OCAS_0242,54.77147846726541,2.498057057313648,487.3637436444869,14.455676399083575,1,Online,Gaming,Ocasional,14.455676399083575,9.1,0,40.61364530370725,48.47775914771177,0,536.1262223114052,332.49,0.7508286523801699,56,2,0.15409494672348817,0,Bajo,82.61434166414095
OCAS_0243,96.38235533005783,3.0669992389020133,340.5394812226368,5.768608578986252,1,Online,Gaming,Ocasional,5.768608578986252,8.3,6,28.3782901018864,103.75253983140335,1,136.26178146943562,-2318.36,-10.711420970881187,77,4,0.8491741621094482,1,Alto,115.70998410684872
OCAS_0244,56.14208834682847,1.0,231.2510262194808,8.74731517796874,2,Online,Accesorios,Ocasional,8.74731517796874,7.0,4,19.2709188516234,69.79166688865176,1,117.27820682091678,-1265.51,-2.865560032886343,52,3,0.7379471806693765,1,Alto,86.54512207745557
OCAS_0245,98.19390637118822,2.913601310465879,456.5589204059153,13.942122916071346,3,App,Laptops,Ocasional,13.942122916071346,9.7,2,38.04657670049294,92.73600305923176,1,514.5347262941476,-1220.92,-1.6627299451631652,107,3,0.5279389966399584,1,Medio,271.6429471361479
OCAS_0246,51.001534636294025,1.0,261.9605018240406,15.100656840626216,5,App,Gaming,Ocasional,15.100656840626216,7.2,2,21.83004181867005,67.3291253832329,0,236.39445702406772,-1278.44,-3.985659059733134,73,1,0.27548522810016907,0,Bajo,65.12318091489091
OCAS_0247,80.2948105046446,2.0271503081079705,332.7412022582942,8.778514311669644,1,Online,Accesorios,Ocasional,8.778514311669644,7.8,2,27.72843352152452,92.14834797667412,0,188.8799075834071,-2903.9500000000003,-11.671086579560047,84,2,0.039977118084804905,0,Bajo,7.550874369308903
OCAS_0248,54.98846237954695,2.4356252467256345,280.0843988323025,7.023178674002184,2,Online,Laptops,Ocasional,7.023178674002184,7.1,0,23.340366569358547,62.41610801941492,0,116.9950557076539,-488.23,-1.524480456624695,102,2,0.11780611415030263,0,Bajo,13.782732887716891
OCAS_0249,128.77910103564423,3.445025837106079,369.5534067922472,4.157547294348696,1,Online,Accesorios,Ocasional,4.157547294348696,6.4,5,30.79611723268727,108.27624532144326,1,82.31386237907883,-1445.98,-6.936263217802548,91,4,0.8866592287643049,1,Alto,72.98434573364517
OCAS_0250,15.316046793159074,1.0,408.9101331468081,11.974952065125432,3,Online,Gaming,Ocasional,11.974952065125432,9.2,2,34.07584442890067,17.52386492614615,1,375.4613613314164,-1407.38,-7.33698258784277,67,1,0.7258968480096989,1,Alto,272.54621873990584
OCAS_0251,91.85061777074532,1.0,100.0,5.339222526141814,4,Online,Laptops,Ocasional,5.339222526141814,5.1,3,8.333333333333334,102.25644594953712,1,22.51507545413961,-503.63,-5.786366283466949,78,2,0.9533033257784538,1,Alto,21.46369631058412
OCAS_0252,65.63676992108189,3.6854230310136114,427.6836450084379,4.945892406589313,4,Tienda,Smartphones,Ocasional,4.945892406589313,7.3,8,35.64030375070316,64.61091119033175,0,129.5363433055849,100.43,0.5103848355571672,60,3,0.6579985017291992,1,Medio,85.23471981455404
OCAS_0253,60.723835553141456,3.63812152311748,117.54606870502224,10.49975796126352,3,Online,Laptops,Ocasional,10.49975796126352,4.8,1,9.79550572541852,61.544451668658965,0,49.309436294816514,-26.330000000000005,-0.1755333333333334,112,3,0.07581009140962158,0,Bajo,3.738152872866952
OCAS_0254,28.454331470406395,2.116283038446711,289.7925097768065,12.964109335099398,4,Online,Gaming,Ocasional,12.964109335099398,6.2,1,24.14937581473388,13.869044149036077,1,192.5946338718971,-1689.94,-4.030493806167228,47,3,0.6995732647259679,1,Medio,134.73405678646554
OCAS_0255,102.39683637442064,2.2676461076303043,254.85659421795336,5.639896123636714,3,Online,Smartphones,Ocasional,5.639896123636714,7.7,3,21.23804951816278,120.54358883315528,0,91.75104601772438,12.590000000000003,0.20986831138523093,93,2,0.6258357649322824,1,Medio,57.42108606783958
OCAS_0256,96.04152929135434,2.182972203443778,221.9173776943481,3.3338638039398827,2,Online,Smartphones,Ocasional,3.3338638039398827,5.9,3,18.493114807862344,98.93846801553262,1,36.59349142989065,113.74,0.8376169084615951,92,4,0.7826476140574767,1,Alto,28.639808757636636
OCAS_0257,26.530002265460556,1.0916446445303014,357.09693358871425,2.913823711492931,2,App,Gaming,Ocasional,2.913823711492931,9.8,0,29.75807779905952,38.55833430733082,0,84.96602932247603,-438.56,-0.4853074381505845,59,2,0.3609625007376784,0,Medio,30.669550421991858
OCAS_0258,85.91805837211677,1.0,486.58133987948776,5.739590358807271,2,Tienda,Accesorios,Ocasional,5.739590358807271,5.6,8,40.54844498995731,88.36810546151645,1,130.35388197372868,1408.8600000000001,0.9762332549835888,75,2,0.9552520167863534,1,Alto,124.52080865133459
OCAS_0259,59.88930580088768,1.568810409299913,190.43825279237436,11.318935523949476,2,App,Smartphones,Ocasional,11.318935523949476,8.5,3,15.869854399364527,51.51357024085582,1,152.43919149890957,59.42999999999999,0.5483484037645322,65,1,0.6717738928887218,1,Medio,102.40466910203183
OCAS_0260,48.75618241135233,2.9593314146544247,111.67562630069492,6.7894592485713465,2,Online,Accesorios,Ocasional,6.7894592485713465,8.5,0,9.306302191724576,48.369778170699085,1,53.48336606212965,0.0,0.0,92,2,0.681864162789025,1,Medio,36.46839062309298
OCAS_0261,68.87337282391849,1.1183264355259528,297.24849253850283,6.328705924762476,1,Online,Smartphones,Ocasional,6.328705924762476,4.7,3,24.770707711541903,67.40056187394244,1,73.50546219129434,154.38,0.7650906928337793,74,1,0.766560728511388,1,Alto,56.34640064692488
OCAS_0262,85.83374529311202,1.716735006313861,226.4131349869085,7.0645007245752005,7,Online,Laptops,Ocasional,7.0645007245752005,3.9,4,18.867761248909044,109.69601169351188,1,52.210229631052194,151.32999999999998,0.755592170960655,123,1,0.9689811488982167,1,Alto,50.590728292136674
OCAS_0263,76.55145661763491,2.5185972346939267,300.9041610830885,6.424597855507508,1,Tienda,Accesorios,Ocasional,6.424597855507508,5.6,3,25.075346756924045,78.45339167441861,1,89.86163987653123,187.3,0.8465714163405664,69,2,0.6712372627338397,1,Medio,60.31848117549688
OCAS_0264,68.99833705663639,2.79804471350816,272.42140032308026,1.0,2,Online,Gaming,Ocasional,1.0,5.4,2,22.701783360256687,77.53558976544373,1,12.344878908406251,-198.75,-1.3335009159653448,58,2,0.6065778951189666,1,Medio,7.48813066375959
OCAS_0265,73.79837890565464,1.295708229306724,300.63553874301215,5.688337896110289,1,Online,Gaming,Ocasional,5.688337896110289,4.2,3,25.05296156191768,82.51074013867827,1,60.41834135560864,368.39000000000004,0.8860001443036148,107,2,0.8759173049305476,1,Alto,52.92147072857857
OCAS_0266,59.6688880477667,2.140539465631493,307.9818341177151,11.886238454183886,2,Online,Accesorios,Ocasional,11.886238454183886,8.2,5,25.665152843142923,48.45296144484359,0,249.7860872606645,149.01,0.3881819441801473,55,2,0.29240485516635306,0,Bajo,73.03866466802462
OCAS_0267,52.82077877737491,2.5140594313237297,100.0,6.844311949749006,5,Online,Laptops,Ocasional,6.844311949749006,6.6,0,8.333333333333334,65.93612969940209,0,37.75370327735424,-1691.63,-5.364500452876396,63,3,0.35540835418748606,0,Medio,13.41798154628717
OCAS_0268,32.590955286987075,2.858697055211608,455.91834071638846,3.938386810465711,3,Online,Laptops,Ocasional,3.938386810465711,6.9,3,37.99319505969904,26.982147295028785,0,103.1405088459028,32.52000000000004,0.11367097079218597,80,2,0.25341733152746887,0,Bajo,26.137592524113984
OCAS_0269,54.09153750838431,2.6633788685096897,342.4672955012644,7.841933831073756,2,Tienda,Accesorios,Ocasional,7.841933831073756,7.8,1,28.538941291772037,46.71313312387687,0,175.54672766318168,-1444.6299999999999,-7.60792021211,52,2,0.12947335847615396,0,Bajo,22.728624400050894
OCAS_0270,62.894759554593385,2.4111247436298098,313.4687680766041,20.53866132569852,1,Online,Laptops,Ocasional,20.53866132569852,6.2,0,26.122397339717008,73.11521108347421,0,333.8166257171481,189.05,0.2574350454568898,57,4,0.25157304702821687,0,Bajo,83.97926568034077
OCAS_0271,81.76158771826393,2.017585242114882,313.739817147354,7.637012970643509,2,Online,Laptops,Ocasional,7.637012970643509,8.6,1,26.144984762279503,81.00612101608792,0,172.00975121937907,42.83,0.3487501017832424,45,2,0.2912778193129446,0,Bajo,50.10262523574285
OCAS_0272,63.0123086354997,2.2052309671246126,273.4109044052482,11.088649471654769,1,Online,Smartphones,Ocasional,11.088649471654769,6.3,3,22.78424203377068,63.24549976190557,0,158.25261074779004,-1810.9099999999999,-2.6764327086508737,80,3,0.16192225417359954,0,Bajo,25.62461946113937
OCAS_0273,37.8459431348346,2.3941754772536203,318.94051868449753,3.330412079729552,3,App,Laptops,Ocasional,3.330412079729552,4.0,0,26.578376557041462,39.96885107242481,1,35.472819599637376,-167.67999999999998,-1.4020066889632106,98,2,0.7493632194305064,1,Alto,26.582026297461834
OCAS_0274,108.62833454619374,2.2288249548543,334.5241668366453,6.760322195747364,1,Online,Smartphones,Ocasional,6.760322195747364,6.2,1,27.87701390305378,115.05431817346538,1,116.76828276374674,-1498.56,-5.818388798441074,46,3,0.7922640090282256,1,Alto,92.51130782974744
OCAS_0275,87.30807659780854,3.925220694865767,100.0,9.597796568784428,7,Tienda,Accesorios,Ocasional,9.597796568784428,9.6,0,8.333333333333334,74.90358861845576,1,76.59225262791855,2.6000000000000014,0.052000000000000025,116,4,0.484948992536558,0,Medio,37.14333574801464
OCAS_0276,61.76146370151911,2.3930671734265285,319.1671383482692,9.140971242174215,1,Tienda,Laptops,Ocasional,9.140971242174215,5.8,2,26.597261529022436,58.65846796741746,1,141.69835493822285,212.05,0.8060145986622846,76,2,0.573193531806762,1,Medio,81.2205805182481
OCAS_0277,73.11619396851107,2.411712191984927,326.58016401207306,16.20158660444604,2,Online,Laptops,Ocasional,16.20158660444604,9.3,6,27.215013667672757,75.31342816924985,0,408.8333523667571,-1345.03,-5.869287061875494,53,4,0.18297969500528158,0,Bajo,74.80820212405602
OCAS_0278,78.17804862672486,2.3870884801606747,391.7612420418141,12.262776580814156,1,Online,Laptops,Ocasional,12.262776580814156,7.3,3,32.64677017015118,76.55114090858622,0,294.1646465366611,-1294.33,-4.281437569112122,63,3,0.3176621477128486,0,Medio,93.44497340002674
OCAS_0279,79.49165097178968,2.762255021778764,142.28048464627017,9.475297648994646,7,Tienda,Gaming,Ocasional,9.475297648994646,9.2,4,11.856707053855848,76.0465984937588,0,103.63506480377734,-2161.78,-14.423812595226003,58,4,0.0426654926237365,0,Bajo,4.421641092946016
OCAS_0280,30.718457300141488,1.2090942795168078,193.1004378487841,8.040975105150125,1,App,Accesorios,Ocasional,8.040975105150125,6.7,1,16.091703154065343,34.59691848180576,0,86.19669566449039,0.0,0.0,88,1,0.31391510755452523,0,Medio,27.05844499036318
OCAS_0281,82.75520340612907,1.9009477259235172,203.46210802734004,16.340747873590324,2,Online,Gaming,Ocasional,16.340747873590324,7.5,4,16.955175668945003,74.1539132071899,1,208.32017409666665,-53.479999999999976,-0.2303281304329186,60,2,0.7874333907503065,1,Alto,164.03826105063237
OCAS_0282,51.176265138322336,1.0,145.27078917887127,5.743447130615629,4,Online,Laptops,Ocasional,5.743447130615629,8.8,2,12.105899098239272,49.481865382055496,1,61.20989969885829,-96.81999999999996,-0.5083482095978156,67,1,0.7950954477891881,1,Alto,48.66771261019502
OCAS_0283,58.72059265270562,2.19379538599172,100.0,10.81001207625343,6,Online,Smartphones,Ocasional,10.81001207625343,6.0,1,8.333333333333334,49.83553038779393,1,54.20857086502295,2.6000000000000014,0.052000000000000025,43,3,0.7716365400765383,1,Alto,41.82931406478014
OCAS_0284,68.40797635509188,1.0,293.9145700576005,10.61856290982231,4,App,Gaming,Ocasional,10.61856290982231,5.3,4,24.49288083813337,74.43288543218202,1,138.40604085697942,0.0,0.0,61,1,0.5740085407371127,1,Medio,79.44624954151595
OCAS_0285,71.41449941078758,1.4857444552646863,100.0,4.354730938151707,4,Tienda,Accesorios,Ocasional,4.354730938151707,6.5,5,8.333333333333334,74.11294588395509,1,23.673989702245017,-3021.46,-18.24697658229953,86,2,0.8926711168832753,1,Alto,21.133086828586215
OCAS_0286,39.33999936083666,2.8473813673890085,219.34674094693588,18.462140650956563,1,Tienda,Smartphones,Ocasional,18.462140650956563,6.0,0,18.27889507891132,36.88928208950333,1,201.78308692356632,54.79999999999999,0.46907989209379536,59,2,0.5400839856515254,1,Medio,108.97981382274789
OCAS_0287,75.0567817591379,1.9700180575784327,262.6060659492903,7.592302492110456,5,Online,Gaming,Ocasional,7.592302492110456,7.2,2,21.88383882910753,69.18597883011822,1,118.99232979401408,-14.019999999999982,-0.05130644807143373,69,1,0.6710219340850215,1,Medio,79.84646327966206
OCAS_0288,93.6106422666775,1.573269917407696,286.6996832105732,10.934671114316131,3,Online,Accesorios,Ocasional,10.934671114316131,7.7,1,23.891640267547768,80.4858616993154,0,199.9705708996593,282.08,0.9274981093611284,107,1,0.30949787344191226,0,Medio,61.8904664444097
OCAS_0289,66.93308837500086,2.118824812513204,141.3964191510378,11.039651372705936,2,Tienda,Laptops,Ocasional,11.039651372705936,8.9,0,11.78303492925315,68.96793877689836,1,115.47231276995647,27.950000000000003,0.559,53,3,0.8142572619210048,1,Alto,94.02416922375063
OCAS_0290,89.75648788431627,3.179752749023041,367.2543514916926,7.145910966038677,3,Online,Smartphones,Ocasional,7.145910966038677,7.2,3,30.604529290974384,80.47759387414733,1,157.53098357608138,-397.03999999999996,-0.9185867519608664,55,3,0.8217467026860078,1,Alto,129.45056632452852
OCAS_0291,50.76802004139087,2.6751914016953573,387.88498394045496,17.588095672804748,5,Online,Accesorios,Ocasional,17.588095672804748,6.3,0,32.32374866170458,41.53026162942433,0,356.78837993858497,-252.64,-0.48278732165516053,58,3,0.13597998991041302,0,Bajo,48.51608030420139
OCAS_0292,90.40139864796544,1.2297661572306513,329.0353933905235,7.083552939588605,4,Tienda,Smartphones,Ocasional,7.083552939588605,7.9,6,27.41961611587696,91.0400592666372,1,153.101508603601,502.33000000000004,0.9137758536008587,123,1,0.8749855475435546,1,Alto,133.96160733526605
OCAS_0293,88.26058659938094,1.6813291018489978,530.203561151283,1.0,9,Online,Smartphones,Ocasional,1.0,6.5,4,44.18363009594025,93.29452824511492,1,28.71699458323401,382.67,0.945517888910852,87,2,0.9294268004107783,1,Alto,26.690344392908838
OCAS_0294,125.7948354323102,1.0,383.00168144195766,7.969257489684056,2,Online,Gaming,Ocasional,7.969257489684056,3.5,4,31.91680678682981,147.64154348850286,1,89.79036133040162,185.58999999999997,0.3071574061021852,79,3,0.9816993429231229,1,Alto,88.14713871888506
OCAS_0295,37.55353313051332,1.568711471438681,184.13213222882436,12.11391603676044,4,Tienda,Accesorios,Ocasional,12.11391603676044,7.9,1,15.344344352402029,51.64664191862638,0,145.99007953963067,-1489.17,-13.534217940561666,83,1,0.19171161158770064,0,Bajo,27.987993424359196
OCAS_0296,105.71168772588774,1.428014033493096,263.8587180472814,3.652958620796549,1,Online,Smartphones,Ocasional,3.652958620796549,5.5,3,21.988226503940115,114.0831035410098,1,44.34066550353173,300.26,0.7543669603108778,121,2,0.35568974456659547,0,Medio,15.771519986864053
OCAS_0297,50.68990650973447,3.706916483745518,293.7002900185754,3.1067718088539857,1,Online,Smartphones,Ocasional,3.1067718088539857,8.1,1,24.475024168214617,64.69218627343542,0,61.31548181755472,-1708.3500000000001,-7.2302431222948735,67,3,0.2608464572889173,0,Bajo,15.993926209072173
OCAS_0298,79.31827861046789,1.8473100648683252,254.87839112274563,1.0085433911239263,3,Online,Laptops,Ocasional,1.0085433911239263,7.3,1,21.239865926895472,85.27180388664917,0,15.53100281430224,145.26999999999998,0.8682165909634233,90,2,0.22355821796025993,0,Bajo,3.4720833123011907
OCAS_0299,98.71385749135604,1.4854913663773033,155.53663626797817,6.346598812958187,2,Tienda,Gaming,Ocasional,6.346598812958187,6.4,7,12.961386355664848,91.396300415988,0,52.50854815149071,-539.7,-4.011148272017837,61,2,0.17552970864162618,0,Bajo,9.216810158225963
OCAS_0300,100.71761639346744,1.7749034791253435,321.5280516552561,8.616870343558375,4,Online,Laptops,Ocasional,8.616870343558375,6.5,3,26.794004304604677,88.76688488805732,1,149.0382266706484,0.0,0.0,94,1,0.5256796252250668,1,Medio,78.34635914043501
OCAS_0301,97.65702800440052,1.7505383577003573,240.68709686894655,9.383774671920266,5,App,Accesorios,Ocasional,9.383774671920266,6.3,5,20.05725807241221,102.78571126163494,0,117.72807011698497,82.73999999999998,0.6357768556938681,43,1,0.2067267301554885,0,Bajo,24.337538982800382
OCAS_0302,82.7458684417714,2.543295903453274,601.7565580393805,8.270936600153696,5,Tienda,Smartphones,Ocasional,8.270936600153696,6.3,3,50.14637983661504,87.22660199254484,0,261.74092265805336,-1150.8600000000001,-2.867834242777958,68,2,0.10117667951635194,0,Bajo,26.482077448088123
OCAS_0303,77.12633052058719,2.2345244447997548,157.63161431899977,10.782829663759388,5,App,Gaming,Ocasional,10.782829663759388,5.5,2,13.135967859916647,74.83711014802897,0,78.45873587718506,-562.72,-2.6029824405929864,68,3,0.41505070050891407,0,Medio,32.564353286869526
OCAS_0304,85.17798251085397,2.978111401543175,294.985319014908,9.63191017967424,3,Online,Laptops,Ocasional,9.63191017967424,7.5,0,24.582109917909,81.47512775524709,1,176.4816806283386,137.64,0.790458872387071,49,2,0.7925304502863741,1,Alto,139.86710581567328
OCAS_0305,78.51391008016874,2.2743863738930545,418.5081765879712,7.507032244595465,2,Online,Gaming,Ocasional,7.507032244595465,6.2,5,34.87568138233093,86.36563629250283,0,161.18611501397794,-881.1600000000001,-2.3264006965870117,51,3,0.25994900472580257,0,Bajo,41.90017017350231
OCAS_0306,25.86313164536081,2.6901178275562088,268.1025488937341,2.9848883065291965,8,Tienda,Accesorios,Ocasional,2.9848883065291965,6.3,0,22.34187907447784,38.253647138345045,1,42.02214935662108,45.14999999999999,0.3608247422680412,75,3,0.6475532968060388,1,Medio,27.21158135475574
OCAS_0307,91.61000622572624,2.981323092065936,273.9035682541113,1.0,1,Online,Smartphones,Ocasional,1.0,6.7,1,22.825297354509274,80.60660137158125,1,15.3706829433439,202.82,0.4140792499726827,71,3,0.7347336591557202,1,Alto,11.29335812268548
OCAS_0308,78.74531352167547,2.5390412558993964,141.91767351281686,7.7383470175100655,4,Online,Smartphones,Ocasional,7.7383470175100655,8.3,3,11.82647279273474,63.28852607980236,1,75.84529047067515,-1037.2,-4.18285011967366,57,5,0.8104667960715461,1,Alto,61.470089564883864
OCAS_0309,71.73962932957221,1.8025413356187543,135.92275212146856,1.0,4,Online,Laptops,Ocasional,1.0,7.1,2,11.32689601012238,67.22361102051383,1,8.02542192204147,-530.67,-2.0528233018581994,46,2,0.9174829537214262,1,Alto,7.363187809895294
OCAS_0310,67.35060964295876,1.8813859821716927,100.0,2.67134165041566,4,Tienda,Accesorios,Ocasional,2.67134165041566,7.5,1,8.333333333333334,58.7071917319669,1,16.654783168082787,-11.75,-0.17221163710977574,102,1,0.8738804748216011,1,Alto,14.554289822974996
OCAS_0311,95.46021983578795,2.1919772724421422,207.94362203161612,10.27297484455516,4,Tienda,Smartphones,Ocasional,10.27297484455516,7.6,3,17.328635169301347,96.0173630709154,0,134.43038770179066,-1480.6299999999999,-2.9362823633589175,68,7,0.27174390981256413,0,Bajo,36.53063915170343
OCAS_0312,46.93797458189178,1.0,100.0,6.063680364922995,1,Online,Laptops,Ocasional,6.063680364922995,6.6,5,8.333333333333334,56.09400635555394,1,33.55512458799524,-1409.6100000000001,-6.2043001571154965,51,5,0.8506421337426305,1,Alto,28.543402777532076
OCAS_0313,91.07482886833334,2.022373235182901,122.66274138556288,11.520856558496709,4,Online,Accesorios,Ocasional,11.520856558496709,5.1,2,10.221895115463573,90.95956146598984,1,60.08165151173365,89.52000000000001,0.10595565652771124,81,3,0.9234812877931559,1,Alto,55.4842809107954
OCAS_0314,69.43818394175811,2.296993767345286,288.0156574939005,17.645755656162294,8,Online,Accesorios,Ocasional,17.645755656162294,5.7,4,24.001304791158372,92.970063199017,1,240.5652852676668,-94.56999999999995,-0.25493582918975205,83,3,0.45517960915223793,0,Medio,109.5004125237332
OCAS_0315,68.08397726736438,1.5431365577852365,116.78611438913632,7.965620338422928,3,Online,Accesorios,Ocasional,7.965620338422928,5.4,2,9.732176199094694,73.68095264126562,1,41.82556038336767,184.57000000000002,0.8322147864775755,79,2,0.8924008314993286,1,Alto,37.32516486404269
OCAS_0316,86.18261858288004,2.048200788450914,430.46299834172936,4.785355504647489,4,Online,Laptops,Ocasional,4.785355504647489,5.1,2,35.87191652847745,78.95046806678904,0,87.24580151901404,-151.14,-1.110180696342001,48,3,0.7192210399871181,1,Alto,62.74901610301496
OCAS_0317,102.61940920139546,3.6173719889234097,175.3271085837524,7.323161046697491,3,App,Smartphones,Ocasional,7.323161046697491,7.1,3,14.610592381979366,89.38755223293359,1,75.59241315715903,-616.3199999999999,-2.2734596561600933,46,4,0.856668125397542,1,Alto,64.75761087361991
OCAS_0318,87.26613850932458,1.3345187489720618,236.5903896203194,14.36286478742463,3,Online,Accesorios,Ocasional,14.36286478742463,5.8,5,19.715865801693283,84.31625654792033,1,164.62356707031572,-82.40999999999997,-0.402255088592766,84,1,0.8425214546327806,1,Alto,138.6988871949195
OCAS_0319,61.62855236234506,1.0,516.8480131283022,7.346886459086787,5,Online,Accesorios,Ocasional,7.346886459086787,8.3,2,43.070667760691855,63.426261770806725,0,261.2256551352668,-1093.51,-2.1624117542367856,64,1,0.7866706248368063,1,Alto,205.4985493486644
OCAS_0320,68.22143592695826,3.112869526229449,550.8447850410923,11.51844379682053,2,Tienda,Gaming,Ocasional,11.51844379682053,6.5,3,45.90373208675769,79.91182107999254,1,345.0359232108376,-849.7800000000001,-3.6321309659746266,52,4,0.1911908992044464,0,Bajo,65.96772841651637
OCAS_0321,54.213033177462734,2.34320547841311,422.42716931150767,13.380738621385191,6,Online,Smartphones,Ocasional,13.380738621385191,7.7,0,35.20226410929231,52.4513107742406,1,362.8258584456462,-1794.5400000000002,-3.511361424219565,50,4,0.1291554071629508,0,Bajo,46.86092147679458
OCAS_0322,78.99936225630023,2.98195616729169,379.2011921464276,10.709783148288665,3,App,Gaming,Ocasional,10.709783148288665,9.4,2,31.60009934553564,84.57753583550975,0,317.6583420923084,212.41000000000003,0.6438794174557513,86,3,0.16028122987500015,0,Bajo,50.91466975060872
OCAS_0323,105.10002825214129,1.6344047691548325,249.74522094735084,8.087893183852865,3,App,Laptops,Ocasional,8.087893183852865,7.5,3,20.81210174561257,91.92572569798212,0,125.93702239414434,-392.88,-0.8073853536423492,112,3,0.1689504956429953,0,Bajo,21.277122353293684
OCAS_0324,115.08534787623428,2.05864854703053,242.6833136774051,2.091762151068197,2,Tienda,Laptops,Ocasional,2.091762151068197,7.0,5,20.22360947311709,106.58451693603874,1,29.547359258383054,-2986.6800000000003,-19.936348256245363,80,3,0.8426538903637084,1,Alto,24.89819722905062
OCAS_0325,148.25800713731277,3.476641056297545,286.3146556020713,8.640576659661498,2,Tienda,Accesorios,Ocasional,8.640576659661498,5.8,1,23.859554633505947,156.68614672738565,1,120.060572807513,-150.23999999999998,-0.558278108649124,54,6,0.6013339873087991,1,Medio,72.19650296492017
OCAS_0326,28.323923884348723,1.7252732452713555,293.3380334018567,7.722355393373424,4,Online,Accesorios,Ocasional,7.722355393373424,6.7,4,24.444836116821392,32.619000113790726,0,126.39284710520894,0.0,0.0,84,2,0.3931448582501885,0,Medio,49.69069795901512
OCAS_0327,71.31377730548694,2.182056226252078,126.01089194248306,4.35571565488168,3,Tienda,Smartphones,Ocasional,4.35571565488168,7.8,5,10.500907661873589,70.87639009079746,1,35.69912874543823,1.0499999999999972,0.020999999999999942,78,2,0.8916080628083561,1,Alto,31.82963102466628
OCAS_0328,99.2118605791817,2.601793126242096,115.24341021296956,6.369372126147238,6,App,Laptops,Ocasional,6.369372126147238,2.4,1,9.603617517747464,103.74311589843532,1,14.9423784953897,63.6,0.3586523486455677,70,3,0.9687682067147159,1,Alto,14.475701219031214
OCAS_0329,117.26008607536046,2.7886431282754423,202.9622831745422,4.665163376165463,4,Online,Smartphones,Ocasional,4.665163376165463,7.8,7,16.913523597878516,121.02279361291475,1,61.669441818539006,-455.44999999999993,-3.8619194626249413,128,2,0.9158516083537597,1,Alto,56.480057475787554
OCAS_0330,70.05856401410098,3.06097931750308,100.0,6.882636597778783,2,Tienda,Accesorios,Ocasional,6.882636597778783,6.1,0,8.333333333333334,55.550253075124495,1,34.91245853544992,-471.9599999999999,-3.1464,91,3,0.8576283040056863,1,Alto,29.941912602426765
OCAS_0331,93.70300080629688,2.010924531069966,434.3260124636111,10.267921053068402,3,Online,Laptops,Ocasional,10.267921053068402,5.2,3,36.19383437196759,100.1199816506871,0,193.57923526266916,-356.83000000000004,-1.4173652244595183,66,2,0.6634261185306617,1,Medio,128.4255206784464
OCAS_0332,136.50733794627178,1.0,303.57002137000865,11.831810225600773,1,Tienda,Accesorios,Ocasional,11.831810225600773,7.0,3,25.29750178083405,127.0625470602259,1,209.51252241277564,665.4,0.865674042489386,103,2,0.8618137185307191,1,Alto,180.5607660193048
OCAS_0333,31.31736578419052,1.1242667686565135,292.2645411304546,4.233500788612016,3,Online,Smartphones,Ocasional,4.233500788612016,8.8,4,24.35537842753788,32.733299443041126,1,90.35395186291504,386.15999999999997,0.8284206461578066,88,1,0.8708061345603694,1,Alto,78.68077556399874
OCAS_0334,49.653055765281024,3.0782976517541174,218.81872128416984,12.164791743013126,3,Online,Gaming,Ocasional,12.164791743013126,7.0,2,18.234893440347488,55.72463699489338,0,156.03350253931134,-406.97999999999996,-1.9922187743302302,48,4,0.1105417046032216,0,Bajo,17.24820934590658
OCAS_0335,98.30938104117968,2.137536679125956,167.66194647101452,4.76142216118542,2,Online,Smartphones,Ocasional,4.76142216118542,4.1,5,13.971828872584544,103.69292837835968,0,27.602916217177206,-185.76999999999998,-1.4798268315837366,74,2,0.2508607771119141,0,Bajo,6.924489012796131
OCAS_0336,106.05250287602138,1.5332490810599757,352.2422167069003,8.276140003564729,5,Online,Gaming,Ocasional,8.276140003564729,9.3,5,29.35351805890836,110.6020059657772,0,225.7904681790963,134.72,0.7397320448056226,133,1,0.19526109499422198,0,Bajo,44.08809405590838
OCAS_0337,131.96293289889996,1.8284888544185771,285.70175617135465,4.158332318363085,3,Tienda,Accesorios,Ocasional,4.158332318363085,8.4,6,23.80847968094622,136.76139986651154,0,83.12979678338564,-564.63,-5.15079365079365,176,2,0.14629585889674943,0,Bajo,12.161545020337641
OCAS_0338,98.48920719236656,2.508088618640923,100.0,9.676629827583676,1,Online,Accesorios,Ocasional,9.676629827583676,8.4,1,8.333333333333334,92.67176420974266,1,68.00498000725294,-2010.37,-13.08718170058369,55,4,0.8985066671862756,1,Alto,61.102927938386145
OCAS_0339,71.74511167988095,2.0131527428955054,172.24829279439314,10.522719448391522,1,Tienda,Gaming,Ocasional,10.522719448391522,8.0,2,14.35402439953276,73.54691625696971,0,120.84731978982376,-6.549999999999997,-0.08920059921013206,85,3,0.1786343125966364,0,Bajo,21.587477899801062
OCAS_0340,90.00407461562851,1.5820087574617252,521.3110791331751,4.253177730795735,1,Online,Gaming,Ocasional,4.253177730795735,7.9,3,43.442589927764594,93.48861114332956,1,146.13785500153585,506.12,0.9143662378956497,95,1,0.7726893676652158,1,Alto,112.91916677308774
OCAS_0341,49.70947920217338,2.208458564824389,443.92357927335854,1.0,2,Tienda,Smartphones,Ocasional,1.0,10.0,2,36.99363160611321,70.50034631804593,0,36.99363160611321,-328.88,-0.9884983594491448,86,3,0.2427772758672245,0,Bajo,8.981213105767823
OCAS_0342,72.44503108440767,1.0,383.446268200052,1.0,4,Tienda,Accesorios,Ocasional,1.0,7.4,1,31.953855683337668,54.8988811221965,1,23.71124930322614,627.05,0.9275887573964496,51,1,0.8953272284997951,1,Alto,21.229327122925156
OCAS_0343,73.50975386528664,3.557457569876892,389.995322646741,9.13804793008658,4,App,Smartphones,Ocasional,9.13804793008658,9.2,0,32.49961022056175,82.0867497375595,0,271.89299677351124,-1695.54,-3.162159343048725,63,4,0.16977363551015698,0,Bajo,46.160262531990384
OCAS_0344,65.5022525266205,2.0214165862040283,356.8169408790757,2.9958327097809345,2,Tienda,Smartphones,Ocasional,2.9958327097809345,5.5,4,29.734745073256303,77.42211574245549,0,49.11779611080734,445.39,0.5332262833856369,84,3,0.43767834298333586,0,Medio,21.497795612771494
OCAS_0345,38.81801567004447,1.4176150732432435,348.1444434805049,11.23645733182024,2,Online,Smartphones,Ocasional,11.23645733182024,4.8,1,29.01203695670874,24.2511382400032,0,155.02286344892755,-88.03999999999996,-0.441879140734792,63,1,0.5348534676470722,1,Medio,82.91451608023746
OCAS_0346,81.08852063032742,3.1173147100473155,215.89943903826776,3.0604900893472013,5,Tienda,Accesorios,Ocasional,3.0604900893472013,8.9,5,17.991619919855648,77.05410023944876,0,48.84802134910755,-2138.3199999999997,-4.673376821884929,112,5,0.16677175866001168,0,Bajo,8.146470427452462
OCAS_0347,76.80320646189452,2.25743257794934,225.4214139336188,8.978035156220638,5,Online,Gaming,Ocasional,8.978035156220638,7.6,2,18.785117827801567,71.15801874285009,0,128.88718702770456,170.93,0.7860728010170013,58,2,0.2175692667342004,0,Bajo,28.041890773051428
OCAS_0348,72.01133084475578,1.89167605506788,100.0,12.232387362714942,2,Online,Gaming,Ocasional,12.232387362714942,5.2,5,8.333333333333334,68.13221401958471,1,52.80607158342164,8.419999999999995,0.08419999999999994,50,3,0.9352346679777148,1,Alto,49.38606882452878
OCAS_0349,143.39189262346602,1.7425182896714395,395.1303504079632,2.9848917112738285,4,App,Laptops,Ocasional,2.9848917112738285,3.8,2,32.92752920066359,144.68120327895136,1,37.07302027096948,0.0,0.0,128,2,0.9568545362911751,1,Alto,35.473487620291834
OCAS_0350,136.87712264071,2.0597865444319976,608.5240561888645,6.188254663196652,1,Online,Accesorios,Ocasional,6.188254663196652,7.8,4,50.71033801573871,110.98026834676784,0,245.1511359289728,-399.12,-0.32255251154849207,49,5,0.33617662458077846,0,Medio,82.41408138874567
OCAS_0351,80.26693526980326,2.519642311560226,297.7063103088922,5.511826102231785,2,Online,Gaming,Ocasional,5.511826102231785,5.9,3,24.808859192407684,83.17581648351147,1,80.2158217567088,221.51,0.5803721172299948,49,3,0.6998382021640519,1,Medio,56.13809648332713
OCAS_0352,51.87653968473317,2.712060695616118,252.97934642650532,5.554194931028084,3,App,Smartphones,Ocasional,5.554194931028084,4.2,1,21.081612202208778,62.56503689417399,0,49.0987121693531,117.33,0.8417993973310375,83,3,0.14654769226018854,0,Bajo,7.1953029613659325
OCAS_0353,101.25793515092452,2.063342770379978,350.453613838677,3.561878571776327,3,App,Gaming,Ocasional,3.561878571776327,8.6,2,29.204467819889743,100.41811268254932,0,88.944235495133,-176.95999999999992,-0.6835019131095598,104,4,0.24918001272534063,0,Bajo,22.163125732522936
OCAS_0354,57.22704785392514,2.75653987836097,414.1436576280132,5.398001868189672,2,Online,Smartphones,Ocasional,5.398001868189672,10.0,5,34.5119714690011,49.22879153889063,1,185.69893258778328,-1044.84,-2.8921457163272404,55,3,0.6184178982048106,1,Medio,114.83954358981374
OCAS_0355,121.44835363403608,1.622416449762102,353.3015747050995,17.57161403225747,1,Online,Laptops,Ocasional,17.57161403225747,6.0,2,29.441797892091625,134.41036295425727,0,311.84691480542864,-2493.5800000000004,-3.6055028937639073,60,3,0.12217871069831521,0,Bajo,38.10105398617461
OCAS_0356,78.15610312306175,1.212361310990722,369.9574027998276,6.08930261821075,2,Tienda,Laptops,Ocasional,6.08930261821075,5.6,3,30.8297835666523,68.88185330742047,0,105.07146922487208,604.87,0.5922825071588574,79,3,0.33928588537657767,0,Medio,35.64926646377855
OCAS_0357,50.265543231507,2.0256202746945737,265.4656722252824,5.049526549706245,3,Online,Accesorios,Ocasional,5.049526549706245,7.3,1,22.122139352106867,52.12497911287073,0,81.65376236121756,306.08,0.698516455903189,63,2,0.6233226488127341,1,Medio,50.896639440519664
OCAS_0358,57.59641374344346,1.896657292424187,167.3184520209942,2.861679676243352,2,Tienda,Gaming,Ocasional,2.861679676243352,5.2,3,13.943204335082852,52.92471149291202,1,20.68231034412703,-93.60999999999997,-0.5631464716798285,44,2,0.8696002107174466,1,Alto,17.98534143337649
OCAS_0359,107.3073436721177,1.0,400.7488896773964,11.275633225389136,6,App,Smartphones,Ocasional,11.275633225389136,9.3,6,33.3957408064497,106.73786075920972,1,349.28279854504007,521.71,0.8670744070867058,46,1,0.9162794094940954,1,Alto,320.0406363972944
OCAS_0360,74.40599532792282,3.399808776620017,220.6138918070675,9.428629995285917,1,Tienda,Gaming,Ocasional,9.428629995285917,7.8,2,18.38449098392229,60.96675561056932,0,135.39650411182816,-639.58,-6.361061484918793,90,3,0.13696913767996038,0,Bajo,18.545142413078313
OCAS_0361,64.92269275614976,2.0701001241359718,336.6516029266116,8.556893593854463,1,App,Gaming,Ocasional,8.556893593854463,8.8,0,28.054300243884292,62.290693808776105,1,210.63684229032089,-15.829999999999956,0.22403965943493062,58,2,0.3688739186244212,0,Medio,77.69843742230486
OCAS_0362,136.18699991775136,1.0,257.58830152630634,11.00999626343463,1,Online,Accesorios,Ocasional,11.00999626343463,8.0,0,21.465691793858863,146.36122944648395,1,188.78665078876875,-1515.1100000000001,-5.228233355949062,124,2,0.9414920765209238,1,Alto,177.7411358705484
OCAS_0363,37.70695778865924,1.2377116025553172,287.7346099873593,12.295367311806409,4,Online,Accesorios,Ocasional,12.295367311806409,7.1,3,23.97788416561328,40.44448658584503,0,208.08701254614127,-75.16999999999996,-0.3543915892697183,108,1,0.1599044603528872,0,Bajo,33.274041447635184
OCAS_0364,70.83657087155305,2.0501139225645946,481.1839266720568,12.624748176920956,2,App,Accesorios,Ocasional,12.624748176920956,9.9,2,40.09866055600474,78.02202304384188,0,501.6300369513703,0.0,0.0,51,4,0.25901512209211647,0,Bajo,129.92976526603206
OCAS_0365,82.05944377998787,1.2669655623963516,404.732967067671,9.162418789047168,1,Online,Accesorios,Ocasional,9.162418789047168,7.3,3,33.72774725563925,88.56581789102079,1,226.8587642248725,-855.8100000000001,-0.6047521355330003,47,3,0.6558649968357368,1,Medio,148.78872268050517
OCAS_0366,108.72156327842389,1.0537694646322453,362.6411926008417,8.17242129691334,1,Online,Gaming,Ocasional,8.17242129691334,5.5,2,30.220099383403475,105.31056971310488,0,135.25638087918352,342.96,0.967283393501805,96,1,0.2470190910935156,0,Bajo,33.410908269374275
OCAS_0367,78.99590440433028,2.2441957184433066,311.5829169483696,7.421448020849738,4,Tienda,Laptops,Ocasional,7.421448020849738,7.4,4,25.965243079030795,94.99650663214504,1,141.8673083083823,309.27,0.791176977111076,64,3,0.7880848679143282,1,Alto,111.80347892957273
OCAS_0368,82.16234867027512,2.355289112499668,355.9641148366702,8.789005176321659,2,Online,Accesorios,Ocasional,8.789005176321659,4.8,3,29.663676236389183,82.23128207299526,0,126.2809249206812,-79.06999999999996,-0.2238269601303734,76,3,0.6934281947150283,1,Medio,87.56675379469199
OCAS_0369,119.13902944068153,1.8022517077164688,265.3357418751108,12.841530436247051,5,Online,Smartphones,Ocasional,12.841530436247051,6.9,5,22.1113118229259,111.38220518575686,0,194.88356110662383,105.42999999999999,0.5686316811390971,151,1,0.22120742736458068,0,Bajo,43.10969118804431
OCAS_0370,74.46347688982479,1.145325602754889,271.78141466596287,1.0,4,Tienda,Accesorios,Ocasional,1.0,6.9,5,22.648451222163573,71.65179014380985,0,15.542137030142303,17.250000000000057,0.14176770333888056,49,2,0.5278333812199134,1,Medio,8.203658740003235
OCAS_0371,1.0,1.4829139702805092,110.46537066504678,9.601224372619278,1,Online,Smartphones,Ocasional,9.601224372619278,7.6,4,9.205447555420564,8.355270198839445,0,66.75941064922607,99.34,0.8183540654090123,44,1,0.13016417686822207,0,Bajo,8.68968373536413
OCAS_0372,89.19655565060084,3.2971660742832194,263.10533333749873,6.024008571374303,4,Online,Laptops,Ocasional,6.024008571374303,4.0,3,21.92544444479156,78.08372334669195,1,52.70323835701783,30.21999999999999,0.06544653773799514,57,4,0.6001733772421518,1,Medio,31.631080556329508
OCAS_0373,98.83987376656292,1.5262669360132968,321.5398985265737,8.27357544254665,5,Online,Smartphones,Ocasional,8.27357544254665,4.5,4,26.794991543881142,81.30974367113762,1,99.23432619963646,-149.55999999999997,-1.0859715364507696,64,2,0.8471763452612793,1,Alto,84.06897379427363
OCAS_0374,85.5367105341198,2.3716119855077795,105.4679372120965,11.21111378922408,1,Tienda,Laptops,Ocasional,11.21111378922408,6.8,3,8.788994767674708,93.36412902508836,1,67.33024020745216,-2018.56,-8.07424,61,5,0.935178673605353,1,Alto,62.965804730734924
OCAS_0375,53.884463372474,1.8505477036279476,202.4907329400976,2.599127612351653,2,Tienda,Smartphones,Ocasional,2.599127612351653,5.3,1,16.874227745008135,42.59981342617682,1,23.23724853608796,-49.099999999999994,-0.5296150283800791,56,2,0.8554440970476392,1,Alto,19.878167091825343
OCAS_0376,65.85110536951757,2.5110071726442755,149.45698941615183,9.601412716984052,4,Online,Smartphones,Ocasional,9.601412716984052,8.6,2,12.454749118012652,54.65831606896332,0,102.27536178777387,71.85,0.5866198698948241,73,2,0.23016929378275605,0,Bajo,23.540647794067787
OCAS_0377,88.26224496324681,1.0,131.9567002805741,9.009319893486705,2,Online,Gaming,Ocasional,9.009319893486705,7.1,4,10.996391690047842,105.50611101706842,1,70.26687712846167,132.05,0.6227892279394426,77,2,0.9617442060759717,1,Alto,67.57876195735022
OCAS_0378,92.04077065605912,1.684822945318901,315.43604208818846,11.269607487929171,3,Tienda,Gaming,Ocasional,11.269607487929171,7.5,3,26.28633684068237,103.8051390117312,1,221.2782356619344,377.33,0.9701745815442367,162,1,0.9050701828420169,1,Alto,200.27233320950586
OCAS_0379,30.37435402325745,1.8174259724523756,401.3554537567504,10.986739424378715,2,Online,Smartphones,Ocasional,10.986739424378715,5.7,1,33.44628781306253,47.19365032504999,0,208.7172264368668,182.52,0.9402431485678961,50,1,0.19009503829310642,0,Bajo,39.67610915194716
OCAS_0380,65.63591411573438,2.928761681987239,297.90970708038617,9.503564683795195,4,App,Gaming,Ocasional,9.503564683795195,9.0,1,24.825808923365518,46.62221777176299,0,211.98957722717927,-47.89,-0.17311178355013043,43,5,0.19111736143507183,0,Bajo,40.51488865139489
OCAS_0381,92.91138448290091,1.334553765107079,324.2084350036394,3.658931766411891,4,Tienda,Laptops,Ocasional,3.658931766411891,5.7,4,27.01736958363662,81.0396739360548,1,56.48036216254112,-2496.51,-4.424028811300941,75,2,0.9208710507856188,1,Alto,52.01113045337155
OCAS_0382,108.16854385829188,1.3870774700576038,213.45951209830665,9.994176126640514,4,Online,Accesorios,Ocasional,9.994176126640514,6.1,3,17.788292674858884,115.04918625072536,0,108.38487625811008,144.63,0.6439161212768799,151,1,0.28025765518705564,0,Bajo,30.37569127783711
OCAS_0383,118.68093321274728,2.4445850552824018,265.9883054432434,5.331107052453408,1,Tienda,Gaming,Ocasional,5.331107052453408,7.7,5,22.165692120270283,101.48537207105169,0,90.50964772505476,-1417.5900000000001,-7.805682506469909,96,3,0.16590538997931123,0,Bajo,15.01603840271529
OCAS_0384,84.58632949087446,2.095370112779743,263.75375317176554,11.650031831516634,4,Tienda,Accesorios,Ocasional,11.650031831516634,9.5,1,21.97947943098046,86.41853671221251,1,244.3860409753808,-1908.93,-5.8333503928083825,47,4,0.3621479667476578,0,Medio,88.50390784074395
OCAS_0385,62.505043134817605,2.562450716968595,399.4141477103963,3.284091599158129,1,Online,Laptops,Ocasional,3.284091599158129,5.3,3,33.28451230919969,62.0765389471751,0,58.10975222409229,-369.04,-0.6741557163813113,94,2,0.2740120752518259,0,Bajo,15.922773799292935
OCAS_0386,53.91461751029096,2.026726256299978,143.73517921482983,6.30875145882483,4,Online,Accesorios,Ocasional,6.30875145882483,7.3,1,11.977931601235818,44.9970138649155,0,55.37111596967822,-617.23,-10.824798316380217,54,2,0.18770471596403954,0,Bajo,10.393419595700344
OCAS_0387,90.8055342121375,2.6415263337025072,395.07573319363576,2.572703397787051,5,App,Gaming,Ocasional,2.572703397787051,5.8,0,32.92297776613631,84.6557950243076,0,49.33081820445057,77.63000000000001,0.7787921348314607,95,2,0.19668336939982636,0,Bajo,9.70255153970163
OCAS_0388,79.53017932013212,2.396456418433147,487.6752447334079,10.649470214549083,1,Online,Laptops,Ocasional,10.649470214549083,7.5,0,40.63960372778399,78.77827608001891,1,323.3958014563959,-393.64,-0.6287395899287485,48,2,0.6063917455036939,1,Medio,196.10454453370994
OCAS_0389,85.70036189414748,1.0,500.38871608346847,4.16853841828528,4,Online,Laptops,Ocasional,4.16853841828528,7.2,4,41.69905967362237,67.79299465693342,1,124.6448109885552,168.09000000000003,0.31219821747332166,64,3,0.878375566593362,1,Alto,109.48495647499469
OCAS_0390,78.96631077351005,1.2940900968496272,264.1249618544605,9.519305312156977,6,Online,Laptops,Ocasional,9.519305312156977,6.8,13,22.010413487871705,86.82823674825877,1,143.42511670284284,228.01000000000002,0.951587997162055,106,1,0.9260863897644672,1,Alto,132.8240485288831
OCAS_0391,121.8394098474284,1.2852647313285717,270.0593945890478,6.200534797159328,3,Online,Laptops,Ocasional,6.200534797159328,7.1,2,22.50494954908732,112.73134541220443,1,98.68234982226656,0.0,0.0,67,2,0.5484764501669139,1,Medio,54.12494492464635
OCAS_0392,44.46623682270842,2.772762005095383,416.79533751388,12.965481192897638,6,Tienda,Smartphones,Ocasional,12.965481192897638,5.8,0,34.73294479282333,49.84613598108733,0,262.97125515209365,-68.38999999999996,0.2221780732645485,50,4,0.15369719032654522,0,Bajo,40.417943053521824
OCAS_0393,54.66001864103034,2.75856479585868,195.178798442248,4.727684050776092,3,Online,Laptops,Ocasional,4.727684050776092,6.0,1,16.26489987018733,63.9294225142166,0,46.11937204515719,-151.03999999999996,-1.2229549696399327,50,3,0.4495297587597147,0,Medio,20.73203018960904
OCAS_0394,71.9857209251527,2.169193627705534,264.8022981676796,19.36729424366871,4,Online,Accesorios,Ocasional,19.36729424366871,5.9,2,22.066858180639965,51.43819186966923,1,250.4981797381556,-1596.99,-4.899593513098318,51,6,0.6787758509344001,1,Medio,170.03211510928486
OCAS_0395,86.26029899823666,1.576313440344353,190.30909048114768,10.241658528834822,4,Tienda,Smartphones,Ocasional,10.241658528834822,7.5,3,15.859090873428974,85.63004604329184,1,121.1643438271703,227.27000000000004,0.8488591037603337,49,3,0.8800171452072103,1,Alto,106.62669995569128
OCAS_0396,29.802714687138906,2.4974260239256267,100.0,13.180115932856936,2,App,Gaming,Ocasional,13.180115932856936,6.6,0,8.333333333333334,24.542472904126207,0,72.4544175767688,-9.770000000000003,-0.15033986096731258,91,2,0.06816099399403451,0,Bajo,4.938565121291407
OCAS_0397,64.39357817756803,2.6461124647083927,158.75993797162738,10.724648258384654,5,Online,Gaming,Ocasional,10.724648258384654,7.9,2,13.229994830968948,65.27436739610215,0,112.1957589563184,-774.37,-5.313246922418833,64,4,0.14990913568655254,0,Bajo,16.819169252838478
OCAS_0398,52.971175324272046,1.0,109.38821963306106,9.398465445381094,1,Online,Smartphones,Ocasional,9.398465445381094,5.9,1,9.115684969421755,55.82379458607006,0,50.19385311608922,-15.019999999999982,-0.05516785425696019,102,1,0.2540321471927629,0,Bajo,12.750852282958299
OCAS_0399,31.40763732356908,2.567680817121184,100.0,4.8386744732061295,3,App,Accesorios,Ocasional,4.8386744732061295,6.0,0,8.333333333333334,39.53943524505654,1,24.0348834746076,-231.26999999999998,-1.5750368022053756,90,3,0.30825219507291546,0,Medio,7.408805589369534
OCAS_0400,34.93521754812287,1.9297489530761816,101.56894301865734,4.74825232517731,1,Online,Laptops,Ocasional,4.74825232517731,5.5,1,8.464078584888112,22.61677831971696,1,21.94538393201441,-3936.92,-19.346950862895493,49,5,0.9461616102970423,1,Alto,20.76387979970159
